Copyright 1986-2022 Xilinx, Inc. All Rights Reserved. Copyright 2022-2023 Advanced Micro Devices, Inc. All Rights Reserved.
------------------------------------------------------------------------------------------------------------------------------------------------------------------------------------------------------------------------------------------------------------------
| Tool Version : Vivado v.2023.1 (win64) Build 3865809 Sun May  7 15:05:29 MDT 2023
| Date         : Sun Sep 20 18:12:05 2026
| Host         : JC-DellPrem running 64-bit major release  (build 9200)
| Command      : report_timing_summary -max_paths 10 -report_unconstrained -file axi_gpio_ext_jp_wrapper_timing_summary_routed.rpt -pb axi_gpio_ext_jp_wrapper_timing_summary_routed.pb -rpx axi_gpio_ext_jp_wrapper_timing_summary_routed.rpx -warn_on_violation
| Design       : axi_gpio_ext_jp_wrapper
| Device       : 7z010-clg400
| Speed File   : -1  PRODUCTION 1.12 2019-11-22
| Design State : Routed
------------------------------------------------------------------------------------------------------------------------------------------------------------------------------------------------------------------------------------------------------------------

Timing Summary Report

------------------------------------------------------------------------------------------------
| Timer Settings
| --------------
------------------------------------------------------------------------------------------------

  Enable Multi Corner Analysis               :  Yes
  Enable Pessimism Removal                   :  Yes
  Pessimism Removal Resolution               :  Nearest Common Node
  Enable Input Delay Default Clock           :  No
  Enable Preset / Clear Arcs                 :  No
  Disable Flight Delays                      :  No
  Ignore I/O Paths                           :  No
  Timing Early Launch at Borrowing Latches   :  No
  Borrow Time for Max Delay Exceptions       :  Yes
  Merge Timing Exceptions                    :  Yes

  Corner  Analyze    Analyze    
  Name    Max Paths  Min Paths  
  ------  ---------  ---------  
  Slow    Yes        Yes        
  Fast    Yes        Yes        


------------------------------------------------------------------------------------------------
| Report Methodology
| ------------------
------------------------------------------------------------------------------------------------

Rule       Severity  Description                    Violations  
---------  --------  -----------------------------  ----------  
TIMING-18  Warning   Missing input or output delay  11          

Note: This report is based on the most recent report_methodology run and may not be up-to-date. Run report_methodology on the current design for the latest report.



check_timing report

Table of Contents
-----------------
1. checking no_clock (0)
2. checking constant_clock (0)
3. checking pulse_width_clock (0)
4. checking unconstrained_internal_endpoints (0)
5. checking no_input_delay (4)
6. checking no_output_delay (7)
7. checking multiple_clock (0)
8. checking generated_clocks (0)
9. checking loops (0)
10. checking partial_input_delay (0)
11. checking partial_output_delay (0)
12. checking latch_loops (0)

1. checking no_clock (0)
------------------------
 There are 0 register/latch pins with no clock.


2. checking constant_clock (0)
------------------------------
 There are 0 register/latch pins with constant_clock.


3. checking pulse_width_clock (0)
---------------------------------
 There are 0 register/latch pins which need pulse_width check


4. checking unconstrained_internal_endpoints (0)
------------------------------------------------
 There are 0 pins that are not constrained for maximum delay.

 There are 0 pins that are not constrained for maximum delay due to constant clock.


5. checking no_input_delay (4)
------------------------------
 There are 4 input ports with no input delay specified. (HIGH)

 There are 0 input ports with no input delay but user has a false path constraint.


6. checking no_output_delay (7)
-------------------------------
 There are 7 ports with no output delay specified. (HIGH)

 There are 0 ports with no output delay but user has a false path constraint

 There are 0 ports with no output delay but with a timing clock defined on it or propagating through it


7. checking multiple_clock (0)
------------------------------
 There are 0 register/latch pins with multiple clocks.


8. checking generated_clocks (0)
--------------------------------
 There are 0 generated clocks that are not connected to a clock source.


9. checking loops (0)
---------------------
 There are 0 combinational loops in the design.


10. checking partial_input_delay (0)
------------------------------------
 There are 0 input ports with partial input delay specified.


11. checking partial_output_delay (0)
-------------------------------------
 There are 0 ports with partial output delay specified.


12. checking latch_loops (0)
----------------------------
 There are 0 combinational latch loops in the design through latch input



------------------------------------------------------------------------------------------------
| Design Timing Summary
| ---------------------
------------------------------------------------------------------------------------------------

    WNS(ns)      TNS(ns)  TNS Failing Endpoints  TNS Total Endpoints      WHS(ns)      THS(ns)  THS Failing Endpoints  THS Total Endpoints     WPWS(ns)     TPWS(ns)  TPWS Failing Endpoints  TPWS Total Endpoints  
    -------      -------  ---------------------  -------------------      -------      -------  ---------------------  -------------------     --------     --------  ----------------------  --------------------  
     12.305        0.000                      0                 1804        0.102        0.000                      0                 1804        9.020        0.000                       0                   913  


All user specified timing constraints are met.


------------------------------------------------------------------------------------------------
| Clock Summary
| -------------
------------------------------------------------------------------------------------------------

Clock       Waveform(ns)       Period(ns)      Frequency(MHz)
-----       ------------       ----------      --------------
clk_fpga_0  {0.000 10.000}     20.000          50.000          


------------------------------------------------------------------------------------------------
| Intra Clock Table
| -----------------
------------------------------------------------------------------------------------------------

Clock             WNS(ns)      TNS(ns)  TNS Failing Endpoints  TNS Total Endpoints      WHS(ns)      THS(ns)  THS Failing Endpoints  THS Total Endpoints     WPWS(ns)     TPWS(ns)  TPWS Failing Endpoints  TPWS Total Endpoints  
-----             -------      -------  ---------------------  -------------------      -------      -------  ---------------------  -------------------     --------     --------  ----------------------  --------------------  
clk_fpga_0         12.305        0.000                      0                 1804        0.102        0.000                      0                 1804        9.020        0.000                       0                   913  


------------------------------------------------------------------------------------------------
| Inter Clock Table
| -----------------
------------------------------------------------------------------------------------------------

From Clock    To Clock          WNS(ns)      TNS(ns)  TNS Failing Endpoints  TNS Total Endpoints      WHS(ns)      THS(ns)  THS Failing Endpoints  THS Total Endpoints  
----------    --------          -------      -------  ---------------------  -------------------      -------      -------  ---------------------  -------------------  


------------------------------------------------------------------------------------------------
| Other Path Groups Table
| -----------------------
------------------------------------------------------------------------------------------------

Path Group    From Clock    To Clock          WNS(ns)      TNS(ns)  TNS Failing Endpoints  TNS Total Endpoints      WHS(ns)      THS(ns)  THS Failing Endpoints  THS Total Endpoints  
----------    ----------    --------          -------      -------  ---------------------  -------------------      -------      -------  ---------------------  -------------------  


------------------------------------------------------------------------------------------------
| User Ignored Path Table
| -----------------------
------------------------------------------------------------------------------------------------

Path Group    From Clock    To Clock    
----------    ----------    --------    
(none)                      clk_fpga_0    


------------------------------------------------------------------------------------------------
| Unconstrained Path Table
| ------------------------
------------------------------------------------------------------------------------------------

Path Group    From Clock    To Clock    
----------    ----------    --------    
(none)        clk_fpga_0                  


------------------------------------------------------------------------------------------------
| Timing Details
| --------------
------------------------------------------------------------------------------------------------


---------------------------------------------------------------------------------------------------
From Clock:  clk_fpga_0
  To Clock:  clk_fpga_0

Setup :            0  Failing Endpoints,  Worst Slack       12.305ns,  Total Violation        0.000ns
Hold  :            0  Failing Endpoints,  Worst Slack        0.102ns,  Total Violation        0.000ns
PW    :            0  Failing Endpoints,  Worst Slack        9.020ns,  Total Violation        0.000ns
---------------------------------------------------------------------------------------------------


Max Delay Paths
--------------------------------------------------------------------------------------
Slack (MET) :             12.305ns  (required time - arrival time)
  Source:                 axi_gpio_ext_jp_i/ps7_0_axi_periph/s00_couplers/auto_pc/inst/gen_axilite.gen_b2s_conv.axilite_b2s/SI_REG/aw.aw_pipe/m_payload_i_reg[39]/C
                            (rising edge-triggered cell FDRE clocked by clk_fpga_0  {rise@0.000ns fall@10.000ns period=20.000ns})
  Destination:            axi_gpio_ext_jp_i/ps7_0_axi_periph/s00_couplers/auto_pc/inst/gen_axilite.gen_b2s_conv.axilite_b2s/WR.aw_channel_0/cmd_translator_0/incr_cmd_0/axaddr_incr_reg[8]/D
                            (rising edge-triggered cell FDRE clocked by clk_fpga_0  {rise@0.000ns fall@10.000ns period=20.000ns})
  Path Group:             clk_fpga_0
  Path Type:              Setup (Max at Slow Process Corner)
  Requirement:            20.000ns  (clk_fpga_0 rise@20.000ns - clk_fpga_0 rise@0.000ns)
  Data Path Delay:        7.402ns  (logic 2.594ns (35.046%)  route 4.808ns (64.954%))
  Logic Levels:           8  (CARRY4=3 LUT3=3 LUT4=1 LUT6=1)
  Clock Path Skew:        -0.066ns (DCD - SCD + CPR)
    Destination Clock Delay (DCD):    2.737ns = ( 22.737 - 20.000 ) 
    Source Clock Delay      (SCD):    3.034ns
    Clock Pessimism Removal (CPR):    0.230ns
  Clock Uncertainty:      0.302ns  ((TSJ^2 + TIJ^2)^1/2 + DJ) / 2 + PE
    Total System Jitter     (TSJ):    0.071ns
    Total Input Jitter      (TIJ):    0.600ns
    Discrete Jitter          (DJ):    0.000ns
    Phase Error              (PE):    0.000ns

    Location             Delay type                Incr(ns)  Path(ns)    Netlist Resource(s)
  -------------------------------------------------------------------    -------------------
                         (clock clk_fpga_0 rise edge)
                                                      0.000     0.000 r  
    PS7_X0Y0             PS7                          0.000     0.000 r  axi_gpio_ext_jp_i/processing_system7_0/inst/PS7_i/FCLKCLK[0]
                         net (fo=1, routed)           1.207     1.207    axi_gpio_ext_jp_i/processing_system7_0/inst/FCLK_CLK_unbuffered[0]
    BUFGCTRL_X0Y0        BUFG (Prop_bufg_I_O)         0.101     1.308 r  axi_gpio_ext_jp_i/processing_system7_0/inst/buffer_fclk_clk_0.FCLK_CLK_0_BUFG/O
                         net (fo=913, routed)         1.726     3.034    axi_gpio_ext_jp_i/ps7_0_axi_periph/s00_couplers/auto_pc/inst/gen_axilite.gen_b2s_conv.axilite_b2s/SI_REG/aw.aw_pipe/aclk
    SLICE_X4Y40          FDRE                                         r  axi_gpio_ext_jp_i/ps7_0_axi_periph/s00_couplers/auto_pc/inst/gen_axilite.gen_b2s_conv.axilite_b2s/SI_REG/aw.aw_pipe/m_payload_i_reg[39]/C
  -------------------------------------------------------------------    -------------------
    SLICE_X4Y40          FDRE (Prop_fdre_C_Q)         0.478     3.512 r  axi_gpio_ext_jp_i/ps7_0_axi_periph/s00_couplers/auto_pc/inst/gen_axilite.gen_b2s_conv.axilite_b2s/SI_REG/aw.aw_pipe/m_payload_i_reg[39]/Q
                         net (fo=7, routed)           0.784     4.296    axi_gpio_ext_jp_i/ps7_0_axi_periph/s00_couplers/auto_pc/inst/gen_axilite.gen_b2s_conv.axilite_b2s/WR.aw_channel_0/cmd_translator_0/axlen_cnt_reg[3][11]
    SLICE_X8Y35          LUT3 (Prop_lut3_I1_O)        0.301     4.597 f  axi_gpio_ext_jp_i/ps7_0_axi_periph/s00_couplers/auto_pc/inst/gen_axilite.gen_b2s_conv.axilite_b2s/WR.aw_channel_0/cmd_translator_0/FSM_sequential_state[1]_i_2/O
                         net (fo=3, routed)           1.016     5.614    axi_gpio_ext_jp_i/ps7_0_axi_periph/s00_couplers/auto_pc/inst/gen_axilite.gen_b2s_conv.axilite_b2s/WR.aw_channel_0/aw_cmd_fsm_0/FSM_sequential_state_reg[1]_0
    SLICE_X9Y41          LUT6 (Prop_lut6_I3_O)        0.124     5.738 r  axi_gpio_ext_jp_i/ps7_0_axi_periph/s00_couplers/auto_pc/inst/gen_axilite.gen_b2s_conv.axilite_b2s/WR.aw_channel_0/aw_cmd_fsm_0/memory_reg[3][0]_srl4_i_1/O
                         net (fo=30, routed)          1.022     6.760    axi_gpio_ext_jp_i/ps7_0_axi_periph/s00_couplers/auto_pc/inst/gen_axilite.gen_b2s_conv.axilite_b2s/WR.aw_channel_0/aw_cmd_fsm_0/m_axi_awready_0
    SLICE_X7Y35          LUT3 (Prop_lut3_I2_O)        0.152     6.912 r  axi_gpio_ext_jp_i/ps7_0_axi_periph/s00_couplers/auto_pc/inst/gen_axilite.gen_b2s_conv.axilite_b2s/WR.aw_channel_0/aw_cmd_fsm_0/next_pending_r_i_3/O
                         net (fo=23, routed)          1.177     8.088    axi_gpio_ext_jp_i/ps7_0_axi_periph/s00_couplers/auto_pc/inst/gen_axilite.gen_b2s_conv.axilite_b2s/WR.aw_channel_0/cmd_translator_0/incr_cmd_0/next
    SLICE_X3Y38          LUT4 (Prop_lut4_I3_O)        0.326     8.414 r  axi_gpio_ext_jp_i/ps7_0_axi_periph/s00_couplers/auto_pc/inst/gen_axilite.gen_b2s_conv.axilite_b2s/WR.aw_channel_0/cmd_translator_0/incr_cmd_0/axaddr_incr[3]_i_9/O
                         net (fo=1, routed)           0.000     8.414    axi_gpio_ext_jp_i/ps7_0_axi_periph/s00_couplers/auto_pc/inst/gen_axilite.gen_b2s_conv.axilite_b2s/SI_REG/aw.aw_pipe/axaddr_incr_reg[3][1]
    SLICE_X3Y38          CARRY4 (Prop_carry4_S[1]_CO[3])
                                                      0.550     8.964 r  axi_gpio_ext_jp_i/ps7_0_axi_periph/s00_couplers/auto_pc/inst/gen_axilite.gen_b2s_conv.axilite_b2s/SI_REG/aw.aw_pipe/axaddr_incr_reg[3]_i_2/CO[3]
                         net (fo=1, routed)           0.000     8.964    axi_gpio_ext_jp_i/ps7_0_axi_periph/s00_couplers/auto_pc/inst/gen_axilite.gen_b2s_conv.axilite_b2s/SI_REG/aw.aw_pipe/axaddr_incr_reg[3]_i_2_n_0
    SLICE_X3Y39          CARRY4 (Prop_carry4_CI_CO[3])
                                                      0.114     9.078 r  axi_gpio_ext_jp_i/ps7_0_axi_periph/s00_couplers/auto_pc/inst/gen_axilite.gen_b2s_conv.axilite_b2s/SI_REG/aw.aw_pipe/axaddr_incr_reg[7]_i_2/CO[3]
                         net (fo=1, routed)           0.000     9.078    axi_gpio_ext_jp_i/ps7_0_axi_periph/s00_couplers/auto_pc/inst/gen_axilite.gen_b2s_conv.axilite_b2s/SI_REG/aw.aw_pipe/axaddr_incr_reg[7]_i_2_n_0
    SLICE_X3Y40          CARRY4 (Prop_carry4_CI_O[0])
                                                      0.222     9.300 r  axi_gpio_ext_jp_i/ps7_0_axi_periph/s00_couplers/auto_pc/inst/gen_axilite.gen_b2s_conv.axilite_b2s/SI_REG/aw.aw_pipe/axaddr_incr_reg[11]_i_3/O[0]
                         net (fo=1, routed)           0.808    10.109    axi_gpio_ext_jp_i/ps7_0_axi_periph/s00_couplers/auto_pc/inst/gen_axilite.gen_b2s_conv.axilite_b2s/WR.aw_channel_0/cmd_translator_0/incr_cmd_0/axaddr_incr[8]
    SLICE_X1Y40          LUT3 (Prop_lut3_I0_O)        0.327    10.436 r  axi_gpio_ext_jp_i/ps7_0_axi_periph/s00_couplers/auto_pc/inst/gen_axilite.gen_b2s_conv.axilite_b2s/WR.aw_channel_0/cmd_translator_0/incr_cmd_0/axaddr_incr[8]_i_1/O
                         net (fo=1, routed)           0.000    10.436    axi_gpio_ext_jp_i/ps7_0_axi_periph/s00_couplers/auto_pc/inst/gen_axilite.gen_b2s_conv.axilite_b2s/WR.aw_channel_0/cmd_translator_0/incr_cmd_0/p_1_in[8]
    SLICE_X1Y40          FDRE                                         r  axi_gpio_ext_jp_i/ps7_0_axi_periph/s00_couplers/auto_pc/inst/gen_axilite.gen_b2s_conv.axilite_b2s/WR.aw_channel_0/cmd_translator_0/incr_cmd_0/axaddr_incr_reg[8]/D
  -------------------------------------------------------------------    -------------------

                         (clock clk_fpga_0 rise edge)
                                                     20.000    20.000 r  
    PS7_X0Y0             PS7                          0.000    20.000 r  axi_gpio_ext_jp_i/processing_system7_0/inst/PS7_i/FCLKCLK[0]
                         net (fo=1, routed)           1.101    21.101    axi_gpio_ext_jp_i/processing_system7_0/inst/FCLK_CLK_unbuffered[0]
    BUFGCTRL_X0Y0        BUFG (Prop_bufg_I_O)         0.091    21.192 r  axi_gpio_ext_jp_i/processing_system7_0/inst/buffer_fclk_clk_0.FCLK_CLK_0_BUFG/O
                         net (fo=913, routed)         1.545    22.738    axi_gpio_ext_jp_i/ps7_0_axi_periph/s00_couplers/auto_pc/inst/gen_axilite.gen_b2s_conv.axilite_b2s/WR.aw_channel_0/cmd_translator_0/incr_cmd_0/aclk
    SLICE_X1Y40          FDRE                                         r  axi_gpio_ext_jp_i/ps7_0_axi_periph/s00_couplers/auto_pc/inst/gen_axilite.gen_b2s_conv.axilite_b2s/WR.aw_channel_0/cmd_translator_0/incr_cmd_0/axaddr_incr_reg[8]/C
                         clock pessimism              0.230    22.968    
                         clock uncertainty           -0.302    22.666    
    SLICE_X1Y40          FDRE (Setup_fdre_C_D)        0.075    22.741    axi_gpio_ext_jp_i/ps7_0_axi_periph/s00_couplers/auto_pc/inst/gen_axilite.gen_b2s_conv.axilite_b2s/WR.aw_channel_0/cmd_translator_0/incr_cmd_0/axaddr_incr_reg[8]
  -------------------------------------------------------------------
                         required time                         22.741    
                         arrival time                         -10.436    
  -------------------------------------------------------------------
                         slack                                 12.305    

Slack (MET) :             12.333ns  (required time - arrival time)
  Source:                 axi_gpio_ext_jp_i/ps7_0_axi_periph/s00_couplers/auto_pc/inst/gen_axilite.gen_b2s_conv.axilite_b2s/SI_REG/aw.aw_pipe/m_payload_i_reg[39]/C
                            (rising edge-triggered cell FDRE clocked by clk_fpga_0  {rise@0.000ns fall@10.000ns period=20.000ns})
  Destination:            axi_gpio_ext_jp_i/ps7_0_axi_periph/s00_couplers/auto_pc/inst/gen_axilite.gen_b2s_conv.axilite_b2s/WR.aw_channel_0/cmd_translator_0/incr_cmd_0/axaddr_incr_reg[9]/D
                            (rising edge-triggered cell FDRE clocked by clk_fpga_0  {rise@0.000ns fall@10.000ns period=20.000ns})
  Path Group:             clk_fpga_0
  Path Type:              Setup (Max at Slow Process Corner)
  Requirement:            20.000ns  (clk_fpga_0 rise@20.000ns - clk_fpga_0 rise@0.000ns)
  Data Path Delay:        7.374ns  (logic 2.710ns (36.749%)  route 4.664ns (63.251%))
  Logic Levels:           8  (CARRY4=3 LUT3=3 LUT4=1 LUT6=1)
  Clock Path Skew:        -0.066ns (DCD - SCD + CPR)
    Destination Clock Delay (DCD):    2.737ns = ( 22.737 - 20.000 ) 
    Source Clock Delay      (SCD):    3.034ns
    Clock Pessimism Removal (CPR):    0.230ns
  Clock Uncertainty:      0.302ns  ((TSJ^2 + TIJ^2)^1/2 + DJ) / 2 + PE
    Total System Jitter     (TSJ):    0.071ns
    Total Input Jitter      (TIJ):    0.600ns
    Discrete Jitter          (DJ):    0.000ns
    Phase Error              (PE):    0.000ns

    Location             Delay type                Incr(ns)  Path(ns)    Netlist Resource(s)
  -------------------------------------------------------------------    -------------------
                         (clock clk_fpga_0 rise edge)
                                                      0.000     0.000 r  
    PS7_X0Y0             PS7                          0.000     0.000 r  axi_gpio_ext_jp_i/processing_system7_0/inst/PS7_i/FCLKCLK[0]
                         net (fo=1, routed)           1.207     1.207    axi_gpio_ext_jp_i/processing_system7_0/inst/FCLK_CLK_unbuffered[0]
    BUFGCTRL_X0Y0        BUFG (Prop_bufg_I_O)         0.101     1.308 r  axi_gpio_ext_jp_i/processing_system7_0/inst/buffer_fclk_clk_0.FCLK_CLK_0_BUFG/O
                         net (fo=913, routed)         1.726     3.034    axi_gpio_ext_jp_i/ps7_0_axi_periph/s00_couplers/auto_pc/inst/gen_axilite.gen_b2s_conv.axilite_b2s/SI_REG/aw.aw_pipe/aclk
    SLICE_X4Y40          FDRE                                         r  axi_gpio_ext_jp_i/ps7_0_axi_periph/s00_couplers/auto_pc/inst/gen_axilite.gen_b2s_conv.axilite_b2s/SI_REG/aw.aw_pipe/m_payload_i_reg[39]/C
  -------------------------------------------------------------------    -------------------
    SLICE_X4Y40          FDRE (Prop_fdre_C_Q)         0.478     3.512 r  axi_gpio_ext_jp_i/ps7_0_axi_periph/s00_couplers/auto_pc/inst/gen_axilite.gen_b2s_conv.axilite_b2s/SI_REG/aw.aw_pipe/m_payload_i_reg[39]/Q
                         net (fo=7, routed)           0.784     4.296    axi_gpio_ext_jp_i/ps7_0_axi_periph/s00_couplers/auto_pc/inst/gen_axilite.gen_b2s_conv.axilite_b2s/WR.aw_channel_0/cmd_translator_0/axlen_cnt_reg[3][11]
    SLICE_X8Y35          LUT3 (Prop_lut3_I1_O)        0.301     4.597 f  axi_gpio_ext_jp_i/ps7_0_axi_periph/s00_couplers/auto_pc/inst/gen_axilite.gen_b2s_conv.axilite_b2s/WR.aw_channel_0/cmd_translator_0/FSM_sequential_state[1]_i_2/O
                         net (fo=3, routed)           1.016     5.614    axi_gpio_ext_jp_i/ps7_0_axi_periph/s00_couplers/auto_pc/inst/gen_axilite.gen_b2s_conv.axilite_b2s/WR.aw_channel_0/aw_cmd_fsm_0/FSM_sequential_state_reg[1]_0
    SLICE_X9Y41          LUT6 (Prop_lut6_I3_O)        0.124     5.738 r  axi_gpio_ext_jp_i/ps7_0_axi_periph/s00_couplers/auto_pc/inst/gen_axilite.gen_b2s_conv.axilite_b2s/WR.aw_channel_0/aw_cmd_fsm_0/memory_reg[3][0]_srl4_i_1/O
                         net (fo=30, routed)          1.022     6.760    axi_gpio_ext_jp_i/ps7_0_axi_periph/s00_couplers/auto_pc/inst/gen_axilite.gen_b2s_conv.axilite_b2s/WR.aw_channel_0/aw_cmd_fsm_0/m_axi_awready_0
    SLICE_X7Y35          LUT3 (Prop_lut3_I2_O)        0.152     6.912 r  axi_gpio_ext_jp_i/ps7_0_axi_periph/s00_couplers/auto_pc/inst/gen_axilite.gen_b2s_conv.axilite_b2s/WR.aw_channel_0/aw_cmd_fsm_0/next_pending_r_i_3/O
                         net (fo=23, routed)          1.177     8.088    axi_gpio_ext_jp_i/ps7_0_axi_periph/s00_couplers/auto_pc/inst/gen_axilite.gen_b2s_conv.axilite_b2s/WR.aw_channel_0/cmd_translator_0/incr_cmd_0/next
    SLICE_X3Y38          LUT4 (Prop_lut4_I3_O)        0.326     8.414 r  axi_gpio_ext_jp_i/ps7_0_axi_periph/s00_couplers/auto_pc/inst/gen_axilite.gen_b2s_conv.axilite_b2s/WR.aw_channel_0/cmd_translator_0/incr_cmd_0/axaddr_incr[3]_i_9/O
                         net (fo=1, routed)           0.000     8.414    axi_gpio_ext_jp_i/ps7_0_axi_periph/s00_couplers/auto_pc/inst/gen_axilite.gen_b2s_conv.axilite_b2s/SI_REG/aw.aw_pipe/axaddr_incr_reg[3][1]
    SLICE_X3Y38          CARRY4 (Prop_carry4_S[1]_CO[3])
                                                      0.550     8.964 r  axi_gpio_ext_jp_i/ps7_0_axi_periph/s00_couplers/auto_pc/inst/gen_axilite.gen_b2s_conv.axilite_b2s/SI_REG/aw.aw_pipe/axaddr_incr_reg[3]_i_2/CO[3]
                         net (fo=1, routed)           0.000     8.964    axi_gpio_ext_jp_i/ps7_0_axi_periph/s00_couplers/auto_pc/inst/gen_axilite.gen_b2s_conv.axilite_b2s/SI_REG/aw.aw_pipe/axaddr_incr_reg[3]_i_2_n_0
    SLICE_X3Y39          CARRY4 (Prop_carry4_CI_CO[3])
                                                      0.114     9.078 r  axi_gpio_ext_jp_i/ps7_0_axi_periph/s00_couplers/auto_pc/inst/gen_axilite.gen_b2s_conv.axilite_b2s/SI_REG/aw.aw_pipe/axaddr_incr_reg[7]_i_2/CO[3]
                         net (fo=1, routed)           0.000     9.078    axi_gpio_ext_jp_i/ps7_0_axi_periph/s00_couplers/auto_pc/inst/gen_axilite.gen_b2s_conv.axilite_b2s/SI_REG/aw.aw_pipe/axaddr_incr_reg[7]_i_2_n_0
    SLICE_X3Y40          CARRY4 (Prop_carry4_CI_O[1])
                                                      0.334     9.412 r  axi_gpio_ext_jp_i/ps7_0_axi_periph/s00_couplers/auto_pc/inst/gen_axilite.gen_b2s_conv.axilite_b2s/SI_REG/aw.aw_pipe/axaddr_incr_reg[11]_i_3/O[1]
                         net (fo=1, routed)           0.665    10.077    axi_gpio_ext_jp_i/ps7_0_axi_periph/s00_couplers/auto_pc/inst/gen_axilite.gen_b2s_conv.axilite_b2s/WR.aw_channel_0/cmd_translator_0/incr_cmd_0/axaddr_incr[9]
    SLICE_X1Y40          LUT3 (Prop_lut3_I0_O)        0.331    10.408 r  axi_gpio_ext_jp_i/ps7_0_axi_periph/s00_couplers/auto_pc/inst/gen_axilite.gen_b2s_conv.axilite_b2s/WR.aw_channel_0/cmd_translator_0/incr_cmd_0/axaddr_incr[9]_i_1/O
                         net (fo=1, routed)           0.000    10.408    axi_gpio_ext_jp_i/ps7_0_axi_periph/s00_couplers/auto_pc/inst/gen_axilite.gen_b2s_conv.axilite_b2s/WR.aw_channel_0/cmd_translator_0/incr_cmd_0/p_1_in[9]
    SLICE_X1Y40          FDRE                                         r  axi_gpio_ext_jp_i/ps7_0_axi_periph/s00_couplers/auto_pc/inst/gen_axilite.gen_b2s_conv.axilite_b2s/WR.aw_channel_0/cmd_translator_0/incr_cmd_0/axaddr_incr_reg[9]/D
  -------------------------------------------------------------------    -------------------

                         (clock clk_fpga_0 rise edge)
                                                     20.000    20.000 r  
    PS7_X0Y0             PS7                          0.000    20.000 r  axi_gpio_ext_jp_i/processing_system7_0/inst/PS7_i/FCLKCLK[0]
                         net (fo=1, routed)           1.101    21.101    axi_gpio_ext_jp_i/processing_system7_0/inst/FCLK_CLK_unbuffered[0]
    BUFGCTRL_X0Y0        BUFG (Prop_bufg_I_O)         0.091    21.192 r  axi_gpio_ext_jp_i/processing_system7_0/inst/buffer_fclk_clk_0.FCLK_CLK_0_BUFG/O
                         net (fo=913, routed)         1.545    22.738    axi_gpio_ext_jp_i/ps7_0_axi_periph/s00_couplers/auto_pc/inst/gen_axilite.gen_b2s_conv.axilite_b2s/WR.aw_channel_0/cmd_translator_0/incr_cmd_0/aclk
    SLICE_X1Y40          FDRE                                         r  axi_gpio_ext_jp_i/ps7_0_axi_periph/s00_couplers/auto_pc/inst/gen_axilite.gen_b2s_conv.axilite_b2s/WR.aw_channel_0/cmd_translator_0/incr_cmd_0/axaddr_incr_reg[9]/C
                         clock pessimism              0.230    22.968    
                         clock uncertainty           -0.302    22.666    
    SLICE_X1Y40          FDRE (Setup_fdre_C_D)        0.075    22.741    axi_gpio_ext_jp_i/ps7_0_axi_periph/s00_couplers/auto_pc/inst/gen_axilite.gen_b2s_conv.axilite_b2s/WR.aw_channel_0/cmd_translator_0/incr_cmd_0/axaddr_incr_reg[9]
  -------------------------------------------------------------------
                         required time                         22.741    
                         arrival time                         -10.408    
  -------------------------------------------------------------------
                         slack                                 12.333    

Slack (MET) :             12.490ns  (required time - arrival time)
  Source:                 axi_gpio_ext_jp_i/ps7_0_axi_periph/s00_couplers/auto_pc/inst/gen_axilite.gen_b2s_conv.axilite_b2s/SI_REG/aw.aw_pipe/m_payload_i_reg[39]/C
                            (rising edge-triggered cell FDRE clocked by clk_fpga_0  {rise@0.000ns fall@10.000ns period=20.000ns})
  Destination:            axi_gpio_ext_jp_i/ps7_0_axi_periph/s00_couplers/auto_pc/inst/gen_axilite.gen_b2s_conv.axilite_b2s/WR.aw_channel_0/cmd_translator_0/incr_cmd_0/axaddr_incr_reg[10]/D
                            (rising edge-triggered cell FDRE clocked by clk_fpga_0  {rise@0.000ns fall@10.000ns period=20.000ns})
  Path Group:             clk_fpga_0
  Path Type:              Setup (Max at Slow Process Corner)
  Requirement:            20.000ns  (clk_fpga_0 rise@20.000ns - clk_fpga_0 rise@0.000ns)
  Data Path Delay:        7.171ns  (logic 2.586ns (36.060%)  route 4.585ns (63.940%))
  Logic Levels:           8  (CARRY4=3 LUT3=3 LUT4=1 LUT6=1)
  Clock Path Skew:        -0.066ns (DCD - SCD + CPR)
    Destination Clock Delay (DCD):    2.737ns = ( 22.737 - 20.000 ) 
    Source Clock Delay      (SCD):    3.034ns
    Clock Pessimism Removal (CPR):    0.230ns
  Clock Uncertainty:      0.302ns  ((TSJ^2 + TIJ^2)^1/2 + DJ) / 2 + PE
    Total System Jitter     (TSJ):    0.071ns
    Total Input Jitter      (TIJ):    0.600ns
    Discrete Jitter          (DJ):    0.000ns
    Phase Error              (PE):    0.000ns

    Location             Delay type                Incr(ns)  Path(ns)    Netlist Resource(s)
  -------------------------------------------------------------------    -------------------
                         (clock clk_fpga_0 rise edge)
                                                      0.000     0.000 r  
    PS7_X0Y0             PS7                          0.000     0.000 r  axi_gpio_ext_jp_i/processing_system7_0/inst/PS7_i/FCLKCLK[0]
                         net (fo=1, routed)           1.207     1.207    axi_gpio_ext_jp_i/processing_system7_0/inst/FCLK_CLK_unbuffered[0]
    BUFGCTRL_X0Y0        BUFG (Prop_bufg_I_O)         0.101     1.308 r  axi_gpio_ext_jp_i/processing_system7_0/inst/buffer_fclk_clk_0.FCLK_CLK_0_BUFG/O
                         net (fo=913, routed)         1.726     3.034    axi_gpio_ext_jp_i/ps7_0_axi_periph/s00_couplers/auto_pc/inst/gen_axilite.gen_b2s_conv.axilite_b2s/SI_REG/aw.aw_pipe/aclk
    SLICE_X4Y40          FDRE                                         r  axi_gpio_ext_jp_i/ps7_0_axi_periph/s00_couplers/auto_pc/inst/gen_axilite.gen_b2s_conv.axilite_b2s/SI_REG/aw.aw_pipe/m_payload_i_reg[39]/C
  -------------------------------------------------------------------    -------------------
    SLICE_X4Y40          FDRE (Prop_fdre_C_Q)         0.478     3.512 r  axi_gpio_ext_jp_i/ps7_0_axi_periph/s00_couplers/auto_pc/inst/gen_axilite.gen_b2s_conv.axilite_b2s/SI_REG/aw.aw_pipe/m_payload_i_reg[39]/Q
                         net (fo=7, routed)           0.784     4.296    axi_gpio_ext_jp_i/ps7_0_axi_periph/s00_couplers/auto_pc/inst/gen_axilite.gen_b2s_conv.axilite_b2s/WR.aw_channel_0/cmd_translator_0/axlen_cnt_reg[3][11]
    SLICE_X8Y35          LUT3 (Prop_lut3_I1_O)        0.301     4.597 f  axi_gpio_ext_jp_i/ps7_0_axi_periph/s00_couplers/auto_pc/inst/gen_axilite.gen_b2s_conv.axilite_b2s/WR.aw_channel_0/cmd_translator_0/FSM_sequential_state[1]_i_2/O
                         net (fo=3, routed)           1.016     5.614    axi_gpio_ext_jp_i/ps7_0_axi_periph/s00_couplers/auto_pc/inst/gen_axilite.gen_b2s_conv.axilite_b2s/WR.aw_channel_0/aw_cmd_fsm_0/FSM_sequential_state_reg[1]_0
    SLICE_X9Y41          LUT6 (Prop_lut6_I3_O)        0.124     5.738 r  axi_gpio_ext_jp_i/ps7_0_axi_periph/s00_couplers/auto_pc/inst/gen_axilite.gen_b2s_conv.axilite_b2s/WR.aw_channel_0/aw_cmd_fsm_0/memory_reg[3][0]_srl4_i_1/O
                         net (fo=30, routed)          1.022     6.760    axi_gpio_ext_jp_i/ps7_0_axi_periph/s00_couplers/auto_pc/inst/gen_axilite.gen_b2s_conv.axilite_b2s/WR.aw_channel_0/aw_cmd_fsm_0/m_axi_awready_0
    SLICE_X7Y35          LUT3 (Prop_lut3_I2_O)        0.152     6.912 r  axi_gpio_ext_jp_i/ps7_0_axi_periph/s00_couplers/auto_pc/inst/gen_axilite.gen_b2s_conv.axilite_b2s/WR.aw_channel_0/aw_cmd_fsm_0/next_pending_r_i_3/O
                         net (fo=23, routed)          1.177     8.088    axi_gpio_ext_jp_i/ps7_0_axi_periph/s00_couplers/auto_pc/inst/gen_axilite.gen_b2s_conv.axilite_b2s/WR.aw_channel_0/cmd_translator_0/incr_cmd_0/next
    SLICE_X3Y38          LUT4 (Prop_lut4_I3_O)        0.326     8.414 r  axi_gpio_ext_jp_i/ps7_0_axi_periph/s00_couplers/auto_pc/inst/gen_axilite.gen_b2s_conv.axilite_b2s/WR.aw_channel_0/cmd_translator_0/incr_cmd_0/axaddr_incr[3]_i_9/O
                         net (fo=1, routed)           0.000     8.414    axi_gpio_ext_jp_i/ps7_0_axi_periph/s00_couplers/auto_pc/inst/gen_axilite.gen_b2s_conv.axilite_b2s/SI_REG/aw.aw_pipe/axaddr_incr_reg[3][1]
    SLICE_X3Y38          CARRY4 (Prop_carry4_S[1]_CO[3])
                                                      0.550     8.964 r  axi_gpio_ext_jp_i/ps7_0_axi_periph/s00_couplers/auto_pc/inst/gen_axilite.gen_b2s_conv.axilite_b2s/SI_REG/aw.aw_pipe/axaddr_incr_reg[3]_i_2/CO[3]
                         net (fo=1, routed)           0.000     8.964    axi_gpio_ext_jp_i/ps7_0_axi_periph/s00_couplers/auto_pc/inst/gen_axilite.gen_b2s_conv.axilite_b2s/SI_REG/aw.aw_pipe/axaddr_incr_reg[3]_i_2_n_0
    SLICE_X3Y39          CARRY4 (Prop_carry4_CI_CO[3])
                                                      0.114     9.078 r  axi_gpio_ext_jp_i/ps7_0_axi_periph/s00_couplers/auto_pc/inst/gen_axilite.gen_b2s_conv.axilite_b2s/SI_REG/aw.aw_pipe/axaddr_incr_reg[7]_i_2/CO[3]
                         net (fo=1, routed)           0.000     9.078    axi_gpio_ext_jp_i/ps7_0_axi_periph/s00_couplers/auto_pc/inst/gen_axilite.gen_b2s_conv.axilite_b2s/SI_REG/aw.aw_pipe/axaddr_incr_reg[7]_i_2_n_0
    SLICE_X3Y40          CARRY4 (Prop_carry4_CI_O[2])
                                                      0.239     9.317 r  axi_gpio_ext_jp_i/ps7_0_axi_periph/s00_couplers/auto_pc/inst/gen_axilite.gen_b2s_conv.axilite_b2s/SI_REG/aw.aw_pipe/axaddr_incr_reg[11]_i_3/O[2]
                         net (fo=1, routed)           0.586     9.903    axi_gpio_ext_jp_i/ps7_0_axi_periph/s00_couplers/auto_pc/inst/gen_axilite.gen_b2s_conv.axilite_b2s/WR.aw_channel_0/cmd_translator_0/incr_cmd_0/axaddr_incr[10]
    SLICE_X1Y40          LUT3 (Prop_lut3_I0_O)        0.302    10.205 r  axi_gpio_ext_jp_i/ps7_0_axi_periph/s00_couplers/auto_pc/inst/gen_axilite.gen_b2s_conv.axilite_b2s/WR.aw_channel_0/cmd_translator_0/incr_cmd_0/axaddr_incr[10]_i_1/O
                         net (fo=1, routed)           0.000    10.205    axi_gpio_ext_jp_i/ps7_0_axi_periph/s00_couplers/auto_pc/inst/gen_axilite.gen_b2s_conv.axilite_b2s/WR.aw_channel_0/cmd_translator_0/incr_cmd_0/p_1_in[10]
    SLICE_X1Y40          FDRE                                         r  axi_gpio_ext_jp_i/ps7_0_axi_periph/s00_couplers/auto_pc/inst/gen_axilite.gen_b2s_conv.axilite_b2s/WR.aw_channel_0/cmd_translator_0/incr_cmd_0/axaddr_incr_reg[10]/D
  -------------------------------------------------------------------    -------------------

                         (clock clk_fpga_0 rise edge)
                                                     20.000    20.000 r  
    PS7_X0Y0             PS7                          0.000    20.000 r  axi_gpio_ext_jp_i/processing_system7_0/inst/PS7_i/FCLKCLK[0]
                         net (fo=1, routed)           1.101    21.101    axi_gpio_ext_jp_i/processing_system7_0/inst/FCLK_CLK_unbuffered[0]
    BUFGCTRL_X0Y0        BUFG (Prop_bufg_I_O)         0.091    21.192 r  axi_gpio_ext_jp_i/processing_system7_0/inst/buffer_fclk_clk_0.FCLK_CLK_0_BUFG/O
                         net (fo=913, routed)         1.545    22.738    axi_gpio_ext_jp_i/ps7_0_axi_periph/s00_couplers/auto_pc/inst/gen_axilite.gen_b2s_conv.axilite_b2s/WR.aw_channel_0/cmd_translator_0/incr_cmd_0/aclk
    SLICE_X1Y40          FDRE                                         r  axi_gpio_ext_jp_i/ps7_0_axi_periph/s00_couplers/auto_pc/inst/gen_axilite.gen_b2s_conv.axilite_b2s/WR.aw_channel_0/cmd_translator_0/incr_cmd_0/axaddr_incr_reg[10]/C
                         clock pessimism              0.230    22.968    
                         clock uncertainty           -0.302    22.666    
    SLICE_X1Y40          FDRE (Setup_fdre_C_D)        0.029    22.695    axi_gpio_ext_jp_i/ps7_0_axi_periph/s00_couplers/auto_pc/inst/gen_axilite.gen_b2s_conv.axilite_b2s/WR.aw_channel_0/cmd_translator_0/incr_cmd_0/axaddr_incr_reg[10]
  -------------------------------------------------------------------
                         required time                         22.695    
                         arrival time                         -10.205    
  -------------------------------------------------------------------
                         slack                                 12.490    

Slack (MET) :             12.498ns  (required time - arrival time)
  Source:                 axi_gpio_ext_jp_i/ps7_0_axi_periph/s00_couplers/auto_pc/inst/gen_axilite.gen_b2s_conv.axilite_b2s/SI_REG/aw.aw_pipe/m_payload_i_reg[39]/C
                            (rising edge-triggered cell FDRE clocked by clk_fpga_0  {rise@0.000ns fall@10.000ns period=20.000ns})
  Destination:            axi_gpio_ext_jp_i/ps7_0_axi_periph/s00_couplers/auto_pc/inst/gen_axilite.gen_b2s_conv.axilite_b2s/WR.aw_channel_0/cmd_translator_0/incr_cmd_0/axaddr_incr_reg[6]/D
                            (rising edge-triggered cell FDRE clocked by clk_fpga_0  {rise@0.000ns fall@10.000ns period=20.000ns})
  Path Group:             clk_fpga_0
  Path Type:              Setup (Max at Slow Process Corner)
  Requirement:            20.000ns  (clk_fpga_0 rise@20.000ns - clk_fpga_0 rise@0.000ns)
  Data Path Delay:        7.292ns  (logic 2.501ns (34.298%)  route 4.791ns (65.702%))
  Logic Levels:           7  (CARRY4=2 LUT3=3 LUT4=1 LUT6=1)
  Clock Path Skew:        -0.026ns (DCD - SCD + CPR)
    Destination Clock Delay (DCD):    2.740ns = ( 22.740 - 20.000 ) 
    Source Clock Delay      (SCD):    3.034ns
    Clock Pessimism Removal (CPR):    0.267ns
  Clock Uncertainty:      0.302ns  ((TSJ^2 + TIJ^2)^1/2 + DJ) / 2 + PE
    Total System Jitter     (TSJ):    0.071ns
    Total Input Jitter      (TIJ):    0.600ns
    Discrete Jitter          (DJ):    0.000ns
    Phase Error              (PE):    0.000ns

    Location             Delay type                Incr(ns)  Path(ns)    Netlist Resource(s)
  -------------------------------------------------------------------    -------------------
                         (clock clk_fpga_0 rise edge)
                                                      0.000     0.000 r  
    PS7_X0Y0             PS7                          0.000     0.000 r  axi_gpio_ext_jp_i/processing_system7_0/inst/PS7_i/FCLKCLK[0]
                         net (fo=1, routed)           1.207     1.207    axi_gpio_ext_jp_i/processing_system7_0/inst/FCLK_CLK_unbuffered[0]
    BUFGCTRL_X0Y0        BUFG (Prop_bufg_I_O)         0.101     1.308 r  axi_gpio_ext_jp_i/processing_system7_0/inst/buffer_fclk_clk_0.FCLK_CLK_0_BUFG/O
                         net (fo=913, routed)         1.726     3.034    axi_gpio_ext_jp_i/ps7_0_axi_periph/s00_couplers/auto_pc/inst/gen_axilite.gen_b2s_conv.axilite_b2s/SI_REG/aw.aw_pipe/aclk
    SLICE_X4Y40          FDRE                                         r  axi_gpio_ext_jp_i/ps7_0_axi_periph/s00_couplers/auto_pc/inst/gen_axilite.gen_b2s_conv.axilite_b2s/SI_REG/aw.aw_pipe/m_payload_i_reg[39]/C
  -------------------------------------------------------------------    -------------------
    SLICE_X4Y40          FDRE (Prop_fdre_C_Q)         0.478     3.512 r  axi_gpio_ext_jp_i/ps7_0_axi_periph/s00_couplers/auto_pc/inst/gen_axilite.gen_b2s_conv.axilite_b2s/SI_REG/aw.aw_pipe/m_payload_i_reg[39]/Q
                         net (fo=7, routed)           0.784     4.296    axi_gpio_ext_jp_i/ps7_0_axi_periph/s00_couplers/auto_pc/inst/gen_axilite.gen_b2s_conv.axilite_b2s/WR.aw_channel_0/cmd_translator_0/axlen_cnt_reg[3][11]
    SLICE_X8Y35          LUT3 (Prop_lut3_I1_O)        0.301     4.597 f  axi_gpio_ext_jp_i/ps7_0_axi_periph/s00_couplers/auto_pc/inst/gen_axilite.gen_b2s_conv.axilite_b2s/WR.aw_channel_0/cmd_translator_0/FSM_sequential_state[1]_i_2/O
                         net (fo=3, routed)           1.016     5.614    axi_gpio_ext_jp_i/ps7_0_axi_periph/s00_couplers/auto_pc/inst/gen_axilite.gen_b2s_conv.axilite_b2s/WR.aw_channel_0/aw_cmd_fsm_0/FSM_sequential_state_reg[1]_0
    SLICE_X9Y41          LUT6 (Prop_lut6_I3_O)        0.124     5.738 r  axi_gpio_ext_jp_i/ps7_0_axi_periph/s00_couplers/auto_pc/inst/gen_axilite.gen_b2s_conv.axilite_b2s/WR.aw_channel_0/aw_cmd_fsm_0/memory_reg[3][0]_srl4_i_1/O
                         net (fo=30, routed)          1.022     6.760    axi_gpio_ext_jp_i/ps7_0_axi_periph/s00_couplers/auto_pc/inst/gen_axilite.gen_b2s_conv.axilite_b2s/WR.aw_channel_0/aw_cmd_fsm_0/m_axi_awready_0
    SLICE_X7Y35          LUT3 (Prop_lut3_I2_O)        0.152     6.912 r  axi_gpio_ext_jp_i/ps7_0_axi_periph/s00_couplers/auto_pc/inst/gen_axilite.gen_b2s_conv.axilite_b2s/WR.aw_channel_0/aw_cmd_fsm_0/next_pending_r_i_3/O
                         net (fo=23, routed)          1.177     8.088    axi_gpio_ext_jp_i/ps7_0_axi_periph/s00_couplers/auto_pc/inst/gen_axilite.gen_b2s_conv.axilite_b2s/WR.aw_channel_0/cmd_translator_0/incr_cmd_0/next
    SLICE_X3Y38          LUT4 (Prop_lut4_I3_O)        0.326     8.414 r  axi_gpio_ext_jp_i/ps7_0_axi_periph/s00_couplers/auto_pc/inst/gen_axilite.gen_b2s_conv.axilite_b2s/WR.aw_channel_0/cmd_translator_0/incr_cmd_0/axaddr_incr[3]_i_9/O
                         net (fo=1, routed)           0.000     8.414    axi_gpio_ext_jp_i/ps7_0_axi_periph/s00_couplers/auto_pc/inst/gen_axilite.gen_b2s_conv.axilite_b2s/SI_REG/aw.aw_pipe/axaddr_incr_reg[3][1]
    SLICE_X3Y38          CARRY4 (Prop_carry4_S[1]_CO[3])
                                                      0.550     8.964 r  axi_gpio_ext_jp_i/ps7_0_axi_periph/s00_couplers/auto_pc/inst/gen_axilite.gen_b2s_conv.axilite_b2s/SI_REG/aw.aw_pipe/axaddr_incr_reg[3]_i_2/CO[3]
                         net (fo=1, routed)           0.000     8.964    axi_gpio_ext_jp_i/ps7_0_axi_periph/s00_couplers/auto_pc/inst/gen_axilite.gen_b2s_conv.axilite_b2s/SI_REG/aw.aw_pipe/axaddr_incr_reg[3]_i_2_n_0
    SLICE_X3Y39          CARRY4 (Prop_carry4_CI_O[2])
                                                      0.239     9.203 r  axi_gpio_ext_jp_i/ps7_0_axi_periph/s00_couplers/auto_pc/inst/gen_axilite.gen_b2s_conv.axilite_b2s/SI_REG/aw.aw_pipe/axaddr_incr_reg[7]_i_2/O[2]
                         net (fo=1, routed)           0.792     9.995    axi_gpio_ext_jp_i/ps7_0_axi_periph/s00_couplers/auto_pc/inst/gen_axilite.gen_b2s_conv.axilite_b2s/WR.aw_channel_0/cmd_translator_0/incr_cmd_0/axaddr_incr[6]
    SLICE_X4Y38          LUT3 (Prop_lut3_I0_O)        0.331    10.326 r  axi_gpio_ext_jp_i/ps7_0_axi_periph/s00_couplers/auto_pc/inst/gen_axilite.gen_b2s_conv.axilite_b2s/WR.aw_channel_0/cmd_translator_0/incr_cmd_0/axaddr_incr[6]_i_1/O
                         net (fo=1, routed)           0.000    10.326    axi_gpio_ext_jp_i/ps7_0_axi_periph/s00_couplers/auto_pc/inst/gen_axilite.gen_b2s_conv.axilite_b2s/WR.aw_channel_0/cmd_translator_0/incr_cmd_0/p_1_in[6]
    SLICE_X4Y38          FDRE                                         r  axi_gpio_ext_jp_i/ps7_0_axi_periph/s00_couplers/auto_pc/inst/gen_axilite.gen_b2s_conv.axilite_b2s/WR.aw_channel_0/cmd_translator_0/incr_cmd_0/axaddr_incr_reg[6]/D
  -------------------------------------------------------------------    -------------------

                         (clock clk_fpga_0 rise edge)
                                                     20.000    20.000 r  
    PS7_X0Y0             PS7                          0.000    20.000 r  axi_gpio_ext_jp_i/processing_system7_0/inst/PS7_i/FCLKCLK[0]
                         net (fo=1, routed)           1.101    21.101    axi_gpio_ext_jp_i/processing_system7_0/inst/FCLK_CLK_unbuffered[0]
    BUFGCTRL_X0Y0        BUFG (Prop_bufg_I_O)         0.091    21.192 r  axi_gpio_ext_jp_i/processing_system7_0/inst/buffer_fclk_clk_0.FCLK_CLK_0_BUFG/O
                         net (fo=913, routed)         1.548    22.741    axi_gpio_ext_jp_i/ps7_0_axi_periph/s00_couplers/auto_pc/inst/gen_axilite.gen_b2s_conv.axilite_b2s/WR.aw_channel_0/cmd_translator_0/incr_cmd_0/aclk
    SLICE_X4Y38          FDRE                                         r  axi_gpio_ext_jp_i/ps7_0_axi_periph/s00_couplers/auto_pc/inst/gen_axilite.gen_b2s_conv.axilite_b2s/WR.aw_channel_0/cmd_translator_0/incr_cmd_0/axaddr_incr_reg[6]/C
                         clock pessimism              0.267    23.008    
                         clock uncertainty           -0.302    22.706    
    SLICE_X4Y38          FDRE (Setup_fdre_C_D)        0.118    22.824    axi_gpio_ext_jp_i/ps7_0_axi_periph/s00_couplers/auto_pc/inst/gen_axilite.gen_b2s_conv.axilite_b2s/WR.aw_channel_0/cmd_translator_0/incr_cmd_0/axaddr_incr_reg[6]
  -------------------------------------------------------------------
                         required time                         22.824    
                         arrival time                         -10.326    
  -------------------------------------------------------------------
                         slack                                 12.498    

Slack (MET) :             12.504ns  (required time - arrival time)
  Source:                 axi_gpio_ext_jp_i/ps7_0_axi_periph/s00_couplers/auto_pc/inst/gen_axilite.gen_b2s_conv.axilite_b2s/SI_REG/aw.aw_pipe/m_payload_i_reg[39]/C
                            (rising edge-triggered cell FDRE clocked by clk_fpga_0  {rise@0.000ns fall@10.000ns period=20.000ns})
  Destination:            axi_gpio_ext_jp_i/ps7_0_axi_periph/s00_couplers/auto_pc/inst/gen_axilite.gen_b2s_conv.axilite_b2s/WR.aw_channel_0/cmd_translator_0/incr_cmd_0/axaddr_incr_reg[7]/D
                            (rising edge-triggered cell FDRE clocked by clk_fpga_0  {rise@0.000ns fall@10.000ns period=20.000ns})
  Path Group:             clk_fpga_0
  Path Type:              Setup (Max at Slow Process Corner)
  Requirement:            20.000ns  (clk_fpga_0 rise@20.000ns - clk_fpga_0 rise@0.000ns)
  Data Path Delay:        7.246ns  (logic 2.574ns (35.521%)  route 4.672ns (64.479%))
  Logic Levels:           7  (CARRY4=2 LUT3=3 LUT4=1 LUT6=1)
  Clock Path Skew:        -0.066ns (DCD - SCD + CPR)
    Destination Clock Delay (DCD):    2.737ns = ( 22.737 - 20.000 ) 
    Source Clock Delay      (SCD):    3.034ns
    Clock Pessimism Removal (CPR):    0.230ns
  Clock Uncertainty:      0.302ns  ((TSJ^2 + TIJ^2)^1/2 + DJ) / 2 + PE
    Total System Jitter     (TSJ):    0.071ns
    Total Input Jitter      (TIJ):    0.600ns
    Discrete Jitter          (DJ):    0.000ns
    Phase Error              (PE):    0.000ns

    Location             Delay type                Incr(ns)  Path(ns)    Netlist Resource(s)
  -------------------------------------------------------------------    -------------------
                         (clock clk_fpga_0 rise edge)
                                                      0.000     0.000 r  
    PS7_X0Y0             PS7                          0.000     0.000 r  axi_gpio_ext_jp_i/processing_system7_0/inst/PS7_i/FCLKCLK[0]
                         net (fo=1, routed)           1.207     1.207    axi_gpio_ext_jp_i/processing_system7_0/inst/FCLK_CLK_unbuffered[0]
    BUFGCTRL_X0Y0        BUFG (Prop_bufg_I_O)         0.101     1.308 r  axi_gpio_ext_jp_i/processing_system7_0/inst/buffer_fclk_clk_0.FCLK_CLK_0_BUFG/O
                         net (fo=913, routed)         1.726     3.034    axi_gpio_ext_jp_i/ps7_0_axi_periph/s00_couplers/auto_pc/inst/gen_axilite.gen_b2s_conv.axilite_b2s/SI_REG/aw.aw_pipe/aclk
    SLICE_X4Y40          FDRE                                         r  axi_gpio_ext_jp_i/ps7_0_axi_periph/s00_couplers/auto_pc/inst/gen_axilite.gen_b2s_conv.axilite_b2s/SI_REG/aw.aw_pipe/m_payload_i_reg[39]/C
  -------------------------------------------------------------------    -------------------
    SLICE_X4Y40          FDRE (Prop_fdre_C_Q)         0.478     3.512 r  axi_gpio_ext_jp_i/ps7_0_axi_periph/s00_couplers/auto_pc/inst/gen_axilite.gen_b2s_conv.axilite_b2s/SI_REG/aw.aw_pipe/m_payload_i_reg[39]/Q
                         net (fo=7, routed)           0.784     4.296    axi_gpio_ext_jp_i/ps7_0_axi_periph/s00_couplers/auto_pc/inst/gen_axilite.gen_b2s_conv.axilite_b2s/WR.aw_channel_0/cmd_translator_0/axlen_cnt_reg[3][11]
    SLICE_X8Y35          LUT3 (Prop_lut3_I1_O)        0.301     4.597 f  axi_gpio_ext_jp_i/ps7_0_axi_periph/s00_couplers/auto_pc/inst/gen_axilite.gen_b2s_conv.axilite_b2s/WR.aw_channel_0/cmd_translator_0/FSM_sequential_state[1]_i_2/O
                         net (fo=3, routed)           1.016     5.614    axi_gpio_ext_jp_i/ps7_0_axi_periph/s00_couplers/auto_pc/inst/gen_axilite.gen_b2s_conv.axilite_b2s/WR.aw_channel_0/aw_cmd_fsm_0/FSM_sequential_state_reg[1]_0
    SLICE_X9Y41          LUT6 (Prop_lut6_I3_O)        0.124     5.738 r  axi_gpio_ext_jp_i/ps7_0_axi_periph/s00_couplers/auto_pc/inst/gen_axilite.gen_b2s_conv.axilite_b2s/WR.aw_channel_0/aw_cmd_fsm_0/memory_reg[3][0]_srl4_i_1/O
                         net (fo=30, routed)          1.022     6.760    axi_gpio_ext_jp_i/ps7_0_axi_periph/s00_couplers/auto_pc/inst/gen_axilite.gen_b2s_conv.axilite_b2s/WR.aw_channel_0/aw_cmd_fsm_0/m_axi_awready_0
    SLICE_X7Y35          LUT3 (Prop_lut3_I2_O)        0.152     6.912 r  axi_gpio_ext_jp_i/ps7_0_axi_periph/s00_couplers/auto_pc/inst/gen_axilite.gen_b2s_conv.axilite_b2s/WR.aw_channel_0/aw_cmd_fsm_0/next_pending_r_i_3/O
                         net (fo=23, routed)          1.177     8.088    axi_gpio_ext_jp_i/ps7_0_axi_periph/s00_couplers/auto_pc/inst/gen_axilite.gen_b2s_conv.axilite_b2s/WR.aw_channel_0/cmd_translator_0/incr_cmd_0/next
    SLICE_X3Y38          LUT4 (Prop_lut4_I3_O)        0.326     8.414 r  axi_gpio_ext_jp_i/ps7_0_axi_periph/s00_couplers/auto_pc/inst/gen_axilite.gen_b2s_conv.axilite_b2s/WR.aw_channel_0/cmd_translator_0/incr_cmd_0/axaddr_incr[3]_i_9/O
                         net (fo=1, routed)           0.000     8.414    axi_gpio_ext_jp_i/ps7_0_axi_periph/s00_couplers/auto_pc/inst/gen_axilite.gen_b2s_conv.axilite_b2s/SI_REG/aw.aw_pipe/axaddr_incr_reg[3][1]
    SLICE_X3Y38          CARRY4 (Prop_carry4_S[1]_CO[3])
                                                      0.550     8.964 r  axi_gpio_ext_jp_i/ps7_0_axi_periph/s00_couplers/auto_pc/inst/gen_axilite.gen_b2s_conv.axilite_b2s/SI_REG/aw.aw_pipe/axaddr_incr_reg[3]_i_2/CO[3]
                         net (fo=1, routed)           0.000     8.964    axi_gpio_ext_jp_i/ps7_0_axi_periph/s00_couplers/auto_pc/inst/gen_axilite.gen_b2s_conv.axilite_b2s/SI_REG/aw.aw_pipe/axaddr_incr_reg[3]_i_2_n_0
    SLICE_X3Y39          CARRY4 (Prop_carry4_CI_O[3])
                                                      0.313     9.277 r  axi_gpio_ext_jp_i/ps7_0_axi_periph/s00_couplers/auto_pc/inst/gen_axilite.gen_b2s_conv.axilite_b2s/SI_REG/aw.aw_pipe/axaddr_incr_reg[7]_i_2/O[3]
                         net (fo=1, routed)           0.673     9.950    axi_gpio_ext_jp_i/ps7_0_axi_periph/s00_couplers/auto_pc/inst/gen_axilite.gen_b2s_conv.axilite_b2s/WR.aw_channel_0/cmd_translator_0/incr_cmd_0/axaddr_incr[7]
    SLICE_X0Y39          LUT3 (Prop_lut3_I0_O)        0.330    10.280 r  axi_gpio_ext_jp_i/ps7_0_axi_periph/s00_couplers/auto_pc/inst/gen_axilite.gen_b2s_conv.axilite_b2s/WR.aw_channel_0/cmd_translator_0/incr_cmd_0/axaddr_incr[7]_i_1/O
                         net (fo=1, routed)           0.000    10.280    axi_gpio_ext_jp_i/ps7_0_axi_periph/s00_couplers/auto_pc/inst/gen_axilite.gen_b2s_conv.axilite_b2s/WR.aw_channel_0/cmd_translator_0/incr_cmd_0/p_1_in[7]
    SLICE_X0Y39          FDRE                                         r  axi_gpio_ext_jp_i/ps7_0_axi_periph/s00_couplers/auto_pc/inst/gen_axilite.gen_b2s_conv.axilite_b2s/WR.aw_channel_0/cmd_translator_0/incr_cmd_0/axaddr_incr_reg[7]/D
  -------------------------------------------------------------------    -------------------

                         (clock clk_fpga_0 rise edge)
                                                     20.000    20.000 r  
    PS7_X0Y0             PS7                          0.000    20.000 r  axi_gpio_ext_jp_i/processing_system7_0/inst/PS7_i/FCLKCLK[0]
                         net (fo=1, routed)           1.101    21.101    axi_gpio_ext_jp_i/processing_system7_0/inst/FCLK_CLK_unbuffered[0]
    BUFGCTRL_X0Y0        BUFG (Prop_bufg_I_O)         0.091    21.192 r  axi_gpio_ext_jp_i/processing_system7_0/inst/buffer_fclk_clk_0.FCLK_CLK_0_BUFG/O
                         net (fo=913, routed)         1.545    22.738    axi_gpio_ext_jp_i/ps7_0_axi_periph/s00_couplers/auto_pc/inst/gen_axilite.gen_b2s_conv.axilite_b2s/WR.aw_channel_0/cmd_translator_0/incr_cmd_0/aclk
    SLICE_X0Y39          FDRE                                         r  axi_gpio_ext_jp_i/ps7_0_axi_periph/s00_couplers/auto_pc/inst/gen_axilite.gen_b2s_conv.axilite_b2s/WR.aw_channel_0/cmd_translator_0/incr_cmd_0/axaddr_incr_reg[7]/C
                         clock pessimism              0.230    22.968    
                         clock uncertainty           -0.302    22.666    
    SLICE_X0Y39          FDRE (Setup_fdre_C_D)        0.118    22.784    axi_gpio_ext_jp_i/ps7_0_axi_periph/s00_couplers/auto_pc/inst/gen_axilite.gen_b2s_conv.axilite_b2s/WR.aw_channel_0/cmd_translator_0/incr_cmd_0/axaddr_incr_reg[7]
  -------------------------------------------------------------------
                         required time                         22.784    
                         arrival time                         -10.280    
  -------------------------------------------------------------------
                         slack                                 12.504    

Slack (MET) :             12.583ns  (required time - arrival time)
  Source:                 axi_gpio_ext_jp_i/ps7_0_axi_periph/s00_couplers/auto_pc/inst/gen_axilite.gen_b2s_conv.axilite_b2s/SI_REG/aw.aw_pipe/m_payload_i_reg[39]/C
                            (rising edge-triggered cell FDRE clocked by clk_fpga_0  {rise@0.000ns fall@10.000ns period=20.000ns})
  Destination:            axi_gpio_ext_jp_i/ps7_0_axi_periph/s00_couplers/auto_pc/inst/gen_axilite.gen_b2s_conv.axilite_b2s/WR.aw_channel_0/cmd_translator_0/incr_cmd_0/axaddr_incr_reg[11]/D
                            (rising edge-triggered cell FDRE clocked by clk_fpga_0  {rise@0.000ns fall@10.000ns period=20.000ns})
  Path Group:             clk_fpga_0
  Path Type:              Setup (Max at Slow Process Corner)
  Requirement:            20.000ns  (clk_fpga_0 rise@20.000ns - clk_fpga_0 rise@0.000ns)
  Data Path Delay:        7.080ns  (logic 2.664ns (37.625%)  route 4.416ns (62.375%))
  Logic Levels:           8  (CARRY4=3 LUT3=3 LUT4=1 LUT6=1)
  Clock Path Skew:        -0.066ns (DCD - SCD + CPR)
    Destination Clock Delay (DCD):    2.737ns = ( 22.737 - 20.000 ) 
    Source Clock Delay      (SCD):    3.034ns
    Clock Pessimism Removal (CPR):    0.230ns
  Clock Uncertainty:      0.302ns  ((TSJ^2 + TIJ^2)^1/2 + DJ) / 2 + PE
    Total System Jitter     (TSJ):    0.071ns
    Total Input Jitter      (TIJ):    0.600ns
    Discrete Jitter          (DJ):    0.000ns
    Phase Error              (PE):    0.000ns

    Location             Delay type                Incr(ns)  Path(ns)    Netlist Resource(s)
  -------------------------------------------------------------------    -------------------
                         (clock clk_fpga_0 rise edge)
                                                      0.000     0.000 r  
    PS7_X0Y0             PS7                          0.000     0.000 r  axi_gpio_ext_jp_i/processing_system7_0/inst/PS7_i/FCLKCLK[0]
                         net (fo=1, routed)           1.207     1.207    axi_gpio_ext_jp_i/processing_system7_0/inst/FCLK_CLK_unbuffered[0]
    BUFGCTRL_X0Y0        BUFG (Prop_bufg_I_O)         0.101     1.308 r  axi_gpio_ext_jp_i/processing_system7_0/inst/buffer_fclk_clk_0.FCLK_CLK_0_BUFG/O
                         net (fo=913, routed)         1.726     3.034    axi_gpio_ext_jp_i/ps7_0_axi_periph/s00_couplers/auto_pc/inst/gen_axilite.gen_b2s_conv.axilite_b2s/SI_REG/aw.aw_pipe/aclk
    SLICE_X4Y40          FDRE                                         r  axi_gpio_ext_jp_i/ps7_0_axi_periph/s00_couplers/auto_pc/inst/gen_axilite.gen_b2s_conv.axilite_b2s/SI_REG/aw.aw_pipe/m_payload_i_reg[39]/C
  -------------------------------------------------------------------    -------------------
    SLICE_X4Y40          FDRE (Prop_fdre_C_Q)         0.478     3.512 r  axi_gpio_ext_jp_i/ps7_0_axi_periph/s00_couplers/auto_pc/inst/gen_axilite.gen_b2s_conv.axilite_b2s/SI_REG/aw.aw_pipe/m_payload_i_reg[39]/Q
                         net (fo=7, routed)           0.784     4.296    axi_gpio_ext_jp_i/ps7_0_axi_periph/s00_couplers/auto_pc/inst/gen_axilite.gen_b2s_conv.axilite_b2s/WR.aw_channel_0/cmd_translator_0/axlen_cnt_reg[3][11]
    SLICE_X8Y35          LUT3 (Prop_lut3_I1_O)        0.301     4.597 f  axi_gpio_ext_jp_i/ps7_0_axi_periph/s00_couplers/auto_pc/inst/gen_axilite.gen_b2s_conv.axilite_b2s/WR.aw_channel_0/cmd_translator_0/FSM_sequential_state[1]_i_2/O
                         net (fo=3, routed)           1.016     5.614    axi_gpio_ext_jp_i/ps7_0_axi_periph/s00_couplers/auto_pc/inst/gen_axilite.gen_b2s_conv.axilite_b2s/WR.aw_channel_0/aw_cmd_fsm_0/FSM_sequential_state_reg[1]_0
    SLICE_X9Y41          LUT6 (Prop_lut6_I3_O)        0.124     5.738 r  axi_gpio_ext_jp_i/ps7_0_axi_periph/s00_couplers/auto_pc/inst/gen_axilite.gen_b2s_conv.axilite_b2s/WR.aw_channel_0/aw_cmd_fsm_0/memory_reg[3][0]_srl4_i_1/O
                         net (fo=30, routed)          1.022     6.760    axi_gpio_ext_jp_i/ps7_0_axi_periph/s00_couplers/auto_pc/inst/gen_axilite.gen_b2s_conv.axilite_b2s/WR.aw_channel_0/aw_cmd_fsm_0/m_axi_awready_0
    SLICE_X7Y35          LUT3 (Prop_lut3_I2_O)        0.152     6.912 r  axi_gpio_ext_jp_i/ps7_0_axi_periph/s00_couplers/auto_pc/inst/gen_axilite.gen_b2s_conv.axilite_b2s/WR.aw_channel_0/aw_cmd_fsm_0/next_pending_r_i_3/O
                         net (fo=23, routed)          1.177     8.088    axi_gpio_ext_jp_i/ps7_0_axi_periph/s00_couplers/auto_pc/inst/gen_axilite.gen_b2s_conv.axilite_b2s/WR.aw_channel_0/cmd_translator_0/incr_cmd_0/next
    SLICE_X3Y38          LUT4 (Prop_lut4_I3_O)        0.326     8.414 r  axi_gpio_ext_jp_i/ps7_0_axi_periph/s00_couplers/auto_pc/inst/gen_axilite.gen_b2s_conv.axilite_b2s/WR.aw_channel_0/cmd_translator_0/incr_cmd_0/axaddr_incr[3]_i_9/O
                         net (fo=1, routed)           0.000     8.414    axi_gpio_ext_jp_i/ps7_0_axi_periph/s00_couplers/auto_pc/inst/gen_axilite.gen_b2s_conv.axilite_b2s/SI_REG/aw.aw_pipe/axaddr_incr_reg[3][1]
    SLICE_X3Y38          CARRY4 (Prop_carry4_S[1]_CO[3])
                                                      0.550     8.964 r  axi_gpio_ext_jp_i/ps7_0_axi_periph/s00_couplers/auto_pc/inst/gen_axilite.gen_b2s_conv.axilite_b2s/SI_REG/aw.aw_pipe/axaddr_incr_reg[3]_i_2/CO[3]
                         net (fo=1, routed)           0.000     8.964    axi_gpio_ext_jp_i/ps7_0_axi_periph/s00_couplers/auto_pc/inst/gen_axilite.gen_b2s_conv.axilite_b2s/SI_REG/aw.aw_pipe/axaddr_incr_reg[3]_i_2_n_0
    SLICE_X3Y39          CARRY4 (Prop_carry4_CI_CO[3])
                                                      0.114     9.078 r  axi_gpio_ext_jp_i/ps7_0_axi_periph/s00_couplers/auto_pc/inst/gen_axilite.gen_b2s_conv.axilite_b2s/SI_REG/aw.aw_pipe/axaddr_incr_reg[7]_i_2/CO[3]
                         net (fo=1, routed)           0.000     9.078    axi_gpio_ext_jp_i/ps7_0_axi_periph/s00_couplers/auto_pc/inst/gen_axilite.gen_b2s_conv.axilite_b2s/SI_REG/aw.aw_pipe/axaddr_incr_reg[7]_i_2_n_0
    SLICE_X3Y40          CARRY4 (Prop_carry4_CI_O[3])
                                                      0.313     9.391 r  axi_gpio_ext_jp_i/ps7_0_axi_periph/s00_couplers/auto_pc/inst/gen_axilite.gen_b2s_conv.axilite_b2s/SI_REG/aw.aw_pipe/axaddr_incr_reg[11]_i_3/O[3]
                         net (fo=1, routed)           0.417     9.808    axi_gpio_ext_jp_i/ps7_0_axi_periph/s00_couplers/auto_pc/inst/gen_axilite.gen_b2s_conv.axilite_b2s/WR.aw_channel_0/cmd_translator_0/incr_cmd_0/axaddr_incr[11]
    SLICE_X1Y40          LUT3 (Prop_lut3_I0_O)        0.306    10.114 r  axi_gpio_ext_jp_i/ps7_0_axi_periph/s00_couplers/auto_pc/inst/gen_axilite.gen_b2s_conv.axilite_b2s/WR.aw_channel_0/cmd_translator_0/incr_cmd_0/axaddr_incr[11]_i_2/O
                         net (fo=1, routed)           0.000    10.114    axi_gpio_ext_jp_i/ps7_0_axi_periph/s00_couplers/auto_pc/inst/gen_axilite.gen_b2s_conv.axilite_b2s/WR.aw_channel_0/cmd_translator_0/incr_cmd_0/p_1_in[11]
    SLICE_X1Y40          FDRE                                         r  axi_gpio_ext_jp_i/ps7_0_axi_periph/s00_couplers/auto_pc/inst/gen_axilite.gen_b2s_conv.axilite_b2s/WR.aw_channel_0/cmd_translator_0/incr_cmd_0/axaddr_incr_reg[11]/D
  -------------------------------------------------------------------    -------------------

                         (clock clk_fpga_0 rise edge)
                                                     20.000    20.000 r  
    PS7_X0Y0             PS7                          0.000    20.000 r  axi_gpio_ext_jp_i/processing_system7_0/inst/PS7_i/FCLKCLK[0]
                         net (fo=1, routed)           1.101    21.101    axi_gpio_ext_jp_i/processing_system7_0/inst/FCLK_CLK_unbuffered[0]
    BUFGCTRL_X0Y0        BUFG (Prop_bufg_I_O)         0.091    21.192 r  axi_gpio_ext_jp_i/processing_system7_0/inst/buffer_fclk_clk_0.FCLK_CLK_0_BUFG/O
                         net (fo=913, routed)         1.545    22.738    axi_gpio_ext_jp_i/ps7_0_axi_periph/s00_couplers/auto_pc/inst/gen_axilite.gen_b2s_conv.axilite_b2s/WR.aw_channel_0/cmd_translator_0/incr_cmd_0/aclk
    SLICE_X1Y40          FDRE                                         r  axi_gpio_ext_jp_i/ps7_0_axi_periph/s00_couplers/auto_pc/inst/gen_axilite.gen_b2s_conv.axilite_b2s/WR.aw_channel_0/cmd_translator_0/incr_cmd_0/axaddr_incr_reg[11]/C
                         clock pessimism              0.230    22.968    
                         clock uncertainty           -0.302    22.666    
    SLICE_X1Y40          FDRE (Setup_fdre_C_D)        0.031    22.697    axi_gpio_ext_jp_i/ps7_0_axi_periph/s00_couplers/auto_pc/inst/gen_axilite.gen_b2s_conv.axilite_b2s/WR.aw_channel_0/cmd_translator_0/incr_cmd_0/axaddr_incr_reg[11]
  -------------------------------------------------------------------
                         required time                         22.697    
                         arrival time                         -10.114    
  -------------------------------------------------------------------
                         slack                                 12.583    

Slack (MET) :             12.698ns  (required time - arrival time)
  Source:                 axi_gpio_ext_jp_i/ps7_0_axi_periph/s00_couplers/auto_pc/inst/gen_axilite.gen_b2s_conv.axilite_b2s/SI_REG/aw.aw_pipe/m_payload_i_reg[39]/C
                            (rising edge-triggered cell FDRE clocked by clk_fpga_0  {rise@0.000ns fall@10.000ns period=20.000ns})
  Destination:            axi_gpio_ext_jp_i/ps7_0_axi_periph/s00_couplers/auto_pc/inst/gen_axilite.gen_b2s_conv.axilite_b2s/WR.aw_channel_0/cmd_translator_0/incr_cmd_0/axaddr_incr_reg[4]/D
                            (rising edge-triggered cell FDRE clocked by clk_fpga_0  {rise@0.000ns fall@10.000ns period=20.000ns})
  Path Group:             clk_fpga_0
  Path Type:              Setup (Max at Slow Process Corner)
  Requirement:            20.000ns  (clk_fpga_0 rise@20.000ns - clk_fpga_0 rise@0.000ns)
  Data Path Delay:        7.052ns  (logic 2.452ns (34.768%)  route 4.600ns (65.232%))
  Logic Levels:           7  (CARRY4=2 LUT3=3 LUT4=1 LUT6=1)
  Clock Path Skew:        -0.026ns (DCD - SCD + CPR)
    Destination Clock Delay (DCD):    2.740ns = ( 22.740 - 20.000 ) 
    Source Clock Delay      (SCD):    3.034ns
    Clock Pessimism Removal (CPR):    0.267ns
  Clock Uncertainty:      0.302ns  ((TSJ^2 + TIJ^2)^1/2 + DJ) / 2 + PE
    Total System Jitter     (TSJ):    0.071ns
    Total Input Jitter      (TIJ):    0.600ns
    Discrete Jitter          (DJ):    0.000ns
    Phase Error              (PE):    0.000ns

    Location             Delay type                Incr(ns)  Path(ns)    Netlist Resource(s)
  -------------------------------------------------------------------    -------------------
                         (clock clk_fpga_0 rise edge)
                                                      0.000     0.000 r  
    PS7_X0Y0             PS7                          0.000     0.000 r  axi_gpio_ext_jp_i/processing_system7_0/inst/PS7_i/FCLKCLK[0]
                         net (fo=1, routed)           1.207     1.207    axi_gpio_ext_jp_i/processing_system7_0/inst/FCLK_CLK_unbuffered[0]
    BUFGCTRL_X0Y0        BUFG (Prop_bufg_I_O)         0.101     1.308 r  axi_gpio_ext_jp_i/processing_system7_0/inst/buffer_fclk_clk_0.FCLK_CLK_0_BUFG/O
                         net (fo=913, routed)         1.726     3.034    axi_gpio_ext_jp_i/ps7_0_axi_periph/s00_couplers/auto_pc/inst/gen_axilite.gen_b2s_conv.axilite_b2s/SI_REG/aw.aw_pipe/aclk
    SLICE_X4Y40          FDRE                                         r  axi_gpio_ext_jp_i/ps7_0_axi_periph/s00_couplers/auto_pc/inst/gen_axilite.gen_b2s_conv.axilite_b2s/SI_REG/aw.aw_pipe/m_payload_i_reg[39]/C
  -------------------------------------------------------------------    -------------------
    SLICE_X4Y40          FDRE (Prop_fdre_C_Q)         0.478     3.512 r  axi_gpio_ext_jp_i/ps7_0_axi_periph/s00_couplers/auto_pc/inst/gen_axilite.gen_b2s_conv.axilite_b2s/SI_REG/aw.aw_pipe/m_payload_i_reg[39]/Q
                         net (fo=7, routed)           0.784     4.296    axi_gpio_ext_jp_i/ps7_0_axi_periph/s00_couplers/auto_pc/inst/gen_axilite.gen_b2s_conv.axilite_b2s/WR.aw_channel_0/cmd_translator_0/axlen_cnt_reg[3][11]
    SLICE_X8Y35          LUT3 (Prop_lut3_I1_O)        0.301     4.597 f  axi_gpio_ext_jp_i/ps7_0_axi_periph/s00_couplers/auto_pc/inst/gen_axilite.gen_b2s_conv.axilite_b2s/WR.aw_channel_0/cmd_translator_0/FSM_sequential_state[1]_i_2/O
                         net (fo=3, routed)           1.016     5.614    axi_gpio_ext_jp_i/ps7_0_axi_periph/s00_couplers/auto_pc/inst/gen_axilite.gen_b2s_conv.axilite_b2s/WR.aw_channel_0/aw_cmd_fsm_0/FSM_sequential_state_reg[1]_0
    SLICE_X9Y41          LUT6 (Prop_lut6_I3_O)        0.124     5.738 r  axi_gpio_ext_jp_i/ps7_0_axi_periph/s00_couplers/auto_pc/inst/gen_axilite.gen_b2s_conv.axilite_b2s/WR.aw_channel_0/aw_cmd_fsm_0/memory_reg[3][0]_srl4_i_1/O
                         net (fo=30, routed)          1.022     6.760    axi_gpio_ext_jp_i/ps7_0_axi_periph/s00_couplers/auto_pc/inst/gen_axilite.gen_b2s_conv.axilite_b2s/WR.aw_channel_0/aw_cmd_fsm_0/m_axi_awready_0
    SLICE_X7Y35          LUT3 (Prop_lut3_I2_O)        0.152     6.912 r  axi_gpio_ext_jp_i/ps7_0_axi_periph/s00_couplers/auto_pc/inst/gen_axilite.gen_b2s_conv.axilite_b2s/WR.aw_channel_0/aw_cmd_fsm_0/next_pending_r_i_3/O
                         net (fo=23, routed)          1.177     8.088    axi_gpio_ext_jp_i/ps7_0_axi_periph/s00_couplers/auto_pc/inst/gen_axilite.gen_b2s_conv.axilite_b2s/WR.aw_channel_0/cmd_translator_0/incr_cmd_0/next
    SLICE_X3Y38          LUT4 (Prop_lut4_I3_O)        0.326     8.414 r  axi_gpio_ext_jp_i/ps7_0_axi_periph/s00_couplers/auto_pc/inst/gen_axilite.gen_b2s_conv.axilite_b2s/WR.aw_channel_0/cmd_translator_0/incr_cmd_0/axaddr_incr[3]_i_9/O
                         net (fo=1, routed)           0.000     8.414    axi_gpio_ext_jp_i/ps7_0_axi_periph/s00_couplers/auto_pc/inst/gen_axilite.gen_b2s_conv.axilite_b2s/SI_REG/aw.aw_pipe/axaddr_incr_reg[3][1]
    SLICE_X3Y38          CARRY4 (Prop_carry4_S[1]_CO[3])
                                                      0.550     8.964 r  axi_gpio_ext_jp_i/ps7_0_axi_periph/s00_couplers/auto_pc/inst/gen_axilite.gen_b2s_conv.axilite_b2s/SI_REG/aw.aw_pipe/axaddr_incr_reg[3]_i_2/CO[3]
                         net (fo=1, routed)           0.000     8.964    axi_gpio_ext_jp_i/ps7_0_axi_periph/s00_couplers/auto_pc/inst/gen_axilite.gen_b2s_conv.axilite_b2s/SI_REG/aw.aw_pipe/axaddr_incr_reg[3]_i_2_n_0
    SLICE_X3Y39          CARRY4 (Prop_carry4_CI_O[0])
                                                      0.222     9.186 r  axi_gpio_ext_jp_i/ps7_0_axi_periph/s00_couplers/auto_pc/inst/gen_axilite.gen_b2s_conv.axilite_b2s/SI_REG/aw.aw_pipe/axaddr_incr_reg[7]_i_2/O[0]
                         net (fo=1, routed)           0.601     9.787    axi_gpio_ext_jp_i/ps7_0_axi_periph/s00_couplers/auto_pc/inst/gen_axilite.gen_b2s_conv.axilite_b2s/WR.aw_channel_0/cmd_translator_0/incr_cmd_0/axaddr_incr[4]
    SLICE_X4Y38          LUT3 (Prop_lut3_I0_O)        0.299    10.086 r  axi_gpio_ext_jp_i/ps7_0_axi_periph/s00_couplers/auto_pc/inst/gen_axilite.gen_b2s_conv.axilite_b2s/WR.aw_channel_0/cmd_translator_0/incr_cmd_0/axaddr_incr[4]_i_1/O
                         net (fo=1, routed)           0.000    10.086    axi_gpio_ext_jp_i/ps7_0_axi_periph/s00_couplers/auto_pc/inst/gen_axilite.gen_b2s_conv.axilite_b2s/WR.aw_channel_0/cmd_translator_0/incr_cmd_0/p_1_in[4]
    SLICE_X4Y38          FDRE                                         r  axi_gpio_ext_jp_i/ps7_0_axi_periph/s00_couplers/auto_pc/inst/gen_axilite.gen_b2s_conv.axilite_b2s/WR.aw_channel_0/cmd_translator_0/incr_cmd_0/axaddr_incr_reg[4]/D
  -------------------------------------------------------------------    -------------------

                         (clock clk_fpga_0 rise edge)
                                                     20.000    20.000 r  
    PS7_X0Y0             PS7                          0.000    20.000 r  axi_gpio_ext_jp_i/processing_system7_0/inst/PS7_i/FCLKCLK[0]
                         net (fo=1, routed)           1.101    21.101    axi_gpio_ext_jp_i/processing_system7_0/inst/FCLK_CLK_unbuffered[0]
    BUFGCTRL_X0Y0        BUFG (Prop_bufg_I_O)         0.091    21.192 r  axi_gpio_ext_jp_i/processing_system7_0/inst/buffer_fclk_clk_0.FCLK_CLK_0_BUFG/O
                         net (fo=913, routed)         1.548    22.741    axi_gpio_ext_jp_i/ps7_0_axi_periph/s00_couplers/auto_pc/inst/gen_axilite.gen_b2s_conv.axilite_b2s/WR.aw_channel_0/cmd_translator_0/incr_cmd_0/aclk
    SLICE_X4Y38          FDRE                                         r  axi_gpio_ext_jp_i/ps7_0_axi_periph/s00_couplers/auto_pc/inst/gen_axilite.gen_b2s_conv.axilite_b2s/WR.aw_channel_0/cmd_translator_0/incr_cmd_0/axaddr_incr_reg[4]/C
                         clock pessimism              0.267    23.008    
                         clock uncertainty           -0.302    22.706    
    SLICE_X4Y38          FDRE (Setup_fdre_C_D)        0.079    22.785    axi_gpio_ext_jp_i/ps7_0_axi_periph/s00_couplers/auto_pc/inst/gen_axilite.gen_b2s_conv.axilite_b2s/WR.aw_channel_0/cmd_translator_0/incr_cmd_0/axaddr_incr_reg[4]
  -------------------------------------------------------------------
                         required time                         22.785    
                         arrival time                         -10.086    
  -------------------------------------------------------------------
                         slack                                 12.698    

Slack (MET) :             12.700ns  (required time - arrival time)
  Source:                 axi_gpio_ext_jp_i/ps7_0_axi_periph/s00_couplers/auto_pc/inst/gen_axilite.gen_b2s_conv.axilite_b2s/SI_REG/aw.aw_pipe/m_payload_i_reg[39]/C
                            (rising edge-triggered cell FDRE clocked by clk_fpga_0  {rise@0.000ns fall@10.000ns period=20.000ns})
  Destination:            axi_gpio_ext_jp_i/ps7_0_axi_periph/s00_couplers/auto_pc/inst/gen_axilite.gen_b2s_conv.axilite_b2s/WR.aw_channel_0/cmd_translator_0/incr_cmd_0/axaddr_incr_reg[5]/D
                            (rising edge-triggered cell FDRE clocked by clk_fpga_0  {rise@0.000ns fall@10.000ns period=20.000ns})
  Path Group:             clk_fpga_0
  Path Type:              Setup (Max at Slow Process Corner)
  Requirement:            20.000ns  (clk_fpga_0 rise@20.000ns - clk_fpga_0 rise@0.000ns)
  Data Path Delay:        7.009ns  (logic 2.568ns (36.636%)  route 4.441ns (63.364%))
  Logic Levels:           7  (CARRY4=2 LUT3=3 LUT4=1 LUT6=1)
  Clock Path Skew:        -0.066ns (DCD - SCD + CPR)
    Destination Clock Delay (DCD):    2.737ns = ( 22.737 - 20.000 ) 
    Source Clock Delay      (SCD):    3.034ns
    Clock Pessimism Removal (CPR):    0.230ns
  Clock Uncertainty:      0.302ns  ((TSJ^2 + TIJ^2)^1/2 + DJ) / 2 + PE
    Total System Jitter     (TSJ):    0.071ns
    Total Input Jitter      (TIJ):    0.600ns
    Discrete Jitter          (DJ):    0.000ns
    Phase Error              (PE):    0.000ns

    Location             Delay type                Incr(ns)  Path(ns)    Netlist Resource(s)
  -------------------------------------------------------------------    -------------------
                         (clock clk_fpga_0 rise edge)
                                                      0.000     0.000 r  
    PS7_X0Y0             PS7                          0.000     0.000 r  axi_gpio_ext_jp_i/processing_system7_0/inst/PS7_i/FCLKCLK[0]
                         net (fo=1, routed)           1.207     1.207    axi_gpio_ext_jp_i/processing_system7_0/inst/FCLK_CLK_unbuffered[0]
    BUFGCTRL_X0Y0        BUFG (Prop_bufg_I_O)         0.101     1.308 r  axi_gpio_ext_jp_i/processing_system7_0/inst/buffer_fclk_clk_0.FCLK_CLK_0_BUFG/O
                         net (fo=913, routed)         1.726     3.034    axi_gpio_ext_jp_i/ps7_0_axi_periph/s00_couplers/auto_pc/inst/gen_axilite.gen_b2s_conv.axilite_b2s/SI_REG/aw.aw_pipe/aclk
    SLICE_X4Y40          FDRE                                         r  axi_gpio_ext_jp_i/ps7_0_axi_periph/s00_couplers/auto_pc/inst/gen_axilite.gen_b2s_conv.axilite_b2s/SI_REG/aw.aw_pipe/m_payload_i_reg[39]/C
  -------------------------------------------------------------------    -------------------
    SLICE_X4Y40          FDRE (Prop_fdre_C_Q)         0.478     3.512 r  axi_gpio_ext_jp_i/ps7_0_axi_periph/s00_couplers/auto_pc/inst/gen_axilite.gen_b2s_conv.axilite_b2s/SI_REG/aw.aw_pipe/m_payload_i_reg[39]/Q
                         net (fo=7, routed)           0.784     4.296    axi_gpio_ext_jp_i/ps7_0_axi_periph/s00_couplers/auto_pc/inst/gen_axilite.gen_b2s_conv.axilite_b2s/WR.aw_channel_0/cmd_translator_0/axlen_cnt_reg[3][11]
    SLICE_X8Y35          LUT3 (Prop_lut3_I1_O)        0.301     4.597 f  axi_gpio_ext_jp_i/ps7_0_axi_periph/s00_couplers/auto_pc/inst/gen_axilite.gen_b2s_conv.axilite_b2s/WR.aw_channel_0/cmd_translator_0/FSM_sequential_state[1]_i_2/O
                         net (fo=3, routed)           1.016     5.614    axi_gpio_ext_jp_i/ps7_0_axi_periph/s00_couplers/auto_pc/inst/gen_axilite.gen_b2s_conv.axilite_b2s/WR.aw_channel_0/aw_cmd_fsm_0/FSM_sequential_state_reg[1]_0
    SLICE_X9Y41          LUT6 (Prop_lut6_I3_O)        0.124     5.738 r  axi_gpio_ext_jp_i/ps7_0_axi_periph/s00_couplers/auto_pc/inst/gen_axilite.gen_b2s_conv.axilite_b2s/WR.aw_channel_0/aw_cmd_fsm_0/memory_reg[3][0]_srl4_i_1/O
                         net (fo=30, routed)          1.022     6.760    axi_gpio_ext_jp_i/ps7_0_axi_periph/s00_couplers/auto_pc/inst/gen_axilite.gen_b2s_conv.axilite_b2s/WR.aw_channel_0/aw_cmd_fsm_0/m_axi_awready_0
    SLICE_X7Y35          LUT3 (Prop_lut3_I2_O)        0.152     6.912 r  axi_gpio_ext_jp_i/ps7_0_axi_periph/s00_couplers/auto_pc/inst/gen_axilite.gen_b2s_conv.axilite_b2s/WR.aw_channel_0/aw_cmd_fsm_0/next_pending_r_i_3/O
                         net (fo=23, routed)          1.177     8.088    axi_gpio_ext_jp_i/ps7_0_axi_periph/s00_couplers/auto_pc/inst/gen_axilite.gen_b2s_conv.axilite_b2s/WR.aw_channel_0/cmd_translator_0/incr_cmd_0/next
    SLICE_X3Y38          LUT4 (Prop_lut4_I3_O)        0.326     8.414 r  axi_gpio_ext_jp_i/ps7_0_axi_periph/s00_couplers/auto_pc/inst/gen_axilite.gen_b2s_conv.axilite_b2s/WR.aw_channel_0/cmd_translator_0/incr_cmd_0/axaddr_incr[3]_i_9/O
                         net (fo=1, routed)           0.000     8.414    axi_gpio_ext_jp_i/ps7_0_axi_periph/s00_couplers/auto_pc/inst/gen_axilite.gen_b2s_conv.axilite_b2s/SI_REG/aw.aw_pipe/axaddr_incr_reg[3][1]
    SLICE_X3Y38          CARRY4 (Prop_carry4_S[1]_CO[3])
                                                      0.550     8.964 r  axi_gpio_ext_jp_i/ps7_0_axi_periph/s00_couplers/auto_pc/inst/gen_axilite.gen_b2s_conv.axilite_b2s/SI_REG/aw.aw_pipe/axaddr_incr_reg[3]_i_2/CO[3]
                         net (fo=1, routed)           0.000     8.964    axi_gpio_ext_jp_i/ps7_0_axi_periph/s00_couplers/auto_pc/inst/gen_axilite.gen_b2s_conv.axilite_b2s/SI_REG/aw.aw_pipe/axaddr_incr_reg[3]_i_2_n_0
    SLICE_X3Y39          CARRY4 (Prop_carry4_CI_O[1])
                                                      0.334     9.298 r  axi_gpio_ext_jp_i/ps7_0_axi_periph/s00_couplers/auto_pc/inst/gen_axilite.gen_b2s_conv.axilite_b2s/SI_REG/aw.aw_pipe/axaddr_incr_reg[7]_i_2/O[1]
                         net (fo=1, routed)           0.442     9.740    axi_gpio_ext_jp_i/ps7_0_axi_periph/s00_couplers/auto_pc/inst/gen_axilite.gen_b2s_conv.axilite_b2s/WR.aw_channel_0/cmd_translator_0/incr_cmd_0/axaddr_incr[5]
    SLICE_X0Y39          LUT3 (Prop_lut3_I0_O)        0.303    10.043 r  axi_gpio_ext_jp_i/ps7_0_axi_periph/s00_couplers/auto_pc/inst/gen_axilite.gen_b2s_conv.axilite_b2s/WR.aw_channel_0/cmd_translator_0/incr_cmd_0/axaddr_incr[5]_i_1/O
                         net (fo=1, routed)           0.000    10.043    axi_gpio_ext_jp_i/ps7_0_axi_periph/s00_couplers/auto_pc/inst/gen_axilite.gen_b2s_conv.axilite_b2s/WR.aw_channel_0/cmd_translator_0/incr_cmd_0/p_1_in[5]
    SLICE_X0Y39          FDRE                                         r  axi_gpio_ext_jp_i/ps7_0_axi_periph/s00_couplers/auto_pc/inst/gen_axilite.gen_b2s_conv.axilite_b2s/WR.aw_channel_0/cmd_translator_0/incr_cmd_0/axaddr_incr_reg[5]/D
  -------------------------------------------------------------------    -------------------

                         (clock clk_fpga_0 rise edge)
                                                     20.000    20.000 r  
    PS7_X0Y0             PS7                          0.000    20.000 r  axi_gpio_ext_jp_i/processing_system7_0/inst/PS7_i/FCLKCLK[0]
                         net (fo=1, routed)           1.101    21.101    axi_gpio_ext_jp_i/processing_system7_0/inst/FCLK_CLK_unbuffered[0]
    BUFGCTRL_X0Y0        BUFG (Prop_bufg_I_O)         0.091    21.192 r  axi_gpio_ext_jp_i/processing_system7_0/inst/buffer_fclk_clk_0.FCLK_CLK_0_BUFG/O
                         net (fo=913, routed)         1.545    22.738    axi_gpio_ext_jp_i/ps7_0_axi_periph/s00_couplers/auto_pc/inst/gen_axilite.gen_b2s_conv.axilite_b2s/WR.aw_channel_0/cmd_translator_0/incr_cmd_0/aclk
    SLICE_X0Y39          FDRE                                         r  axi_gpio_ext_jp_i/ps7_0_axi_periph/s00_couplers/auto_pc/inst/gen_axilite.gen_b2s_conv.axilite_b2s/WR.aw_channel_0/cmd_translator_0/incr_cmd_0/axaddr_incr_reg[5]/C
                         clock pessimism              0.230    22.968    
                         clock uncertainty           -0.302    22.666    
    SLICE_X0Y39          FDRE (Setup_fdre_C_D)        0.077    22.743    axi_gpio_ext_jp_i/ps7_0_axi_periph/s00_couplers/auto_pc/inst/gen_axilite.gen_b2s_conv.axilite_b2s/WR.aw_channel_0/cmd_translator_0/incr_cmd_0/axaddr_incr_reg[5]
  -------------------------------------------------------------------
                         required time                         22.743    
                         arrival time                         -10.043    
  -------------------------------------------------------------------
                         slack                                 12.700    

Slack (MET) :             12.904ns  (required time - arrival time)
  Source:                 axi_gpio_ext_jp_i/ps7_0_axi_periph/s00_couplers/auto_pc/inst/gen_axilite.gen_b2s_conv.axilite_b2s/SI_REG/aw.aw_pipe/m_payload_i_reg[39]/C
                            (rising edge-triggered cell FDRE clocked by clk_fpga_0  {rise@0.000ns fall@10.000ns period=20.000ns})
  Destination:            axi_gpio_ext_jp_i/ps7_0_axi_periph/s00_couplers/auto_pc/inst/gen_axilite.gen_b2s_conv.axilite_b2s/WR.aw_channel_0/cmd_translator_0/incr_cmd_0/axaddr_incr_reg[2]/D
                            (rising edge-triggered cell FDRE clocked by clk_fpga_0  {rise@0.000ns fall@10.000ns period=20.000ns})
  Path Group:             clk_fpga_0
  Path Type:              Setup (Max at Slow Process Corner)
  Requirement:            20.000ns  (clk_fpga_0 rise@20.000ns - clk_fpga_0 rise@0.000ns)
  Data Path Delay:        6.849ns  (logic 2.263ns (33.041%)  route 4.586ns (66.959%))
  Logic Levels:           6  (CARRY4=1 LUT3=3 LUT4=1 LUT6=1)
  Clock Path Skew:        -0.026ns (DCD - SCD + CPR)
    Destination Clock Delay (DCD):    2.740ns = ( 22.740 - 20.000 ) 
    Source Clock Delay      (SCD):    3.034ns
    Clock Pessimism Removal (CPR):    0.267ns
  Clock Uncertainty:      0.302ns  ((TSJ^2 + TIJ^2)^1/2 + DJ) / 2 + PE
    Total System Jitter     (TSJ):    0.071ns
    Total Input Jitter      (TIJ):    0.600ns
    Discrete Jitter          (DJ):    0.000ns
    Phase Error              (PE):    0.000ns

    Location             Delay type                Incr(ns)  Path(ns)    Netlist Resource(s)
  -------------------------------------------------------------------    -------------------
                         (clock clk_fpga_0 rise edge)
                                                      0.000     0.000 r  
    PS7_X0Y0             PS7                          0.000     0.000 r  axi_gpio_ext_jp_i/processing_system7_0/inst/PS7_i/FCLKCLK[0]
                         net (fo=1, routed)           1.207     1.207    axi_gpio_ext_jp_i/processing_system7_0/inst/FCLK_CLK_unbuffered[0]
    BUFGCTRL_X0Y0        BUFG (Prop_bufg_I_O)         0.101     1.308 r  axi_gpio_ext_jp_i/processing_system7_0/inst/buffer_fclk_clk_0.FCLK_CLK_0_BUFG/O
                         net (fo=913, routed)         1.726     3.034    axi_gpio_ext_jp_i/ps7_0_axi_periph/s00_couplers/auto_pc/inst/gen_axilite.gen_b2s_conv.axilite_b2s/SI_REG/aw.aw_pipe/aclk
    SLICE_X4Y40          FDRE                                         r  axi_gpio_ext_jp_i/ps7_0_axi_periph/s00_couplers/auto_pc/inst/gen_axilite.gen_b2s_conv.axilite_b2s/SI_REG/aw.aw_pipe/m_payload_i_reg[39]/C
  -------------------------------------------------------------------    -------------------
    SLICE_X4Y40          FDRE (Prop_fdre_C_Q)         0.478     3.512 r  axi_gpio_ext_jp_i/ps7_0_axi_periph/s00_couplers/auto_pc/inst/gen_axilite.gen_b2s_conv.axilite_b2s/SI_REG/aw.aw_pipe/m_payload_i_reg[39]/Q
                         net (fo=7, routed)           0.784     4.296    axi_gpio_ext_jp_i/ps7_0_axi_periph/s00_couplers/auto_pc/inst/gen_axilite.gen_b2s_conv.axilite_b2s/WR.aw_channel_0/cmd_translator_0/axlen_cnt_reg[3][11]
    SLICE_X8Y35          LUT3 (Prop_lut3_I1_O)        0.301     4.597 f  axi_gpio_ext_jp_i/ps7_0_axi_periph/s00_couplers/auto_pc/inst/gen_axilite.gen_b2s_conv.axilite_b2s/WR.aw_channel_0/cmd_translator_0/FSM_sequential_state[1]_i_2/O
                         net (fo=3, routed)           1.016     5.614    axi_gpio_ext_jp_i/ps7_0_axi_periph/s00_couplers/auto_pc/inst/gen_axilite.gen_b2s_conv.axilite_b2s/WR.aw_channel_0/aw_cmd_fsm_0/FSM_sequential_state_reg[1]_0
    SLICE_X9Y41          LUT6 (Prop_lut6_I3_O)        0.124     5.738 r  axi_gpio_ext_jp_i/ps7_0_axi_periph/s00_couplers/auto_pc/inst/gen_axilite.gen_b2s_conv.axilite_b2s/WR.aw_channel_0/aw_cmd_fsm_0/memory_reg[3][0]_srl4_i_1/O
                         net (fo=30, routed)          1.022     6.760    axi_gpio_ext_jp_i/ps7_0_axi_periph/s00_couplers/auto_pc/inst/gen_axilite.gen_b2s_conv.axilite_b2s/WR.aw_channel_0/aw_cmd_fsm_0/m_axi_awready_0
    SLICE_X7Y35          LUT3 (Prop_lut3_I2_O)        0.152     6.912 r  axi_gpio_ext_jp_i/ps7_0_axi_periph/s00_couplers/auto_pc/inst/gen_axilite.gen_b2s_conv.axilite_b2s/WR.aw_channel_0/aw_cmd_fsm_0/next_pending_r_i_3/O
                         net (fo=23, routed)          1.177     8.088    axi_gpio_ext_jp_i/ps7_0_axi_periph/s00_couplers/auto_pc/inst/gen_axilite.gen_b2s_conv.axilite_b2s/WR.aw_channel_0/cmd_translator_0/incr_cmd_0/next
    SLICE_X3Y38          LUT4 (Prop_lut4_I3_O)        0.326     8.414 r  axi_gpio_ext_jp_i/ps7_0_axi_periph/s00_couplers/auto_pc/inst/gen_axilite.gen_b2s_conv.axilite_b2s/WR.aw_channel_0/cmd_translator_0/incr_cmd_0/axaddr_incr[3]_i_9/O
                         net (fo=1, routed)           0.000     8.414    axi_gpio_ext_jp_i/ps7_0_axi_periph/s00_couplers/auto_pc/inst/gen_axilite.gen_b2s_conv.axilite_b2s/SI_REG/aw.aw_pipe/axaddr_incr_reg[3][1]
    SLICE_X3Y38          CARRY4 (Prop_carry4_S[1]_O[2])
                                                      0.580     8.994 r  axi_gpio_ext_jp_i/ps7_0_axi_periph/s00_couplers/auto_pc/inst/gen_axilite.gen_b2s_conv.axilite_b2s/SI_REG/aw.aw_pipe/axaddr_incr_reg[3]_i_2/O[2]
                         net (fo=1, routed)           0.587     9.581    axi_gpio_ext_jp_i/ps7_0_axi_periph/s00_couplers/auto_pc/inst/gen_axilite.gen_b2s_conv.axilite_b2s/WR.aw_channel_0/cmd_translator_0/incr_cmd_0/axaddr_incr[2]
    SLICE_X4Y38          LUT3 (Prop_lut3_I0_O)        0.302     9.883 r  axi_gpio_ext_jp_i/ps7_0_axi_periph/s00_couplers/auto_pc/inst/gen_axilite.gen_b2s_conv.axilite_b2s/WR.aw_channel_0/cmd_translator_0/incr_cmd_0/axaddr_incr[2]_i_1/O
                         net (fo=1, routed)           0.000     9.883    axi_gpio_ext_jp_i/ps7_0_axi_periph/s00_couplers/auto_pc/inst/gen_axilite.gen_b2s_conv.axilite_b2s/WR.aw_channel_0/cmd_translator_0/incr_cmd_0/p_1_in[2]
    SLICE_X4Y38          FDRE                                         r  axi_gpio_ext_jp_i/ps7_0_axi_periph/s00_couplers/auto_pc/inst/gen_axilite.gen_b2s_conv.axilite_b2s/WR.aw_channel_0/cmd_translator_0/incr_cmd_0/axaddr_incr_reg[2]/D
  -------------------------------------------------------------------    -------------------

                         (clock clk_fpga_0 rise edge)
                                                     20.000    20.000 r  
    PS7_X0Y0             PS7                          0.000    20.000 r  axi_gpio_ext_jp_i/processing_system7_0/inst/PS7_i/FCLKCLK[0]
                         net (fo=1, routed)           1.101    21.101    axi_gpio_ext_jp_i/processing_system7_0/inst/FCLK_CLK_unbuffered[0]
    BUFGCTRL_X0Y0        BUFG (Prop_bufg_I_O)         0.091    21.192 r  axi_gpio_ext_jp_i/processing_system7_0/inst/buffer_fclk_clk_0.FCLK_CLK_0_BUFG/O
                         net (fo=913, routed)         1.548    22.741    axi_gpio_ext_jp_i/ps7_0_axi_periph/s00_couplers/auto_pc/inst/gen_axilite.gen_b2s_conv.axilite_b2s/WR.aw_channel_0/cmd_translator_0/incr_cmd_0/aclk
    SLICE_X4Y38          FDRE                                         r  axi_gpio_ext_jp_i/ps7_0_axi_periph/s00_couplers/auto_pc/inst/gen_axilite.gen_b2s_conv.axilite_b2s/WR.aw_channel_0/cmd_translator_0/incr_cmd_0/axaddr_incr_reg[2]/C
                         clock pessimism              0.267    23.008    
                         clock uncertainty           -0.302    22.706    
    SLICE_X4Y38          FDRE (Setup_fdre_C_D)        0.081    22.787    axi_gpio_ext_jp_i/ps7_0_axi_periph/s00_couplers/auto_pc/inst/gen_axilite.gen_b2s_conv.axilite_b2s/WR.aw_channel_0/cmd_translator_0/incr_cmd_0/axaddr_incr_reg[2]
  -------------------------------------------------------------------
                         required time                         22.787    
                         arrival time                          -9.883    
  -------------------------------------------------------------------
                         slack                                 12.904    

Slack (MET) :             13.008ns  (required time - arrival time)
  Source:                 axi_gpio_ext_jp_i/ps7_0_axi_periph/s00_couplers/auto_pc/inst/gen_axilite.gen_b2s_conv.axilite_b2s/SI_REG/aw.aw_pipe/m_payload_i_reg[39]/C
                            (rising edge-triggered cell FDRE clocked by clk_fpga_0  {rise@0.000ns fall@10.000ns period=20.000ns})
  Destination:            axi_gpio_ext_jp_i/ps7_0_axi_periph/s00_couplers/auto_pc/inst/gen_axilite.gen_b2s_conv.axilite_b2s/WR.aw_channel_0/cmd_translator_0/incr_cmd_0/axaddr_incr_reg[1]/D
                            (rising edge-triggered cell FDRE clocked by clk_fpga_0  {rise@0.000ns fall@10.000ns period=20.000ns})
  Path Group:             clk_fpga_0
  Path Type:              Setup (Max at Slow Process Corner)
  Requirement:            20.000ns  (clk_fpga_0 rise@20.000ns - clk_fpga_0 rise@0.000ns)
  Data Path Delay:        6.782ns  (logic 1.935ns (28.533%)  route 4.847ns (71.467%))
  Logic Levels:           6  (CARRY4=1 LUT3=3 LUT4=1 LUT6=1)
  Clock Path Skew:        -0.026ns (DCD - SCD + CPR)
    Destination Clock Delay (DCD):    2.740ns = ( 22.740 - 20.000 ) 
    Source Clock Delay      (SCD):    3.034ns
    Clock Pessimism Removal (CPR):    0.267ns
  Clock Uncertainty:      0.302ns  ((TSJ^2 + TIJ^2)^1/2 + DJ) / 2 + PE
    Total System Jitter     (TSJ):    0.071ns
    Total Input Jitter      (TIJ):    0.600ns
    Discrete Jitter          (DJ):    0.000ns
    Phase Error              (PE):    0.000ns

    Location             Delay type                Incr(ns)  Path(ns)    Netlist Resource(s)
  -------------------------------------------------------------------    -------------------
                         (clock clk_fpga_0 rise edge)
                                                      0.000     0.000 r  
    PS7_X0Y0             PS7                          0.000     0.000 r  axi_gpio_ext_jp_i/processing_system7_0/inst/PS7_i/FCLKCLK[0]
                         net (fo=1, routed)           1.207     1.207    axi_gpio_ext_jp_i/processing_system7_0/inst/FCLK_CLK_unbuffered[0]
    BUFGCTRL_X0Y0        BUFG (Prop_bufg_I_O)         0.101     1.308 r  axi_gpio_ext_jp_i/processing_system7_0/inst/buffer_fclk_clk_0.FCLK_CLK_0_BUFG/O
                         net (fo=913, routed)         1.726     3.034    axi_gpio_ext_jp_i/ps7_0_axi_periph/s00_couplers/auto_pc/inst/gen_axilite.gen_b2s_conv.axilite_b2s/SI_REG/aw.aw_pipe/aclk
    SLICE_X4Y40          FDRE                                         r  axi_gpio_ext_jp_i/ps7_0_axi_periph/s00_couplers/auto_pc/inst/gen_axilite.gen_b2s_conv.axilite_b2s/SI_REG/aw.aw_pipe/m_payload_i_reg[39]/C
  -------------------------------------------------------------------    -------------------
    SLICE_X4Y40          FDRE (Prop_fdre_C_Q)         0.478     3.512 r  axi_gpio_ext_jp_i/ps7_0_axi_periph/s00_couplers/auto_pc/inst/gen_axilite.gen_b2s_conv.axilite_b2s/SI_REG/aw.aw_pipe/m_payload_i_reg[39]/Q
                         net (fo=7, routed)           0.784     4.296    axi_gpio_ext_jp_i/ps7_0_axi_periph/s00_couplers/auto_pc/inst/gen_axilite.gen_b2s_conv.axilite_b2s/WR.aw_channel_0/cmd_translator_0/axlen_cnt_reg[3][11]
    SLICE_X8Y35          LUT3 (Prop_lut3_I1_O)        0.301     4.597 f  axi_gpio_ext_jp_i/ps7_0_axi_periph/s00_couplers/auto_pc/inst/gen_axilite.gen_b2s_conv.axilite_b2s/WR.aw_channel_0/cmd_translator_0/FSM_sequential_state[1]_i_2/O
                         net (fo=3, routed)           1.016     5.614    axi_gpio_ext_jp_i/ps7_0_axi_periph/s00_couplers/auto_pc/inst/gen_axilite.gen_b2s_conv.axilite_b2s/WR.aw_channel_0/aw_cmd_fsm_0/FSM_sequential_state_reg[1]_0
    SLICE_X9Y41          LUT6 (Prop_lut6_I3_O)        0.124     5.738 r  axi_gpio_ext_jp_i/ps7_0_axi_periph/s00_couplers/auto_pc/inst/gen_axilite.gen_b2s_conv.axilite_b2s/WR.aw_channel_0/aw_cmd_fsm_0/memory_reg[3][0]_srl4_i_1/O
                         net (fo=30, routed)          1.022     6.760    axi_gpio_ext_jp_i/ps7_0_axi_periph/s00_couplers/auto_pc/inst/gen_axilite.gen_b2s_conv.axilite_b2s/WR.aw_channel_0/aw_cmd_fsm_0/m_axi_awready_0
    SLICE_X7Y35          LUT3 (Prop_lut3_I2_O)        0.152     6.912 r  axi_gpio_ext_jp_i/ps7_0_axi_periph/s00_couplers/auto_pc/inst/gen_axilite.gen_b2s_conv.axilite_b2s/WR.aw_channel_0/aw_cmd_fsm_0/next_pending_r_i_3/O
                         net (fo=23, routed)          1.177     8.088    axi_gpio_ext_jp_i/ps7_0_axi_periph/s00_couplers/auto_pc/inst/gen_axilite.gen_b2s_conv.axilite_b2s/WR.aw_channel_0/cmd_translator_0/incr_cmd_0/next
    SLICE_X3Y38          LUT4 (Prop_lut4_I3_O)        0.326     8.414 r  axi_gpio_ext_jp_i/ps7_0_axi_periph/s00_couplers/auto_pc/inst/gen_axilite.gen_b2s_conv.axilite_b2s/WR.aw_channel_0/cmd_translator_0/incr_cmd_0/axaddr_incr[3]_i_9/O
                         net (fo=1, routed)           0.000     8.414    axi_gpio_ext_jp_i/ps7_0_axi_periph/s00_couplers/auto_pc/inst/gen_axilite.gen_b2s_conv.axilite_b2s/SI_REG/aw.aw_pipe/axaddr_incr_reg[3][1]
    SLICE_X3Y38          CARRY4 (Prop_carry4_S[1]_O[1])
                                                      0.227     8.641 r  axi_gpio_ext_jp_i/ps7_0_axi_periph/s00_couplers/auto_pc/inst/gen_axilite.gen_b2s_conv.axilite_b2s/SI_REG/aw.aw_pipe/axaddr_incr_reg[3]_i_2/O[1]
                         net (fo=1, routed)           0.847     9.489    axi_gpio_ext_jp_i/ps7_0_axi_periph/s00_couplers/auto_pc/inst/gen_axilite.gen_b2s_conv.axilite_b2s/WR.aw_channel_0/cmd_translator_0/incr_cmd_0/axaddr_incr[1]
    SLICE_X4Y38          LUT3 (Prop_lut3_I0_O)        0.327     9.816 r  axi_gpio_ext_jp_i/ps7_0_axi_periph/s00_couplers/auto_pc/inst/gen_axilite.gen_b2s_conv.axilite_b2s/WR.aw_channel_0/cmd_translator_0/incr_cmd_0/axaddr_incr[1]_i_1/O
                         net (fo=1, routed)           0.000     9.816    axi_gpio_ext_jp_i/ps7_0_axi_periph/s00_couplers/auto_pc/inst/gen_axilite.gen_b2s_conv.axilite_b2s/WR.aw_channel_0/cmd_translator_0/incr_cmd_0/p_1_in[1]
    SLICE_X4Y38          FDRE                                         r  axi_gpio_ext_jp_i/ps7_0_axi_periph/s00_couplers/auto_pc/inst/gen_axilite.gen_b2s_conv.axilite_b2s/WR.aw_channel_0/cmd_translator_0/incr_cmd_0/axaddr_incr_reg[1]/D
  -------------------------------------------------------------------    -------------------

                         (clock clk_fpga_0 rise edge)
                                                     20.000    20.000 r  
    PS7_X0Y0             PS7                          0.000    20.000 r  axi_gpio_ext_jp_i/processing_system7_0/inst/PS7_i/FCLKCLK[0]
                         net (fo=1, routed)           1.101    21.101    axi_gpio_ext_jp_i/processing_system7_0/inst/FCLK_CLK_unbuffered[0]
    BUFGCTRL_X0Y0        BUFG (Prop_bufg_I_O)         0.091    21.192 r  axi_gpio_ext_jp_i/processing_system7_0/inst/buffer_fclk_clk_0.FCLK_CLK_0_BUFG/O
                         net (fo=913, routed)         1.548    22.741    axi_gpio_ext_jp_i/ps7_0_axi_periph/s00_couplers/auto_pc/inst/gen_axilite.gen_b2s_conv.axilite_b2s/WR.aw_channel_0/cmd_translator_0/incr_cmd_0/aclk
    SLICE_X4Y38          FDRE                                         r  axi_gpio_ext_jp_i/ps7_0_axi_periph/s00_couplers/auto_pc/inst/gen_axilite.gen_b2s_conv.axilite_b2s/WR.aw_channel_0/cmd_translator_0/incr_cmd_0/axaddr_incr_reg[1]/C
                         clock pessimism              0.267    23.008    
                         clock uncertainty           -0.302    22.706    
    SLICE_X4Y38          FDRE (Setup_fdre_C_D)        0.118    22.824    axi_gpio_ext_jp_i/ps7_0_axi_periph/s00_couplers/auto_pc/inst/gen_axilite.gen_b2s_conv.axilite_b2s/WR.aw_channel_0/cmd_translator_0/incr_cmd_0/axaddr_incr_reg[1]
  -------------------------------------------------------------------
                         required time                         22.824    
                         arrival time                          -9.816    
  -------------------------------------------------------------------
                         slack                                 13.008    





Min Delay Paths
--------------------------------------------------------------------------------------
Slack (MET) :             0.102ns  (arrival time - required time)
  Source:                 axi_gpio_ext_jp_i/ps7_0_axi_periph/s00_couplers/auto_pc/inst/gen_axilite.gen_b2s_conv.axilite_b2s/RD.r_channel_0/r_arid_r_reg[6]/C
                            (rising edge-triggered cell FDRE clocked by clk_fpga_0  {rise@0.000ns fall@10.000ns period=20.000ns})
  Destination:            axi_gpio_ext_jp_i/ps7_0_axi_periph/s00_couplers/auto_pc/inst/gen_axilite.gen_b2s_conv.axilite_b2s/RD.r_channel_0/transaction_fifo_0/memory_reg[31][7]_srl32/D
                            (rising edge-triggered cell SRLC32E clocked by clk_fpga_0  {rise@0.000ns fall@10.000ns period=20.000ns})
  Path Group:             clk_fpga_0
  Path Type:              Hold (Min at Fast Process Corner)
  Requirement:            0.000ns  (clk_fpga_0 rise@0.000ns - clk_fpga_0 rise@0.000ns)
  Data Path Delay:        0.318ns  (logic 0.141ns (44.331%)  route 0.177ns (55.669%))
  Logic Levels:           0  
  Clock Path Skew:        0.033ns (DCD - SCD - CPR)
    Destination Clock Delay (DCD):    1.220ns
    Source Clock Delay      (SCD):    0.925ns
    Clock Pessimism Removal (CPR):    0.262ns

    Location             Delay type                Incr(ns)  Path(ns)    Netlist Resource(s)
  -------------------------------------------------------------------    -------------------
                         (clock clk_fpga_0 rise edge)
                                                      0.000     0.000 r  
    PS7_X0Y0             PS7                          0.000     0.000 r  axi_gpio_ext_jp_i/processing_system7_0/inst/PS7_i/FCLKCLK[0]
                         net (fo=1, routed)           0.315     0.315    axi_gpio_ext_jp_i/processing_system7_0/inst/FCLK_CLK_unbuffered[0]
    BUFGCTRL_X0Y0        BUFG (Prop_bufg_I_O)         0.026     0.341 r  axi_gpio_ext_jp_i/processing_system7_0/inst/buffer_fclk_clk_0.FCLK_CLK_0_BUFG/O
                         net (fo=913, routed)         0.584     0.925    axi_gpio_ext_jp_i/ps7_0_axi_periph/s00_couplers/auto_pc/inst/gen_axilite.gen_b2s_conv.axilite_b2s/RD.r_channel_0/aclk
    SLICE_X5Y41          FDRE                                         r  axi_gpio_ext_jp_i/ps7_0_axi_periph/s00_couplers/auto_pc/inst/gen_axilite.gen_b2s_conv.axilite_b2s/RD.r_channel_0/r_arid_r_reg[6]/C
  -------------------------------------------------------------------    -------------------
    SLICE_X5Y41          FDRE (Prop_fdre_C_Q)         0.141     1.066 r  axi_gpio_ext_jp_i/ps7_0_axi_periph/s00_couplers/auto_pc/inst/gen_axilite.gen_b2s_conv.axilite_b2s/RD.r_channel_0/r_arid_r_reg[6]/Q
                         net (fo=1, routed)           0.177     1.243    axi_gpio_ext_jp_i/ps7_0_axi_periph/s00_couplers/auto_pc/inst/gen_axilite.gen_b2s_conv.axilite_b2s/RD.r_channel_0/transaction_fifo_0/in[7]
    SLICE_X0Y42          SRLC32E                                      r  axi_gpio_ext_jp_i/ps7_0_axi_periph/s00_couplers/auto_pc/inst/gen_axilite.gen_b2s_conv.axilite_b2s/RD.r_channel_0/transaction_fifo_0/memory_reg[31][7]_srl32/D
  -------------------------------------------------------------------    -------------------

                         (clock clk_fpga_0 rise edge)
                                                      0.000     0.000 r  
    PS7_X0Y0             PS7                          0.000     0.000 r  axi_gpio_ext_jp_i/processing_system7_0/inst/PS7_i/FCLKCLK[0]
                         net (fo=1, routed)           0.341     0.341    axi_gpio_ext_jp_i/processing_system7_0/inst/FCLK_CLK_unbuffered[0]
    BUFGCTRL_X0Y0        BUFG (Prop_bufg_I_O)         0.029     0.370 r  axi_gpio_ext_jp_i/processing_system7_0/inst/buffer_fclk_clk_0.FCLK_CLK_0_BUFG/O
                         net (fo=913, routed)         0.850     1.220    axi_gpio_ext_jp_i/ps7_0_axi_periph/s00_couplers/auto_pc/inst/gen_axilite.gen_b2s_conv.axilite_b2s/RD.r_channel_0/transaction_fifo_0/aclk
    SLICE_X0Y42          SRLC32E                                      r  axi_gpio_ext_jp_i/ps7_0_axi_periph/s00_couplers/auto_pc/inst/gen_axilite.gen_b2s_conv.axilite_b2s/RD.r_channel_0/transaction_fifo_0/memory_reg[31][7]_srl32/CLK
                         clock pessimism             -0.262     0.958    
    SLICE_X0Y42          SRLC32E (Hold_srlc32e_CLK_D)
                                                      0.183     1.141    axi_gpio_ext_jp_i/ps7_0_axi_periph/s00_couplers/auto_pc/inst/gen_axilite.gen_b2s_conv.axilite_b2s/RD.r_channel_0/transaction_fifo_0/memory_reg[31][7]_srl32
  -------------------------------------------------------------------
                         required time                         -1.141    
                         arrival time                           1.243    
  -------------------------------------------------------------------
                         slack                                  0.102    

Slack (MET) :             0.114ns  (arrival time - required time)
  Source:                 axi_gpio_ext_jp_i/ps7_0_axi_periph/s00_couplers/auto_pc/inst/gen_axilite.gen_b2s_conv.axilite_b2s/RD.r_channel_0/r_arid_r_reg[3]/C
                            (rising edge-triggered cell FDRE clocked by clk_fpga_0  {rise@0.000ns fall@10.000ns period=20.000ns})
  Destination:            axi_gpio_ext_jp_i/ps7_0_axi_periph/s00_couplers/auto_pc/inst/gen_axilite.gen_b2s_conv.axilite_b2s/RD.r_channel_0/transaction_fifo_0/memory_reg[31][4]_srl32/D
                            (rising edge-triggered cell SRLC32E clocked by clk_fpga_0  {rise@0.000ns fall@10.000ns period=20.000ns})
  Path Group:             clk_fpga_0
  Path Type:              Hold (Min at Fast Process Corner)
  Requirement:            0.000ns  (clk_fpga_0 rise@0.000ns - clk_fpga_0 rise@0.000ns)
  Data Path Delay:        0.330ns  (logic 0.141ns (42.750%)  route 0.189ns (57.250%))
  Logic Levels:           0  
  Clock Path Skew:        0.033ns (DCD - SCD - CPR)
    Destination Clock Delay (DCD):    1.220ns
    Source Clock Delay      (SCD):    0.925ns
    Clock Pessimism Removal (CPR):    0.262ns

    Location             Delay type                Incr(ns)  Path(ns)    Netlist Resource(s)
  -------------------------------------------------------------------    -------------------
                         (clock clk_fpga_0 rise edge)
                                                      0.000     0.000 r  
    PS7_X0Y0             PS7                          0.000     0.000 r  axi_gpio_ext_jp_i/processing_system7_0/inst/PS7_i/FCLKCLK[0]
                         net (fo=1, routed)           0.315     0.315    axi_gpio_ext_jp_i/processing_system7_0/inst/FCLK_CLK_unbuffered[0]
    BUFGCTRL_X0Y0        BUFG (Prop_bufg_I_O)         0.026     0.341 r  axi_gpio_ext_jp_i/processing_system7_0/inst/buffer_fclk_clk_0.FCLK_CLK_0_BUFG/O
                         net (fo=913, routed)         0.584     0.925    axi_gpio_ext_jp_i/ps7_0_axi_periph/s00_couplers/auto_pc/inst/gen_axilite.gen_b2s_conv.axilite_b2s/RD.r_channel_0/aclk
    SLICE_X2Y40          FDRE                                         r  axi_gpio_ext_jp_i/ps7_0_axi_periph/s00_couplers/auto_pc/inst/gen_axilite.gen_b2s_conv.axilite_b2s/RD.r_channel_0/r_arid_r_reg[3]/C
  -------------------------------------------------------------------    -------------------
    SLICE_X2Y40          FDRE (Prop_fdre_C_Q)         0.141     1.066 r  axi_gpio_ext_jp_i/ps7_0_axi_periph/s00_couplers/auto_pc/inst/gen_axilite.gen_b2s_conv.axilite_b2s/RD.r_channel_0/r_arid_r_reg[3]/Q
                         net (fo=1, routed)           0.189     1.254    axi_gpio_ext_jp_i/ps7_0_axi_periph/s00_couplers/auto_pc/inst/gen_axilite.gen_b2s_conv.axilite_b2s/RD.r_channel_0/transaction_fifo_0/in[4]
    SLICE_X0Y40          SRLC32E                                      r  axi_gpio_ext_jp_i/ps7_0_axi_periph/s00_couplers/auto_pc/inst/gen_axilite.gen_b2s_conv.axilite_b2s/RD.r_channel_0/transaction_fifo_0/memory_reg[31][4]_srl32/D
  -------------------------------------------------------------------    -------------------

                         (clock clk_fpga_0 rise edge)
                                                      0.000     0.000 r  
    PS7_X0Y0             PS7                          0.000     0.000 r  axi_gpio_ext_jp_i/processing_system7_0/inst/PS7_i/FCLKCLK[0]
                         net (fo=1, routed)           0.341     0.341    axi_gpio_ext_jp_i/processing_system7_0/inst/FCLK_CLK_unbuffered[0]
    BUFGCTRL_X0Y0        BUFG (Prop_bufg_I_O)         0.029     0.370 r  axi_gpio_ext_jp_i/processing_system7_0/inst/buffer_fclk_clk_0.FCLK_CLK_0_BUFG/O
                         net (fo=913, routed)         0.850     1.220    axi_gpio_ext_jp_i/ps7_0_axi_periph/s00_couplers/auto_pc/inst/gen_axilite.gen_b2s_conv.axilite_b2s/RD.r_channel_0/transaction_fifo_0/aclk
    SLICE_X0Y40          SRLC32E                                      r  axi_gpio_ext_jp_i/ps7_0_axi_periph/s00_couplers/auto_pc/inst/gen_axilite.gen_b2s_conv.axilite_b2s/RD.r_channel_0/transaction_fifo_0/memory_reg[31][4]_srl32/CLK
                         clock pessimism             -0.262     0.958    
    SLICE_X0Y40          SRLC32E (Hold_srlc32e_CLK_D)
                                                      0.183     1.141    axi_gpio_ext_jp_i/ps7_0_axi_periph/s00_couplers/auto_pc/inst/gen_axilite.gen_b2s_conv.axilite_b2s/RD.r_channel_0/transaction_fifo_0/memory_reg[31][4]_srl32
  -------------------------------------------------------------------
                         required time                         -1.141    
                         arrival time                           1.254    
  -------------------------------------------------------------------
                         slack                                  0.114    

Slack (MET) :             0.114ns  (arrival time - required time)
  Source:                 axi_gpio_ext_jp_i/ps7_0_axi_periph/xbar/inst/gen_sasd.crossbar_sasd_0/reg_slice_r/m_payload_i_reg[11]/C
                            (rising edge-triggered cell FDRE clocked by clk_fpga_0  {rise@0.000ns fall@10.000ns period=20.000ns})
  Destination:            axi_gpio_ext_jp_i/ps7_0_axi_periph/s00_couplers/auto_pc/inst/gen_axilite.gen_b2s_conv.axilite_b2s/RD.r_channel_0/rd_data_fifo_0/memory_reg[31][8]_srl32/D
                            (rising edge-triggered cell SRLC32E clocked by clk_fpga_0  {rise@0.000ns fall@10.000ns period=20.000ns})
  Path Group:             clk_fpga_0
  Path Type:              Hold (Min at Fast Process Corner)
  Requirement:            0.000ns  (clk_fpga_0 rise@0.000ns - clk_fpga_0 rise@0.000ns)
  Data Path Delay:        0.332ns  (logic 0.164ns (49.411%)  route 0.168ns (50.589%))
  Logic Levels:           0  
  Clock Path Skew:        0.035ns (DCD - SCD - CPR)
    Destination Clock Delay (DCD):    1.202ns
    Source Clock Delay      (SCD):    0.905ns
    Clock Pessimism Removal (CPR):    0.262ns

    Location             Delay type                Incr(ns)  Path(ns)    Netlist Resource(s)
  -------------------------------------------------------------------    -------------------
                         (clock clk_fpga_0 rise edge)
                                                      0.000     0.000 r  
    PS7_X0Y0             PS7                          0.000     0.000 r  axi_gpio_ext_jp_i/processing_system7_0/inst/PS7_i/FCLKCLK[0]
                         net (fo=1, routed)           0.315     0.315    axi_gpio_ext_jp_i/processing_system7_0/inst/FCLK_CLK_unbuffered[0]
    BUFGCTRL_X0Y0        BUFG (Prop_bufg_I_O)         0.026     0.341 r  axi_gpio_ext_jp_i/processing_system7_0/inst/buffer_fclk_clk_0.FCLK_CLK_0_BUFG/O
                         net (fo=913, routed)         0.564     0.905    axi_gpio_ext_jp_i/ps7_0_axi_periph/xbar/inst/gen_sasd.crossbar_sasd_0/reg_slice_r/aclk
    SLICE_X10Y39         FDRE                                         r  axi_gpio_ext_jp_i/ps7_0_axi_periph/xbar/inst/gen_sasd.crossbar_sasd_0/reg_slice_r/m_payload_i_reg[11]/C
  -------------------------------------------------------------------    -------------------
    SLICE_X10Y39         FDRE (Prop_fdre_C_Q)         0.164     1.069 r  axi_gpio_ext_jp_i/ps7_0_axi_periph/xbar/inst/gen_sasd.crossbar_sasd_0/reg_slice_r/m_payload_i_reg[11]/Q
                         net (fo=1, routed)           0.168     1.236    axi_gpio_ext_jp_i/ps7_0_axi_periph/s00_couplers/auto_pc/inst/gen_axilite.gen_b2s_conv.axilite_b2s/RD.r_channel_0/rd_data_fifo_0/in[8]
    SLICE_X8Y39          SRLC32E                                      r  axi_gpio_ext_jp_i/ps7_0_axi_periph/s00_couplers/auto_pc/inst/gen_axilite.gen_b2s_conv.axilite_b2s/RD.r_channel_0/rd_data_fifo_0/memory_reg[31][8]_srl32/D
  -------------------------------------------------------------------    -------------------

                         (clock clk_fpga_0 rise edge)
                                                      0.000     0.000 r  
    PS7_X0Y0             PS7                          0.000     0.000 r  axi_gpio_ext_jp_i/processing_system7_0/inst/PS7_i/FCLKCLK[0]
                         net (fo=1, routed)           0.341     0.341    axi_gpio_ext_jp_i/processing_system7_0/inst/FCLK_CLK_unbuffered[0]
    BUFGCTRL_X0Y0        BUFG (Prop_bufg_I_O)         0.029     0.370 r  axi_gpio_ext_jp_i/processing_system7_0/inst/buffer_fclk_clk_0.FCLK_CLK_0_BUFG/O
                         net (fo=913, routed)         0.832     1.202    axi_gpio_ext_jp_i/ps7_0_axi_periph/s00_couplers/auto_pc/inst/gen_axilite.gen_b2s_conv.axilite_b2s/RD.r_channel_0/rd_data_fifo_0/aclk
    SLICE_X8Y39          SRLC32E                                      r  axi_gpio_ext_jp_i/ps7_0_axi_periph/s00_couplers/auto_pc/inst/gen_axilite.gen_b2s_conv.axilite_b2s/RD.r_channel_0/rd_data_fifo_0/memory_reg[31][8]_srl32/CLK
                         clock pessimism             -0.262     0.940    
    SLICE_X8Y39          SRLC32E (Hold_srlc32e_CLK_D)
                                                      0.183     1.123    axi_gpio_ext_jp_i/ps7_0_axi_periph/s00_couplers/auto_pc/inst/gen_axilite.gen_b2s_conv.axilite_b2s/RD.r_channel_0/rd_data_fifo_0/memory_reg[31][8]_srl32
  -------------------------------------------------------------------
                         required time                         -1.123    
                         arrival time                           1.236    
  -------------------------------------------------------------------
                         slack                                  0.114    

Slack (MET) :             0.114ns  (arrival time - required time)
  Source:                 axi_gpio_ext_jp_i/ps7_0_axi_periph/s00_couplers/auto_pc/inst/gen_axilite.gen_b2s_conv.axilite_b2s/RD.r_channel_0/r_arid_r_reg[2]/C
                            (rising edge-triggered cell FDRE clocked by clk_fpga_0  {rise@0.000ns fall@10.000ns period=20.000ns})
  Destination:            axi_gpio_ext_jp_i/ps7_0_axi_periph/s00_couplers/auto_pc/inst/gen_axilite.gen_b2s_conv.axilite_b2s/RD.r_channel_0/transaction_fifo_0/memory_reg[31][3]_srl32/D
                            (rising edge-triggered cell SRLC32E clocked by clk_fpga_0  {rise@0.000ns fall@10.000ns period=20.000ns})
  Path Group:             clk_fpga_0
  Path Type:              Hold (Min at Fast Process Corner)
  Requirement:            0.000ns  (clk_fpga_0 rise@0.000ns - clk_fpga_0 rise@0.000ns)
  Data Path Delay:        0.256ns  (logic 0.141ns (54.984%)  route 0.115ns (45.016%))
  Logic Levels:           0  
  Clock Path Skew:        0.033ns (DCD - SCD - CPR)
    Destination Clock Delay (DCD):    1.220ns
    Source Clock Delay      (SCD):    0.925ns
    Clock Pessimism Removal (CPR):    0.262ns

    Location             Delay type                Incr(ns)  Path(ns)    Netlist Resource(s)
  -------------------------------------------------------------------    -------------------
                         (clock clk_fpga_0 rise edge)
                                                      0.000     0.000 r  
    PS7_X0Y0             PS7                          0.000     0.000 r  axi_gpio_ext_jp_i/processing_system7_0/inst/PS7_i/FCLKCLK[0]
                         net (fo=1, routed)           0.315     0.315    axi_gpio_ext_jp_i/processing_system7_0/inst/FCLK_CLK_unbuffered[0]
    BUFGCTRL_X0Y0        BUFG (Prop_bufg_I_O)         0.026     0.341 r  axi_gpio_ext_jp_i/processing_system7_0/inst/buffer_fclk_clk_0.FCLK_CLK_0_BUFG/O
                         net (fo=913, routed)         0.584     0.925    axi_gpio_ext_jp_i/ps7_0_axi_periph/s00_couplers/auto_pc/inst/gen_axilite.gen_b2s_conv.axilite_b2s/RD.r_channel_0/aclk
    SLICE_X3Y40          FDRE                                         r  axi_gpio_ext_jp_i/ps7_0_axi_periph/s00_couplers/auto_pc/inst/gen_axilite.gen_b2s_conv.axilite_b2s/RD.r_channel_0/r_arid_r_reg[2]/C
  -------------------------------------------------------------------    -------------------
    SLICE_X3Y40          FDRE (Prop_fdre_C_Q)         0.141     1.066 r  axi_gpio_ext_jp_i/ps7_0_axi_periph/s00_couplers/auto_pc/inst/gen_axilite.gen_b2s_conv.axilite_b2s/RD.r_channel_0/r_arid_r_reg[2]/Q
                         net (fo=1, routed)           0.115     1.181    axi_gpio_ext_jp_i/ps7_0_axi_periph/s00_couplers/auto_pc/inst/gen_axilite.gen_b2s_conv.axilite_b2s/RD.r_channel_0/transaction_fifo_0/in[3]
    SLICE_X0Y40          SRLC32E                                      r  axi_gpio_ext_jp_i/ps7_0_axi_periph/s00_couplers/auto_pc/inst/gen_axilite.gen_b2s_conv.axilite_b2s/RD.r_channel_0/transaction_fifo_0/memory_reg[31][3]_srl32/D
  -------------------------------------------------------------------    -------------------

                         (clock clk_fpga_0 rise edge)
                                                      0.000     0.000 r  
    PS7_X0Y0             PS7                          0.000     0.000 r  axi_gpio_ext_jp_i/processing_system7_0/inst/PS7_i/FCLKCLK[0]
                         net (fo=1, routed)           0.341     0.341    axi_gpio_ext_jp_i/processing_system7_0/inst/FCLK_CLK_unbuffered[0]
    BUFGCTRL_X0Y0        BUFG (Prop_bufg_I_O)         0.029     0.370 r  axi_gpio_ext_jp_i/processing_system7_0/inst/buffer_fclk_clk_0.FCLK_CLK_0_BUFG/O
                         net (fo=913, routed)         0.850     1.220    axi_gpio_ext_jp_i/ps7_0_axi_periph/s00_couplers/auto_pc/inst/gen_axilite.gen_b2s_conv.axilite_b2s/RD.r_channel_0/transaction_fifo_0/aclk
    SLICE_X0Y40          SRLC32E                                      r  axi_gpio_ext_jp_i/ps7_0_axi_periph/s00_couplers/auto_pc/inst/gen_axilite.gen_b2s_conv.axilite_b2s/RD.r_channel_0/transaction_fifo_0/memory_reg[31][3]_srl32/CLK
                         clock pessimism             -0.262     0.958    
    SLICE_X0Y40          SRLC32E (Hold_srlc32e_CLK_D)
                                                      0.109     1.067    axi_gpio_ext_jp_i/ps7_0_axi_periph/s00_couplers/auto_pc/inst/gen_axilite.gen_b2s_conv.axilite_b2s/RD.r_channel_0/transaction_fifo_0/memory_reg[31][3]_srl32
  -------------------------------------------------------------------
                         required time                         -1.067    
                         arrival time                           1.181    
  -------------------------------------------------------------------
                         slack                                  0.114    

Slack (MET) :             0.115ns  (arrival time - required time)
  Source:                 axi_gpio_ext_jp_i/ps7_0_axi_periph/s00_couplers/auto_pc/inst/gen_axilite.gen_b2s_conv.axilite_b2s/SI_REG/aw.aw_pipe/m_payload_i_reg[27]/C
                            (rising edge-triggered cell FDRE clocked by clk_fpga_0  {rise@0.000ns fall@10.000ns period=20.000ns})
  Destination:            axi_gpio_ext_jp_i/ps7_0_axi_periph/xbar/inst/gen_sasd.crossbar_sasd_0/addr_arbiter_inst/gen_no_arbiter.m_amesg_i_reg[28]/D
                            (rising edge-triggered cell FDRE clocked by clk_fpga_0  {rise@0.000ns fall@10.000ns period=20.000ns})
  Path Group:             clk_fpga_0
  Path Type:              Hold (Min at Fast Process Corner)
  Requirement:            0.000ns  (clk_fpga_0 rise@0.000ns - clk_fpga_0 rise@0.000ns)
  Data Path Delay:        0.477ns  (logic 0.186ns (38.972%)  route 0.291ns (61.028%))
  Logic Levels:           1  (LUT4=1)
  Clock Path Skew:        0.270ns (DCD - SCD - CPR)
    Destination Clock Delay (DCD):    1.224ns
    Source Clock Delay      (SCD):    0.925ns
    Clock Pessimism Removal (CPR):    0.029ns

    Location             Delay type                Incr(ns)  Path(ns)    Netlist Resource(s)
  -------------------------------------------------------------------    -------------------
                         (clock clk_fpga_0 rise edge)
                                                      0.000     0.000 r  
    PS7_X0Y0             PS7                          0.000     0.000 r  axi_gpio_ext_jp_i/processing_system7_0/inst/PS7_i/FCLKCLK[0]
                         net (fo=1, routed)           0.315     0.315    axi_gpio_ext_jp_i/processing_system7_0/inst/FCLK_CLK_unbuffered[0]
    BUFGCTRL_X0Y0        BUFG (Prop_bufg_I_O)         0.026     0.341 r  axi_gpio_ext_jp_i/processing_system7_0/inst/buffer_fclk_clk_0.FCLK_CLK_0_BUFG/O
                         net (fo=913, routed)         0.584     0.925    axi_gpio_ext_jp_i/ps7_0_axi_periph/s00_couplers/auto_pc/inst/gen_axilite.gen_b2s_conv.axilite_b2s/SI_REG/aw.aw_pipe/aclk
    SLICE_X2Y50          FDRE                                         r  axi_gpio_ext_jp_i/ps7_0_axi_periph/s00_couplers/auto_pc/inst/gen_axilite.gen_b2s_conv.axilite_b2s/SI_REG/aw.aw_pipe/m_payload_i_reg[27]/C
  -------------------------------------------------------------------    -------------------
    SLICE_X2Y50          FDRE (Prop_fdre_C_Q)         0.141     1.066 r  axi_gpio_ext_jp_i/ps7_0_axi_periph/s00_couplers/auto_pc/inst/gen_axilite.gen_b2s_conv.axilite_b2s/SI_REG/aw.aw_pipe/m_payload_i_reg[27]/Q
                         net (fo=1, routed)           0.291     1.357    axi_gpio_ext_jp_i/ps7_0_axi_periph/xbar/inst/gen_sasd.crossbar_sasd_0/addr_arbiter_inst/s_axi_awaddr[27]
    SLICE_X2Y48          LUT4 (Prop_lut4_I3_O)        0.045     1.402 r  axi_gpio_ext_jp_i/ps7_0_axi_periph/xbar/inst/gen_sasd.crossbar_sasd_0/addr_arbiter_inst/gen_no_arbiter.m_amesg_i[28]_i_1/O
                         net (fo=1, routed)           0.000     1.402    axi_gpio_ext_jp_i/ps7_0_axi_periph/xbar/inst/gen_sasd.crossbar_sasd_0/addr_arbiter_inst/s_amesg[28]
    SLICE_X2Y48          FDRE                                         r  axi_gpio_ext_jp_i/ps7_0_axi_periph/xbar/inst/gen_sasd.crossbar_sasd_0/addr_arbiter_inst/gen_no_arbiter.m_amesg_i_reg[28]/D
  -------------------------------------------------------------------    -------------------

                         (clock clk_fpga_0 rise edge)
                                                      0.000     0.000 r  
    PS7_X0Y0             PS7                          0.000     0.000 r  axi_gpio_ext_jp_i/processing_system7_0/inst/PS7_i/FCLKCLK[0]
                         net (fo=1, routed)           0.341     0.341    axi_gpio_ext_jp_i/processing_system7_0/inst/FCLK_CLK_unbuffered[0]
    BUFGCTRL_X0Y0        BUFG (Prop_bufg_I_O)         0.029     0.370 r  axi_gpio_ext_jp_i/processing_system7_0/inst/buffer_fclk_clk_0.FCLK_CLK_0_BUFG/O
                         net (fo=913, routed)         0.854     1.224    axi_gpio_ext_jp_i/ps7_0_axi_periph/xbar/inst/gen_sasd.crossbar_sasd_0/addr_arbiter_inst/aclk
    SLICE_X2Y48          FDRE                                         r  axi_gpio_ext_jp_i/ps7_0_axi_periph/xbar/inst/gen_sasd.crossbar_sasd_0/addr_arbiter_inst/gen_no_arbiter.m_amesg_i_reg[28]/C
                         clock pessimism             -0.029     1.195    
    SLICE_X2Y48          FDRE (Hold_fdre_C_D)         0.092     1.287    axi_gpio_ext_jp_i/ps7_0_axi_periph/xbar/inst/gen_sasd.crossbar_sasd_0/addr_arbiter_inst/gen_no_arbiter.m_amesg_i_reg[28]
  -------------------------------------------------------------------
                         required time                         -1.287    
                         arrival time                           1.402    
  -------------------------------------------------------------------
                         slack                                  0.115    

Slack (MET) :             0.117ns  (arrival time - required time)
  Source:                 axi_gpio_ext_jp_i/ps7_0_axi_periph/xbar/inst/gen_sasd.crossbar_sasd_0/reg_slice_r/m_payload_i_reg[10]/C
                            (rising edge-triggered cell FDRE clocked by clk_fpga_0  {rise@0.000ns fall@10.000ns period=20.000ns})
  Destination:            axi_gpio_ext_jp_i/ps7_0_axi_periph/s00_couplers/auto_pc/inst/gen_axilite.gen_b2s_conv.axilite_b2s/RD.r_channel_0/rd_data_fifo_0/memory_reg[31][7]_srl32/D
                            (rising edge-triggered cell SRLC32E clocked by clk_fpga_0  {rise@0.000ns fall@10.000ns period=20.000ns})
  Path Group:             clk_fpga_0
  Path Type:              Hold (Min at Fast Process Corner)
  Requirement:            0.000ns  (clk_fpga_0 rise@0.000ns - clk_fpga_0 rise@0.000ns)
  Data Path Delay:        0.313ns  (logic 0.141ns (45.030%)  route 0.172ns (54.969%))
  Logic Levels:           0  
  Clock Path Skew:        0.013ns (DCD - SCD - CPR)
    Destination Clock Delay (DCD):    1.203ns
    Source Clock Delay      (SCD):    0.906ns
    Clock Pessimism Removal (CPR):    0.284ns

    Location             Delay type                Incr(ns)  Path(ns)    Netlist Resource(s)
  -------------------------------------------------------------------    -------------------
                         (clock clk_fpga_0 rise edge)
                                                      0.000     0.000 r  
    PS7_X0Y0             PS7                          0.000     0.000 r  axi_gpio_ext_jp_i/processing_system7_0/inst/PS7_i/FCLKCLK[0]
                         net (fo=1, routed)           0.315     0.315    axi_gpio_ext_jp_i/processing_system7_0/inst/FCLK_CLK_unbuffered[0]
    BUFGCTRL_X0Y0        BUFG (Prop_bufg_I_O)         0.026     0.341 r  axi_gpio_ext_jp_i/processing_system7_0/inst/buffer_fclk_clk_0.FCLK_CLK_0_BUFG/O
                         net (fo=913, routed)         0.565     0.906    axi_gpio_ext_jp_i/ps7_0_axi_periph/xbar/inst/gen_sasd.crossbar_sasd_0/reg_slice_r/aclk
    SLICE_X9Y40          FDRE                                         r  axi_gpio_ext_jp_i/ps7_0_axi_periph/xbar/inst/gen_sasd.crossbar_sasd_0/reg_slice_r/m_payload_i_reg[10]/C
  -------------------------------------------------------------------    -------------------
    SLICE_X9Y40          FDRE (Prop_fdre_C_Q)         0.141     1.047 r  axi_gpio_ext_jp_i/ps7_0_axi_periph/xbar/inst/gen_sasd.crossbar_sasd_0/reg_slice_r/m_payload_i_reg[10]/Q
                         net (fo=1, routed)           0.172     1.219    axi_gpio_ext_jp_i/ps7_0_axi_periph/s00_couplers/auto_pc/inst/gen_axilite.gen_b2s_conv.axilite_b2s/RD.r_channel_0/rd_data_fifo_0/in[7]
    SLICE_X8Y40          SRLC32E                                      r  axi_gpio_ext_jp_i/ps7_0_axi_periph/s00_couplers/auto_pc/inst/gen_axilite.gen_b2s_conv.axilite_b2s/RD.r_channel_0/rd_data_fifo_0/memory_reg[31][7]_srl32/D
  -------------------------------------------------------------------    -------------------

                         (clock clk_fpga_0 rise edge)
                                                      0.000     0.000 r  
    PS7_X0Y0             PS7                          0.000     0.000 r  axi_gpio_ext_jp_i/processing_system7_0/inst/PS7_i/FCLKCLK[0]
                         net (fo=1, routed)           0.341     0.341    axi_gpio_ext_jp_i/processing_system7_0/inst/FCLK_CLK_unbuffered[0]
    BUFGCTRL_X0Y0        BUFG (Prop_bufg_I_O)         0.029     0.370 r  axi_gpio_ext_jp_i/processing_system7_0/inst/buffer_fclk_clk_0.FCLK_CLK_0_BUFG/O
                         net (fo=913, routed)         0.833     1.203    axi_gpio_ext_jp_i/ps7_0_axi_periph/s00_couplers/auto_pc/inst/gen_axilite.gen_b2s_conv.axilite_b2s/RD.r_channel_0/rd_data_fifo_0/aclk
    SLICE_X8Y40          SRLC32E                                      r  axi_gpio_ext_jp_i/ps7_0_axi_periph/s00_couplers/auto_pc/inst/gen_axilite.gen_b2s_conv.axilite_b2s/RD.r_channel_0/rd_data_fifo_0/memory_reg[31][7]_srl32/CLK
                         clock pessimism             -0.284     0.919    
    SLICE_X8Y40          SRLC32E (Hold_srlc32e_CLK_D)
                                                      0.183     1.102    axi_gpio_ext_jp_i/ps7_0_axi_periph/s00_couplers/auto_pc/inst/gen_axilite.gen_b2s_conv.axilite_b2s/RD.r_channel_0/rd_data_fifo_0/memory_reg[31][7]_srl32
  -------------------------------------------------------------------
                         required time                         -1.102    
                         arrival time                           1.219    
  -------------------------------------------------------------------
                         slack                                  0.117    

Slack (MET) :             0.118ns  (arrival time - required time)
  Source:                 axi_gpio_ext_jp_i/rst_ps7_0_50M/U0/EXT_LPF/AUX_LPF[2].asr_lpf_reg[2]/C
                            (rising edge-triggered cell FDRE clocked by clk_fpga_0  {rise@0.000ns fall@10.000ns period=20.000ns})
  Destination:            axi_gpio_ext_jp_i/rst_ps7_0_50M/U0/EXT_LPF/lpf_asr_reg/D
                            (rising edge-triggered cell FDRE clocked by clk_fpga_0  {rise@0.000ns fall@10.000ns period=20.000ns})
  Path Group:             clk_fpga_0
  Path Type:              Hold (Min at Fast Process Corner)
  Requirement:            0.000ns  (clk_fpga_0 rise@0.000ns - clk_fpga_0 rise@0.000ns)
  Data Path Delay:        0.252ns  (logic 0.186ns (73.721%)  route 0.066ns (26.279%))
  Logic Levels:           1  (LUT5=1)
  Clock Path Skew:        0.013ns (DCD - SCD - CPR)
    Destination Clock Delay (DCD):    1.195ns
    Source Clock Delay      (SCD):    0.897ns
    Clock Pessimism Removal (CPR):    0.285ns

    Location             Delay type                Incr(ns)  Path(ns)    Netlist Resource(s)
  -------------------------------------------------------------------    -------------------
                         (clock clk_fpga_0 rise edge)
                                                      0.000     0.000 r  
    PS7_X0Y0             PS7                          0.000     0.000 r  axi_gpio_ext_jp_i/processing_system7_0/inst/PS7_i/FCLKCLK[0]
                         net (fo=1, routed)           0.315     0.315    axi_gpio_ext_jp_i/processing_system7_0/inst/FCLK_CLK_unbuffered[0]
    BUFGCTRL_X0Y0        BUFG (Prop_bufg_I_O)         0.026     0.341 r  axi_gpio_ext_jp_i/processing_system7_0/inst/buffer_fclk_clk_0.FCLK_CLK_0_BUFG/O
                         net (fo=913, routed)         0.556     0.897    axi_gpio_ext_jp_i/rst_ps7_0_50M/U0/EXT_LPF/slowest_sync_clk
    SLICE_X21Y36         FDRE                                         r  axi_gpio_ext_jp_i/rst_ps7_0_50M/U0/EXT_LPF/AUX_LPF[2].asr_lpf_reg[2]/C
  -------------------------------------------------------------------    -------------------
    SLICE_X21Y36         FDRE (Prop_fdre_C_Q)         0.141     1.038 r  axi_gpio_ext_jp_i/rst_ps7_0_50M/U0/EXT_LPF/AUX_LPF[2].asr_lpf_reg[2]/Q
                         net (fo=2, routed)           0.066     1.104    axi_gpio_ext_jp_i/rst_ps7_0_50M/U0/EXT_LPF/ACTIVE_LOW_AUX.ACT_LO_AUX/p_1_in
    SLICE_X20Y36         LUT5 (Prop_lut5_I1_O)        0.045     1.149 r  axi_gpio_ext_jp_i/rst_ps7_0_50M/U0/EXT_LPF/ACTIVE_LOW_AUX.ACT_LO_AUX/lpf_asr_i_1/O
                         net (fo=1, routed)           0.000     1.149    axi_gpio_ext_jp_i/rst_ps7_0_50M/U0/EXT_LPF/ACTIVE_LOW_AUX.ACT_LO_AUX_n_0
    SLICE_X20Y36         FDRE                                         r  axi_gpio_ext_jp_i/rst_ps7_0_50M/U0/EXT_LPF/lpf_asr_reg/D
  -------------------------------------------------------------------    -------------------

                         (clock clk_fpga_0 rise edge)
                                                      0.000     0.000 r  
    PS7_X0Y0             PS7                          0.000     0.000 r  axi_gpio_ext_jp_i/processing_system7_0/inst/PS7_i/FCLKCLK[0]
                         net (fo=1, routed)           0.341     0.341    axi_gpio_ext_jp_i/processing_system7_0/inst/FCLK_CLK_unbuffered[0]
    BUFGCTRL_X0Y0        BUFG (Prop_bufg_I_O)         0.029     0.370 r  axi_gpio_ext_jp_i/processing_system7_0/inst/buffer_fclk_clk_0.FCLK_CLK_0_BUFG/O
                         net (fo=913, routed)         0.825     1.195    axi_gpio_ext_jp_i/rst_ps7_0_50M/U0/EXT_LPF/slowest_sync_clk
    SLICE_X20Y36         FDRE                                         r  axi_gpio_ext_jp_i/rst_ps7_0_50M/U0/EXT_LPF/lpf_asr_reg/C
                         clock pessimism             -0.285     0.910    
    SLICE_X20Y36         FDRE (Hold_fdre_C_D)         0.121     1.031    axi_gpio_ext_jp_i/rst_ps7_0_50M/U0/EXT_LPF/lpf_asr_reg
  -------------------------------------------------------------------
                         required time                         -1.031    
                         arrival time                           1.149    
  -------------------------------------------------------------------
                         slack                                  0.118    

Slack (MET) :             0.121ns  (arrival time - required time)
  Source:                 axi_gpio_ext_jp_i/ps7_0_axi_periph/s00_couplers/auto_pc/inst/gen_axilite.gen_b2s_conv.axilite_b2s/SI_REG/b.b_pipe/skid_buffer_reg[11]/C
                            (rising edge-triggered cell FDRE clocked by clk_fpga_0  {rise@0.000ns fall@10.000ns period=20.000ns})
  Destination:            axi_gpio_ext_jp_i/ps7_0_axi_periph/s00_couplers/auto_pc/inst/gen_axilite.gen_b2s_conv.axilite_b2s/SI_REG/b.b_pipe/m_payload_i_reg[11]/D
                            (rising edge-triggered cell FDRE clocked by clk_fpga_0  {rise@0.000ns fall@10.000ns period=20.000ns})
  Path Group:             clk_fpga_0
  Path Type:              Hold (Min at Fast Process Corner)
  Requirement:            0.000ns  (clk_fpga_0 rise@0.000ns - clk_fpga_0 rise@0.000ns)
  Data Path Delay:        0.498ns  (logic 0.183ns (36.717%)  route 0.315ns (63.283%))
  Logic Levels:           1  (LUT3=1)
  Clock Path Skew:        0.270ns (DCD - SCD - CPR)
    Destination Clock Delay (DCD):    1.224ns
    Source Clock Delay      (SCD):    0.925ns
    Clock Pessimism Removal (CPR):    0.029ns

    Location             Delay type                Incr(ns)  Path(ns)    Netlist Resource(s)
  -------------------------------------------------------------------    -------------------
                         (clock clk_fpga_0 rise edge)
                                                      0.000     0.000 r  
    PS7_X0Y0             PS7                          0.000     0.000 r  axi_gpio_ext_jp_i/processing_system7_0/inst/PS7_i/FCLKCLK[0]
                         net (fo=1, routed)           0.315     0.315    axi_gpio_ext_jp_i/processing_system7_0/inst/FCLK_CLK_unbuffered[0]
    BUFGCTRL_X0Y0        BUFG (Prop_bufg_I_O)         0.026     0.341 r  axi_gpio_ext_jp_i/processing_system7_0/inst/buffer_fclk_clk_0.FCLK_CLK_0_BUFG/O
                         net (fo=913, routed)         0.584     0.925    axi_gpio_ext_jp_i/ps7_0_axi_periph/s00_couplers/auto_pc/inst/gen_axilite.gen_b2s_conv.axilite_b2s/SI_REG/b.b_pipe/aclk
    SLICE_X5Y50          FDRE                                         r  axi_gpio_ext_jp_i/ps7_0_axi_periph/s00_couplers/auto_pc/inst/gen_axilite.gen_b2s_conv.axilite_b2s/SI_REG/b.b_pipe/skid_buffer_reg[11]/C
  -------------------------------------------------------------------    -------------------
    SLICE_X5Y50          FDRE (Prop_fdre_C_Q)         0.141     1.066 r  axi_gpio_ext_jp_i/ps7_0_axi_periph/s00_couplers/auto_pc/inst/gen_axilite.gen_b2s_conv.axilite_b2s/SI_REG/b.b_pipe/skid_buffer_reg[11]/Q
                         net (fo=1, routed)           0.315     1.381    axi_gpio_ext_jp_i/ps7_0_axi_periph/s00_couplers/auto_pc/inst/gen_axilite.gen_b2s_conv.axilite_b2s/SI_REG/b.b_pipe/skid_buffer_reg_n_0_[11]
    SLICE_X3Y49          LUT3 (Prop_lut3_I2_O)        0.042     1.423 r  axi_gpio_ext_jp_i/ps7_0_axi_periph/s00_couplers/auto_pc/inst/gen_axilite.gen_b2s_conv.axilite_b2s/SI_REG/b.b_pipe/m_payload_i[11]_i_1__1/O
                         net (fo=1, routed)           0.000     1.423    axi_gpio_ext_jp_i/ps7_0_axi_periph/s00_couplers/auto_pc/inst/gen_axilite.gen_b2s_conv.axilite_b2s/SI_REG/b.b_pipe/m_payload_i[11]_i_1__1_n_0
    SLICE_X3Y49          FDRE                                         r  axi_gpio_ext_jp_i/ps7_0_axi_periph/s00_couplers/auto_pc/inst/gen_axilite.gen_b2s_conv.axilite_b2s/SI_REG/b.b_pipe/m_payload_i_reg[11]/D
  -------------------------------------------------------------------    -------------------

                         (clock clk_fpga_0 rise edge)
                                                      0.000     0.000 r  
    PS7_X0Y0             PS7                          0.000     0.000 r  axi_gpio_ext_jp_i/processing_system7_0/inst/PS7_i/FCLKCLK[0]
                         net (fo=1, routed)           0.341     0.341    axi_gpio_ext_jp_i/processing_system7_0/inst/FCLK_CLK_unbuffered[0]
    BUFGCTRL_X0Y0        BUFG (Prop_bufg_I_O)         0.029     0.370 r  axi_gpio_ext_jp_i/processing_system7_0/inst/buffer_fclk_clk_0.FCLK_CLK_0_BUFG/O
                         net (fo=913, routed)         0.854     1.224    axi_gpio_ext_jp_i/ps7_0_axi_periph/s00_couplers/auto_pc/inst/gen_axilite.gen_b2s_conv.axilite_b2s/SI_REG/b.b_pipe/aclk
    SLICE_X3Y49          FDRE                                         r  axi_gpio_ext_jp_i/ps7_0_axi_periph/s00_couplers/auto_pc/inst/gen_axilite.gen_b2s_conv.axilite_b2s/SI_REG/b.b_pipe/m_payload_i_reg[11]/C
                         clock pessimism             -0.029     1.195    
    SLICE_X3Y49          FDRE (Hold_fdre_C_D)         0.107     1.302    axi_gpio_ext_jp_i/ps7_0_axi_periph/s00_couplers/auto_pc/inst/gen_axilite.gen_b2s_conv.axilite_b2s/SI_REG/b.b_pipe/m_payload_i_reg[11]
  -------------------------------------------------------------------
                         required time                         -1.302    
                         arrival time                           1.423    
  -------------------------------------------------------------------
                         slack                                  0.121    

Slack (MET) :             0.121ns  (arrival time - required time)
  Source:                 axi_gpio_ext_jp_i/ps7_0_axi_periph/s00_couplers/auto_pc/inst/gen_axilite.gen_b2s_conv.axilite_b2s/SI_REG/aw.aw_pipe/m_payload_i_reg[54]/C
                            (rising edge-triggered cell FDRE clocked by clk_fpga_0  {rise@0.000ns fall@10.000ns period=20.000ns})
  Destination:            axi_gpio_ext_jp_i/ps7_0_axi_periph/s00_couplers/auto_pc/inst/gen_axilite.gen_b2s_conv.axilite_b2s/WR.aw_channel_0/s_awid_r_reg[4]/D
                            (rising edge-triggered cell FDRE clocked by clk_fpga_0  {rise@0.000ns fall@10.000ns period=20.000ns})
  Path Group:             clk_fpga_0
  Path Type:              Hold (Min at Fast Process Corner)
  Requirement:            0.000ns  (clk_fpga_0 rise@0.000ns - clk_fpga_0 rise@0.000ns)
  Data Path Delay:        0.442ns  (logic 0.141ns (31.864%)  route 0.301ns (68.136%))
  Logic Levels:           0  
  Clock Path Skew:        0.251ns (DCD - SCD - CPR)
    Destination Clock Delay (DCD):    1.205ns
    Source Clock Delay      (SCD):    0.925ns
    Clock Pessimism Removal (CPR):    0.029ns

    Location             Delay type                Incr(ns)  Path(ns)    Netlist Resource(s)
  -------------------------------------------------------------------    -------------------
                         (clock clk_fpga_0 rise edge)
                                                      0.000     0.000 r  
    PS7_X0Y0             PS7                          0.000     0.000 r  axi_gpio_ext_jp_i/processing_system7_0/inst/PS7_i/FCLKCLK[0]
                         net (fo=1, routed)           0.315     0.315    axi_gpio_ext_jp_i/processing_system7_0/inst/FCLK_CLK_unbuffered[0]
    BUFGCTRL_X0Y0        BUFG (Prop_bufg_I_O)         0.026     0.341 r  axi_gpio_ext_jp_i/processing_system7_0/inst/buffer_fclk_clk_0.FCLK_CLK_0_BUFG/O
                         net (fo=913, routed)         0.584     0.925    axi_gpio_ext_jp_i/ps7_0_axi_periph/s00_couplers/auto_pc/inst/gen_axilite.gen_b2s_conv.axilite_b2s/SI_REG/aw.aw_pipe/aclk
    SLICE_X2Y50          FDRE                                         r  axi_gpio_ext_jp_i/ps7_0_axi_periph/s00_couplers/auto_pc/inst/gen_axilite.gen_b2s_conv.axilite_b2s/SI_REG/aw.aw_pipe/m_payload_i_reg[54]/C
  -------------------------------------------------------------------    -------------------
    SLICE_X2Y50          FDRE (Prop_fdre_C_Q)         0.141     1.066 r  axi_gpio_ext_jp_i/ps7_0_axi_periph/s00_couplers/auto_pc/inst/gen_axilite.gen_b2s_conv.axilite_b2s/SI_REG/aw.aw_pipe/m_payload_i_reg[54]/Q
                         net (fo=1, routed)           0.301     1.367    axi_gpio_ext_jp_i/ps7_0_axi_periph/s00_couplers/auto_pc/inst/gen_axilite.gen_b2s_conv.axilite_b2s/WR.aw_channel_0/s_awid_r_reg[11]_0[23]
    SLICE_X7Y48          FDRE                                         r  axi_gpio_ext_jp_i/ps7_0_axi_periph/s00_couplers/auto_pc/inst/gen_axilite.gen_b2s_conv.axilite_b2s/WR.aw_channel_0/s_awid_r_reg[4]/D
  -------------------------------------------------------------------    -------------------

                         (clock clk_fpga_0 rise edge)
                                                      0.000     0.000 r  
    PS7_X0Y0             PS7                          0.000     0.000 r  axi_gpio_ext_jp_i/processing_system7_0/inst/PS7_i/FCLKCLK[0]
                         net (fo=1, routed)           0.341     0.341    axi_gpio_ext_jp_i/processing_system7_0/inst/FCLK_CLK_unbuffered[0]
    BUFGCTRL_X0Y0        BUFG (Prop_bufg_I_O)         0.029     0.370 r  axi_gpio_ext_jp_i/processing_system7_0/inst/buffer_fclk_clk_0.FCLK_CLK_0_BUFG/O
                         net (fo=913, routed)         0.835     1.205    axi_gpio_ext_jp_i/ps7_0_axi_periph/s00_couplers/auto_pc/inst/gen_axilite.gen_b2s_conv.axilite_b2s/WR.aw_channel_0/aclk
    SLICE_X7Y48          FDRE                                         r  axi_gpio_ext_jp_i/ps7_0_axi_periph/s00_couplers/auto_pc/inst/gen_axilite.gen_b2s_conv.axilite_b2s/WR.aw_channel_0/s_awid_r_reg[4]/C
                         clock pessimism             -0.029     1.176    
    SLICE_X7Y48          FDRE (Hold_fdre_C_D)         0.070     1.246    axi_gpio_ext_jp_i/ps7_0_axi_periph/s00_couplers/auto_pc/inst/gen_axilite.gen_b2s_conv.axilite_b2s/WR.aw_channel_0/s_awid_r_reg[4]
  -------------------------------------------------------------------
                         required time                         -1.246    
                         arrival time                           1.367    
  -------------------------------------------------------------------
                         slack                                  0.121    

Slack (MET) :             0.122ns  (arrival time - required time)
  Source:                 axi_gpio_ext_jp_i/axi_gpio_2/U0/gpio_core_1/Not_Dual.INPUT_DOUBLE_REGS3/GENERATE_LEVEL_P_S_CDC.MULTI_BIT.FOR_CROSS_PLEVEL_IN2SCNDRY_bus_d2[0].CROSS2_PLEVEL_IN2SCNDRY_s_level_out_bus_d2/C
                            (rising edge-triggered cell FDRE clocked by clk_fpga_0  {rise@0.000ns fall@10.000ns period=20.000ns})
  Destination:            axi_gpio_ext_jp_i/axi_gpio_2/U0/gpio_core_1/Not_Dual.INPUT_DOUBLE_REGS3/GENERATE_LEVEL_P_S_CDC.MULTI_BIT.FOR_CROSS_PLEVEL_IN2SCNDRY_bus_d3[0].CROSS2_PLEVEL_IN2SCNDRY_s_level_out_bus_d3/D
                            (rising edge-triggered cell FDRE clocked by clk_fpga_0  {rise@0.000ns fall@10.000ns period=20.000ns})
  Path Group:             clk_fpga_0
  Path Type:              Hold (Min at Fast Process Corner)
  Requirement:            0.000ns  (clk_fpga_0 rise@0.000ns - clk_fpga_0 rise@0.000ns)
  Data Path Delay:        0.197ns  (logic 0.141ns (71.611%)  route 0.056ns (28.389%))
  Logic Levels:           0  
  Clock Path Skew:        0.000ns (DCD - SCD - CPR)
    Destination Clock Delay (DCD):    1.196ns
    Source Clock Delay      (SCD):    0.900ns
    Clock Pessimism Removal (CPR):    0.296ns

    Location             Delay type                Incr(ns)  Path(ns)    Netlist Resource(s)
  -------------------------------------------------------------------    -------------------
                         (clock clk_fpga_0 rise edge)
                                                      0.000     0.000 r  
    PS7_X0Y0             PS7                          0.000     0.000 r  axi_gpio_ext_jp_i/processing_system7_0/inst/PS7_i/FCLKCLK[0]
                         net (fo=1, routed)           0.315     0.315    axi_gpio_ext_jp_i/processing_system7_0/inst/FCLK_CLK_unbuffered[0]
    BUFGCTRL_X0Y0        BUFG (Prop_bufg_I_O)         0.026     0.341 r  axi_gpio_ext_jp_i/processing_system7_0/inst/buffer_fclk_clk_0.FCLK_CLK_0_BUFG/O
                         net (fo=913, routed)         0.559     0.900    axi_gpio_ext_jp_i/axi_gpio_2/U0/gpio_core_1/Not_Dual.INPUT_DOUBLE_REGS3/s_axi_aclk
    SLICE_X15Y35         FDRE                                         r  axi_gpio_ext_jp_i/axi_gpio_2/U0/gpio_core_1/Not_Dual.INPUT_DOUBLE_REGS3/GENERATE_LEVEL_P_S_CDC.MULTI_BIT.FOR_CROSS_PLEVEL_IN2SCNDRY_bus_d2[0].CROSS2_PLEVEL_IN2SCNDRY_s_level_out_bus_d2/C
  -------------------------------------------------------------------    -------------------
    SLICE_X15Y35         FDRE (Prop_fdre_C_Q)         0.141     1.041 r  axi_gpio_ext_jp_i/axi_gpio_2/U0/gpio_core_1/Not_Dual.INPUT_DOUBLE_REGS3/GENERATE_LEVEL_P_S_CDC.MULTI_BIT.FOR_CROSS_PLEVEL_IN2SCNDRY_bus_d2[0].CROSS2_PLEVEL_IN2SCNDRY_s_level_out_bus_d2/Q
                         net (fo=1, routed)           0.056     1.096    axi_gpio_ext_jp_i/axi_gpio_2/U0/gpio_core_1/Not_Dual.INPUT_DOUBLE_REGS3/GENERATE_LEVEL_P_S_CDC.MULTI_BIT.s_level_out_bus_d2[0]
    SLICE_X15Y35         FDRE                                         r  axi_gpio_ext_jp_i/axi_gpio_2/U0/gpio_core_1/Not_Dual.INPUT_DOUBLE_REGS3/GENERATE_LEVEL_P_S_CDC.MULTI_BIT.FOR_CROSS_PLEVEL_IN2SCNDRY_bus_d3[0].CROSS2_PLEVEL_IN2SCNDRY_s_level_out_bus_d3/D
  -------------------------------------------------------------------    -------------------

                         (clock clk_fpga_0 rise edge)
                                                      0.000     0.000 r  
    PS7_X0Y0             PS7                          0.000     0.000 r  axi_gpio_ext_jp_i/processing_system7_0/inst/PS7_i/FCLKCLK[0]
                         net (fo=1, routed)           0.341     0.341    axi_gpio_ext_jp_i/processing_system7_0/inst/FCLK_CLK_unbuffered[0]
    BUFGCTRL_X0Y0        BUFG (Prop_bufg_I_O)         0.029     0.370 r  axi_gpio_ext_jp_i/processing_system7_0/inst/buffer_fclk_clk_0.FCLK_CLK_0_BUFG/O
                         net (fo=913, routed)         0.826     1.196    axi_gpio_ext_jp_i/axi_gpio_2/U0/gpio_core_1/Not_Dual.INPUT_DOUBLE_REGS3/s_axi_aclk
    SLICE_X15Y35         FDRE                                         r  axi_gpio_ext_jp_i/axi_gpio_2/U0/gpio_core_1/Not_Dual.INPUT_DOUBLE_REGS3/GENERATE_LEVEL_P_S_CDC.MULTI_BIT.FOR_CROSS_PLEVEL_IN2SCNDRY_bus_d3[0].CROSS2_PLEVEL_IN2SCNDRY_s_level_out_bus_d3/C
                         clock pessimism             -0.296     0.900    
    SLICE_X15Y35         FDRE (Hold_fdre_C_D)         0.075     0.975    axi_gpio_ext_jp_i/axi_gpio_2/U0/gpio_core_1/Not_Dual.INPUT_DOUBLE_REGS3/GENERATE_LEVEL_P_S_CDC.MULTI_BIT.FOR_CROSS_PLEVEL_IN2SCNDRY_bus_d3[0].CROSS2_PLEVEL_IN2SCNDRY_s_level_out_bus_d3
  -------------------------------------------------------------------
                         required time                         -0.975    
                         arrival time                           1.096    
  -------------------------------------------------------------------
                         slack                                  0.122    





Pulse Width Checks
--------------------------------------------------------------------------------------
Clock Name:         clk_fpga_0
Waveform(ns):       { 0.000 10.000 }
Period(ns):         20.000
Sources:            { axi_gpio_ext_jp_i/processing_system7_0/inst/PS7_i/FCLKCLK[0] }

Check Type        Corner  Lib Pin      Reference Pin  Required(ns)  Actual(ns)  Slack(ns)  Location       Pin
Min Period        n/a     BUFG/I       n/a            2.155         20.000      17.845     BUFGCTRL_X0Y0  axi_gpio_ext_jp_i/processing_system7_0/inst/buffer_fclk_clk_0.FCLK_CLK_0_BUFG/I
Min Period        n/a     FDRE/C       n/a            1.000         20.000      19.000     SLICE_X16Y38   axi_gpio_ext_jp_i/axi_gpio_0/U0/ip2bus_data_i_D1_reg[0]/C
Min Period        n/a     FDRE/C       n/a            1.000         20.000      19.000     SLICE_X17Y39   axi_gpio_ext_jp_i/axi_gpio_0/U0/ip2bus_data_i_D1_reg[28]/C
Min Period        n/a     FDRE/C       n/a            1.000         20.000      19.000     SLICE_X16Y38   axi_gpio_ext_jp_i/axi_gpio_0/U0/ip2bus_data_i_D1_reg[29]/C
Min Period        n/a     FDRE/C       n/a            1.000         20.000      19.000     SLICE_X16Y38   axi_gpio_ext_jp_i/axi_gpio_0/U0/ip2bus_data_i_D1_reg[30]/C
Min Period        n/a     FDRE/C       n/a            1.000         20.000      19.000     SLICE_X16Y38   axi_gpio_ext_jp_i/axi_gpio_0/U0/ip2bus_data_i_D1_reg[31]/C
Min Period        n/a     FDRE/C       n/a            1.000         20.000      19.000     SLICE_X17Y39   axi_gpio_ext_jp_i/axi_gpio_0/U0/ip2bus_rdack_i_D1_reg/C
Min Period        n/a     FDRE/C       n/a            1.000         20.000      19.000     SLICE_X17Y39   axi_gpio_ext_jp_i/axi_gpio_0/U0/ip2bus_wrack_i_D1_reg/C
Min Period        n/a     FDSE/C       n/a            1.000         20.000      19.000     SLICE_X16Y42   axi_gpio_ext_jp_i/axi_gpio_0/U0/AXI_LITE_IPIF_I/I_SLAVE_ATTACHMENT/FSM_onehot_state_reg[0]/C
Min Period        n/a     FDRE/C       n/a            1.000         20.000      19.000     SLICE_X16Y41   axi_gpio_ext_jp_i/axi_gpio_0/U0/AXI_LITE_IPIF_I/I_SLAVE_ATTACHMENT/FSM_onehot_state_reg[1]/C
Low Pulse Width   Slow    SRLC32E/CLK  n/a            0.980         10.000      9.020      SLICE_X8Y39    axi_gpio_ext_jp_i/ps7_0_axi_periph/s00_couplers/auto_pc/inst/gen_axilite.gen_b2s_conv.axilite_b2s/RD.r_channel_0/rd_data_fifo_0/memory_reg[31][0]_srl32/CLK
Low Pulse Width   Fast    SRLC32E/CLK  n/a            0.980         10.000      9.020      SLICE_X8Y39    axi_gpio_ext_jp_i/ps7_0_axi_periph/s00_couplers/auto_pc/inst/gen_axilite.gen_b2s_conv.axilite_b2s/RD.r_channel_0/rd_data_fifo_0/memory_reg[31][0]_srl32/CLK
Low Pulse Width   Slow    SRLC32E/CLK  n/a            0.980         10.000      9.020      SLICE_X8Y40    axi_gpio_ext_jp_i/ps7_0_axi_periph/s00_couplers/auto_pc/inst/gen_axilite.gen_b2s_conv.axilite_b2s/RD.r_channel_0/rd_data_fifo_0/memory_reg[31][10]_srl32/CLK
Low Pulse Width   Fast    SRLC32E/CLK  n/a            0.980         10.000      9.020      SLICE_X8Y40    axi_gpio_ext_jp_i/ps7_0_axi_periph/s00_couplers/auto_pc/inst/gen_axilite.gen_b2s_conv.axilite_b2s/RD.r_channel_0/rd_data_fifo_0/memory_reg[31][10]_srl32/CLK
Low Pulse Width   Slow    SRLC32E/CLK  n/a            0.980         10.000      9.020      SLICE_X8Y40    axi_gpio_ext_jp_i/ps7_0_axi_periph/s00_couplers/auto_pc/inst/gen_axilite.gen_b2s_conv.axilite_b2s/RD.r_channel_0/rd_data_fifo_0/memory_reg[31][11]_srl32/CLK
Low Pulse Width   Fast    SRLC32E/CLK  n/a            0.980         10.000      9.020      SLICE_X8Y40    axi_gpio_ext_jp_i/ps7_0_axi_periph/s00_couplers/auto_pc/inst/gen_axilite.gen_b2s_conv.axilite_b2s/RD.r_channel_0/rd_data_fifo_0/memory_reg[31][11]_srl32/CLK
Low Pulse Width   Slow    SRLC32E/CLK  n/a            0.980         10.000      9.020      SLICE_X8Y41    axi_gpio_ext_jp_i/ps7_0_axi_periph/s00_couplers/auto_pc/inst/gen_axilite.gen_b2s_conv.axilite_b2s/RD.r_channel_0/rd_data_fifo_0/memory_reg[31][12]_srl32/CLK
Low Pulse Width   Fast    SRLC32E/CLK  n/a            0.980         10.000      9.020      SLICE_X8Y41    axi_gpio_ext_jp_i/ps7_0_axi_periph/s00_couplers/auto_pc/inst/gen_axilite.gen_b2s_conv.axilite_b2s/RD.r_channel_0/rd_data_fifo_0/memory_reg[31][12]_srl32/CLK
Low Pulse Width   Slow    SRLC32E/CLK  n/a            0.980         10.000      9.020      SLICE_X8Y41    axi_gpio_ext_jp_i/ps7_0_axi_periph/s00_couplers/auto_pc/inst/gen_axilite.gen_b2s_conv.axilite_b2s/RD.r_channel_0/rd_data_fifo_0/memory_reg[31][13]_srl32/CLK
Low Pulse Width   Fast    SRLC32E/CLK  n/a            0.980         10.000      9.020      SLICE_X8Y41    axi_gpio_ext_jp_i/ps7_0_axi_periph/s00_couplers/auto_pc/inst/gen_axilite.gen_b2s_conv.axilite_b2s/RD.r_channel_0/rd_data_fifo_0/memory_reg[31][13]_srl32/CLK
High Pulse Width  Slow    SRLC32E/CLK  n/a            0.980         10.000      9.020      SLICE_X8Y39    axi_gpio_ext_jp_i/ps7_0_axi_periph/s00_couplers/auto_pc/inst/gen_axilite.gen_b2s_conv.axilite_b2s/RD.r_channel_0/rd_data_fifo_0/memory_reg[31][0]_srl32/CLK
High Pulse Width  Fast    SRLC32E/CLK  n/a            0.980         10.000      9.020      SLICE_X8Y39    axi_gpio_ext_jp_i/ps7_0_axi_periph/s00_couplers/auto_pc/inst/gen_axilite.gen_b2s_conv.axilite_b2s/RD.r_channel_0/rd_data_fifo_0/memory_reg[31][0]_srl32/CLK
High Pulse Width  Slow    SRLC32E/CLK  n/a            0.980         10.000      9.020      SLICE_X8Y40    axi_gpio_ext_jp_i/ps7_0_axi_periph/s00_couplers/auto_pc/inst/gen_axilite.gen_b2s_conv.axilite_b2s/RD.r_channel_0/rd_data_fifo_0/memory_reg[31][10]_srl32/CLK
High Pulse Width  Fast    SRLC32E/CLK  n/a            0.980         10.000      9.020      SLICE_X8Y40    axi_gpio_ext_jp_i/ps7_0_axi_periph/s00_couplers/auto_pc/inst/gen_axilite.gen_b2s_conv.axilite_b2s/RD.r_channel_0/rd_data_fifo_0/memory_reg[31][10]_srl32/CLK
High Pulse Width  Slow    SRLC32E/CLK  n/a            0.980         10.000      9.020      SLICE_X8Y40    axi_gpio_ext_jp_i/ps7_0_axi_periph/s00_couplers/auto_pc/inst/gen_axilite.gen_b2s_conv.axilite_b2s/RD.r_channel_0/rd_data_fifo_0/memory_reg[31][11]_srl32/CLK
High Pulse Width  Fast    SRLC32E/CLK  n/a            0.980         10.000      9.020      SLICE_X8Y40    axi_gpio_ext_jp_i/ps7_0_axi_periph/s00_couplers/auto_pc/inst/gen_axilite.gen_b2s_conv.axilite_b2s/RD.r_channel_0/rd_data_fifo_0/memory_reg[31][11]_srl32/CLK
High Pulse Width  Slow    SRLC32E/CLK  n/a            0.980         10.000      9.020      SLICE_X8Y41    axi_gpio_ext_jp_i/ps7_0_axi_periph/s00_couplers/auto_pc/inst/gen_axilite.gen_b2s_conv.axilite_b2s/RD.r_channel_0/rd_data_fifo_0/memory_reg[31][12]_srl32/CLK
High Pulse Width  Fast    SRLC32E/CLK  n/a            0.980         10.000      9.020      SLICE_X8Y41    axi_gpio_ext_jp_i/ps7_0_axi_periph/s00_couplers/auto_pc/inst/gen_axilite.gen_b2s_conv.axilite_b2s/RD.r_channel_0/rd_data_fifo_0/memory_reg[31][12]_srl32/CLK
High Pulse Width  Slow    SRLC32E/CLK  n/a            0.980         10.000      9.020      SLICE_X8Y41    axi_gpio_ext_jp_i/ps7_0_axi_periph/s00_couplers/auto_pc/inst/gen_axilite.gen_b2s_conv.axilite_b2s/RD.r_channel_0/rd_data_fifo_0/memory_reg[31][13]_srl32/CLK
High Pulse Width  Fast    SRLC32E/CLK  n/a            0.980         10.000      9.020      SLICE_X8Y41    axi_gpio_ext_jp_i/ps7_0_axi_periph/s00_couplers/auto_pc/inst/gen_axilite.gen_b2s_conv.axilite_b2s/RD.r_channel_0/rd_data_fifo_0/memory_reg[31][13]_srl32/CLK



--------------------------------------------------------------------------------------
Path Group:  (none)
From Clock:  
  To Clock:  clk_fpga_0

Max Delay             5 Endpoints
Min Delay             5 Endpoints
--------------------------------------------------------------------------------------


Max Delay Paths
--------------------------------------------------------------------------------------
Slack:                    inf
  Source:                 sws_4bits_tri_i[1]
                            (input port)
  Destination:            axi_gpio_ext_jp_i/axi_gpio_2/U0/gpio_core_1/Not_Dual.INPUT_DOUBLE_REGS3/GENERATE_LEVEL_P_S_CDC.MULTI_BIT.FOR_IN_cdc_to[1].CROSS2_PLEVEL_IN2SCNDRY_IN_cdc_to/D
                            (rising edge-triggered cell FDRE clocked by clk_fpga_0  {rise@0.000ns fall@10.000ns period=20.000ns})
  Path Group:             (none)
  Path Type:              Setup (Max at Slow Process Corner)
  Data Path Delay:        4.221ns  (logic 1.451ns (34.367%)  route 2.771ns (65.633%))
  Logic Levels:           1  (IBUF=1)
  Clock Path Skew:        2.682ns (DCD - SCD + CPR)
    Destination Clock Delay (DCD):    2.682ns
    Source Clock Delay      (SCD):    0.000ns
    Clock Pessimism Removal (CPR):    0.000ns
  Clock Uncertainty:      0.301ns  ((TSJ^2 + TIJ^2)^1/2 + DJ) / 2 + PE
    Total System Jitter     (TSJ):    0.050ns
    Total Input Jitter      (TIJ):    0.600ns
    Discrete Jitter          (DJ):    0.000ns
    Phase Error              (PE):    0.000ns
  Timing Exception:       False Path

    Location             Delay type                Incr(ns)  Path(ns)    Netlist Resource(s)
  -------------------------------------------------------------------    -------------------
    P15                                               0.000     0.000 r  sws_4bits_tri_i[1] (IN)
                         net (fo=0)                   0.000     0.000    sws_4bits_tri_i[1]
    P15                  IBUF (Prop_ibuf_I_O)         1.451     1.451 r  sws_4bits_tri_i_IBUF[1]_inst/O
                         net (fo=1, routed)           2.771     4.221    axi_gpio_ext_jp_i/axi_gpio_2/U0/gpio_core_1/Not_Dual.INPUT_DOUBLE_REGS3/gpio_io_i[1]
    SLICE_X14Y29         FDRE                                         r  axi_gpio_ext_jp_i/axi_gpio_2/U0/gpio_core_1/Not_Dual.INPUT_DOUBLE_REGS3/GENERATE_LEVEL_P_S_CDC.MULTI_BIT.FOR_IN_cdc_to[1].CROSS2_PLEVEL_IN2SCNDRY_IN_cdc_to/D
  -------------------------------------------------------------------    -------------------

                         (clock clk_fpga_0 rise edge)
                                                      0.000     0.000 r  
    PS7_X0Y0             PS7                          0.000     0.000 r  axi_gpio_ext_jp_i/processing_system7_0/inst/PS7_i/FCLKCLK[0]
                         net (fo=1, routed)           1.101     1.101    axi_gpio_ext_jp_i/processing_system7_0/inst/FCLK_CLK_unbuffered[0]
    BUFGCTRL_X0Y0        BUFG (Prop_bufg_I_O)         0.091     1.192 r  axi_gpio_ext_jp_i/processing_system7_0/inst/buffer_fclk_clk_0.FCLK_CLK_0_BUFG/O
                         net (fo=913, routed)         1.490     2.682    axi_gpio_ext_jp_i/axi_gpio_2/U0/gpio_core_1/Not_Dual.INPUT_DOUBLE_REGS3/s_axi_aclk
    SLICE_X14Y29         FDRE                                         r  axi_gpio_ext_jp_i/axi_gpio_2/U0/gpio_core_1/Not_Dual.INPUT_DOUBLE_REGS3/GENERATE_LEVEL_P_S_CDC.MULTI_BIT.FOR_IN_cdc_to[1].CROSS2_PLEVEL_IN2SCNDRY_IN_cdc_to/C

Slack:                    inf
  Source:                 sws_4bits_tri_i[0]
                            (input port)
  Destination:            axi_gpio_ext_jp_i/axi_gpio_2/U0/gpio_core_1/Not_Dual.INPUT_DOUBLE_REGS3/GENERATE_LEVEL_P_S_CDC.MULTI_BIT.FOR_IN_cdc_to[0].CROSS2_PLEVEL_IN2SCNDRY_IN_cdc_to/D
                            (rising edge-triggered cell FDRE clocked by clk_fpga_0  {rise@0.000ns fall@10.000ns period=20.000ns})
  Path Group:             (none)
  Path Type:              Setup (Max at Slow Process Corner)
  Data Path Delay:        4.165ns  (logic 1.452ns (34.869%)  route 2.713ns (65.131%))
  Logic Levels:           1  (IBUF=1)
  Clock Path Skew:        2.688ns (DCD - SCD + CPR)
    Destination Clock Delay (DCD):    2.688ns
    Source Clock Delay      (SCD):    0.000ns
    Clock Pessimism Removal (CPR):    0.000ns
  Clock Uncertainty:      0.301ns  ((TSJ^2 + TIJ^2)^1/2 + DJ) / 2 + PE
    Total System Jitter     (TSJ):    0.050ns
    Total Input Jitter      (TIJ):    0.600ns
    Discrete Jitter          (DJ):    0.000ns
    Phase Error              (PE):    0.000ns
  Timing Exception:       False Path

    Location             Delay type                Incr(ns)  Path(ns)    Netlist Resource(s)
  -------------------------------------------------------------------    -------------------
    G15                                               0.000     0.000 r  sws_4bits_tri_i[0] (IN)
                         net (fo=0)                   0.000     0.000    sws_4bits_tri_i[0]
    G15                  IBUF (Prop_ibuf_I_O)         1.452     1.452 r  sws_4bits_tri_i_IBUF[0]_inst/O
                         net (fo=1, routed)           2.713     4.165    axi_gpio_ext_jp_i/axi_gpio_2/U0/gpio_core_1/Not_Dual.INPUT_DOUBLE_REGS3/gpio_io_i[0]
    SLICE_X15Y35         FDRE                                         r  axi_gpio_ext_jp_i/axi_gpio_2/U0/gpio_core_1/Not_Dual.INPUT_DOUBLE_REGS3/GENERATE_LEVEL_P_S_CDC.MULTI_BIT.FOR_IN_cdc_to[0].CROSS2_PLEVEL_IN2SCNDRY_IN_cdc_to/D
  -------------------------------------------------------------------    -------------------

                         (clock clk_fpga_0 rise edge)
                                                      0.000     0.000 r  
    PS7_X0Y0             PS7                          0.000     0.000 r  axi_gpio_ext_jp_i/processing_system7_0/inst/PS7_i/FCLKCLK[0]
                         net (fo=1, routed)           1.101     1.101    axi_gpio_ext_jp_i/processing_system7_0/inst/FCLK_CLK_unbuffered[0]
    BUFGCTRL_X0Y0        BUFG (Prop_bufg_I_O)         0.091     1.192 r  axi_gpio_ext_jp_i/processing_system7_0/inst/buffer_fclk_clk_0.FCLK_CLK_0_BUFG/O
                         net (fo=913, routed)         1.496     2.688    axi_gpio_ext_jp_i/axi_gpio_2/U0/gpio_core_1/Not_Dual.INPUT_DOUBLE_REGS3/s_axi_aclk
    SLICE_X15Y35         FDRE                                         r  axi_gpio_ext_jp_i/axi_gpio_2/U0/gpio_core_1/Not_Dual.INPUT_DOUBLE_REGS3/GENERATE_LEVEL_P_S_CDC.MULTI_BIT.FOR_IN_cdc_to[0].CROSS2_PLEVEL_IN2SCNDRY_IN_cdc_to/C

Slack:                    inf
  Source:                 sws_4bits_tri_i[2]
                            (input port)
  Destination:            axi_gpio_ext_jp_i/axi_gpio_2/U0/gpio_core_1/Not_Dual.INPUT_DOUBLE_REGS3/GENERATE_LEVEL_P_S_CDC.MULTI_BIT.FOR_IN_cdc_to[2].CROSS2_PLEVEL_IN2SCNDRY_IN_cdc_to/D
                            (rising edge-triggered cell FDRE clocked by clk_fpga_0  {rise@0.000ns fall@10.000ns period=20.000ns})
  Path Group:             (none)
  Path Type:              Setup (Max at Slow Process Corner)
  Data Path Delay:        3.706ns  (logic 1.539ns (41.535%)  route 2.166ns (58.465%))
  Logic Levels:           1  (IBUF=1)
  Clock Path Skew:        2.688ns (DCD - SCD + CPR)
    Destination Clock Delay (DCD):    2.688ns
    Source Clock Delay      (SCD):    0.000ns
    Clock Pessimism Removal (CPR):    0.000ns
  Clock Uncertainty:      0.301ns  ((TSJ^2 + TIJ^2)^1/2 + DJ) / 2 + PE
    Total System Jitter     (TSJ):    0.050ns
    Total Input Jitter      (TIJ):    0.600ns
    Discrete Jitter          (DJ):    0.000ns
    Phase Error              (PE):    0.000ns
  Timing Exception:       False Path

    Location             Delay type                Incr(ns)  Path(ns)    Netlist Resource(s)
  -------------------------------------------------------------------    -------------------
    W13                                               0.000     0.000 r  sws_4bits_tri_i[2] (IN)
                         net (fo=0)                   0.000     0.000    sws_4bits_tri_i[2]
    W13                  IBUF (Prop_ibuf_I_O)         1.539     1.539 r  sws_4bits_tri_i_IBUF[2]_inst/O
                         net (fo=1, routed)           2.166     3.706    axi_gpio_ext_jp_i/axi_gpio_2/U0/gpio_core_1/Not_Dual.INPUT_DOUBLE_REGS3/gpio_io_i[2]
    SLICE_X14Y35         FDRE                                         r  axi_gpio_ext_jp_i/axi_gpio_2/U0/gpio_core_1/Not_Dual.INPUT_DOUBLE_REGS3/GENERATE_LEVEL_P_S_CDC.MULTI_BIT.FOR_IN_cdc_to[2].CROSS2_PLEVEL_IN2SCNDRY_IN_cdc_to/D
  -------------------------------------------------------------------    -------------------

                         (clock clk_fpga_0 rise edge)
                                                      0.000     0.000 r  
    PS7_X0Y0             PS7                          0.000     0.000 r  axi_gpio_ext_jp_i/processing_system7_0/inst/PS7_i/FCLKCLK[0]
                         net (fo=1, routed)           1.101     1.101    axi_gpio_ext_jp_i/processing_system7_0/inst/FCLK_CLK_unbuffered[0]
    BUFGCTRL_X0Y0        BUFG (Prop_bufg_I_O)         0.091     1.192 r  axi_gpio_ext_jp_i/processing_system7_0/inst/buffer_fclk_clk_0.FCLK_CLK_0_BUFG/O
                         net (fo=913, routed)         1.496     2.688    axi_gpio_ext_jp_i/axi_gpio_2/U0/gpio_core_1/Not_Dual.INPUT_DOUBLE_REGS3/s_axi_aclk
    SLICE_X14Y35         FDRE                                         r  axi_gpio_ext_jp_i/axi_gpio_2/U0/gpio_core_1/Not_Dual.INPUT_DOUBLE_REGS3/GENERATE_LEVEL_P_S_CDC.MULTI_BIT.FOR_IN_cdc_to[2].CROSS2_PLEVEL_IN2SCNDRY_IN_cdc_to/C

Slack:                    inf
  Source:                 sws_4bits_tri_i[3]
                            (input port)
  Destination:            axi_gpio_ext_jp_i/axi_gpio_2/U0/gpio_core_1/Not_Dual.INPUT_DOUBLE_REGS3/GENERATE_LEVEL_P_S_CDC.MULTI_BIT.FOR_IN_cdc_to[3].CROSS2_PLEVEL_IN2SCNDRY_IN_cdc_to/D
                            (rising edge-triggered cell FDRE clocked by clk_fpga_0  {rise@0.000ns fall@10.000ns period=20.000ns})
  Path Group:             (none)
  Path Type:              Setup (Max at Slow Process Corner)
  Data Path Delay:        3.425ns  (logic 1.528ns (44.616%)  route 1.897ns (55.384%))
  Logic Levels:           1  (IBUF=1)
  Clock Path Skew:        2.685ns (DCD - SCD + CPR)
    Destination Clock Delay (DCD):    2.685ns
    Source Clock Delay      (SCD):    0.000ns
    Clock Pessimism Removal (CPR):    0.000ns
  Clock Uncertainty:      0.301ns  ((TSJ^2 + TIJ^2)^1/2 + DJ) / 2 + PE
    Total System Jitter     (TSJ):    0.050ns
    Total Input Jitter      (TIJ):    0.600ns
    Discrete Jitter          (DJ):    0.000ns
    Phase Error              (PE):    0.000ns
  Timing Exception:       False Path

    Location             Delay type                Incr(ns)  Path(ns)    Netlist Resource(s)
  -------------------------------------------------------------------    -------------------
    T16                                               0.000     0.000 r  sws_4bits_tri_i[3] (IN)
                         net (fo=0)                   0.000     0.000    sws_4bits_tri_i[3]
    T16                  IBUF (Prop_ibuf_I_O)         1.528     1.528 r  sws_4bits_tri_i_IBUF[3]_inst/O
                         net (fo=1, routed)           1.897     3.425    axi_gpio_ext_jp_i/axi_gpio_2/U0/gpio_core_1/Not_Dual.INPUT_DOUBLE_REGS3/gpio_io_i[3]
    SLICE_X16Y33         FDRE                                         r  axi_gpio_ext_jp_i/axi_gpio_2/U0/gpio_core_1/Not_Dual.INPUT_DOUBLE_REGS3/GENERATE_LEVEL_P_S_CDC.MULTI_BIT.FOR_IN_cdc_to[3].CROSS2_PLEVEL_IN2SCNDRY_IN_cdc_to/D
  -------------------------------------------------------------------    -------------------

                         (clock clk_fpga_0 rise edge)
                                                      0.000     0.000 r  
    PS7_X0Y0             PS7                          0.000     0.000 r  axi_gpio_ext_jp_i/processing_system7_0/inst/PS7_i/FCLKCLK[0]
                         net (fo=1, routed)           1.101     1.101    axi_gpio_ext_jp_i/processing_system7_0/inst/FCLK_CLK_unbuffered[0]
    BUFGCTRL_X0Y0        BUFG (Prop_bufg_I_O)         0.091     1.192 r  axi_gpio_ext_jp_i/processing_system7_0/inst/buffer_fclk_clk_0.FCLK_CLK_0_BUFG/O
                         net (fo=913, routed)         1.493     2.685    axi_gpio_ext_jp_i/axi_gpio_2/U0/gpio_core_1/Not_Dual.INPUT_DOUBLE_REGS3/s_axi_aclk
    SLICE_X16Y33         FDRE                                         r  axi_gpio_ext_jp_i/axi_gpio_2/U0/gpio_core_1/Not_Dual.INPUT_DOUBLE_REGS3/GENERATE_LEVEL_P_S_CDC.MULTI_BIT.FOR_IN_cdc_to[3].CROSS2_PLEVEL_IN2SCNDRY_IN_cdc_to/C

Slack:                    inf
  Source:                 axi_gpio_ext_jp_i/processing_system7_0/inst/PS7_i/FCLKRESETN[0]
                            (internal pin)
  Destination:            axi_gpio_ext_jp_i/rst_ps7_0_50M/U0/EXT_LPF/ACTIVE_LOW_EXT.ACT_LO_EXT/GENERATE_LEVEL_P_S_CDC.SINGLE_BIT.CROSS_PLEVEL_IN2SCNDRY_IN_cdc_to/D
                            (rising edge-triggered cell FDRE clocked by clk_fpga_0  {rise@0.000ns fall@10.000ns period=20.000ns})
  Path Group:             (none)
  Path Type:              Setup (Max at Slow Process Corner)
  Data Path Delay:        2.050ns  (logic 0.124ns (6.049%)  route 1.926ns (93.951%))
  Logic Levels:           1  (LUT1=1)
  Clock Uncertainty:      0.301ns  ((TSJ^2 + TIJ^2)^1/2 + DJ) / 2 + PE
    Total System Jitter     (TSJ):    0.050ns
    Total Input Jitter      (TIJ):    0.600ns
    Discrete Jitter          (DJ):    0.000ns
    Phase Error              (PE):    0.000ns
  Timing Exception:       False Path

    Location             Delay type                Incr(ns)  Path(ns)    Netlist Resource(s)
  -------------------------------------------------------------------    -------------------
    PS7_X0Y0             PS7                          0.000     0.000 f  axi_gpio_ext_jp_i/processing_system7_0/inst/PS7_i/FCLKRESETN[0]
                         net (fo=1, routed)           1.926     1.926    axi_gpio_ext_jp_i/rst_ps7_0_50M/U0/EXT_LPF/ACTIVE_LOW_EXT.ACT_LO_EXT/ext_reset_in
    SLICE_X18Y34         LUT1 (Prop_lut1_I0_O)        0.124     2.050 r  axi_gpio_ext_jp_i/rst_ps7_0_50M/U0/EXT_LPF/ACTIVE_LOW_EXT.ACT_LO_EXT/GENERATE_LEVEL_P_S_CDC.SINGLE_BIT.CROSS_PLEVEL_IN2SCNDRY_IN_cdc_to_i_1/O
                         net (fo=1, routed)           0.000     2.050    axi_gpio_ext_jp_i/rst_ps7_0_50M/U0/EXT_LPF/ACTIVE_LOW_EXT.ACT_LO_EXT/exr_d1
    SLICE_X18Y34         FDRE                                         r  axi_gpio_ext_jp_i/rst_ps7_0_50M/U0/EXT_LPF/ACTIVE_LOW_EXT.ACT_LO_EXT/GENERATE_LEVEL_P_S_CDC.SINGLE_BIT.CROSS_PLEVEL_IN2SCNDRY_IN_cdc_to/D
  -------------------------------------------------------------------    -------------------

                         (clock clk_fpga_0 rise edge)
                                                      0.000     0.000 r  
    PS7_X0Y0             PS7                          0.000     0.000 r  axi_gpio_ext_jp_i/processing_system7_0/inst/PS7_i/FCLKCLK[0]
                         net (fo=1, routed)           1.101     1.101    axi_gpio_ext_jp_i/processing_system7_0/inst/FCLK_CLK_unbuffered[0]
    BUFGCTRL_X0Y0        BUFG (Prop_bufg_I_O)         0.091     1.192 r  axi_gpio_ext_jp_i/processing_system7_0/inst/buffer_fclk_clk_0.FCLK_CLK_0_BUFG/O
                         net (fo=913, routed)         1.494     2.686    axi_gpio_ext_jp_i/rst_ps7_0_50M/U0/EXT_LPF/ACTIVE_LOW_EXT.ACT_LO_EXT/slowest_sync_clk
    SLICE_X18Y34         FDRE                                         r  axi_gpio_ext_jp_i/rst_ps7_0_50M/U0/EXT_LPF/ACTIVE_LOW_EXT.ACT_LO_EXT/GENERATE_LEVEL_P_S_CDC.SINGLE_BIT.CROSS_PLEVEL_IN2SCNDRY_IN_cdc_to/C





Min Delay Paths
--------------------------------------------------------------------------------------
Slack:                    inf
  Source:                 axi_gpio_ext_jp_i/processing_system7_0/inst/PS7_i/FCLKRESETN[0]
                            (internal pin)
  Destination:            axi_gpio_ext_jp_i/rst_ps7_0_50M/U0/EXT_LPF/ACTIVE_LOW_EXT.ACT_LO_EXT/GENERATE_LEVEL_P_S_CDC.SINGLE_BIT.CROSS_PLEVEL_IN2SCNDRY_IN_cdc_to/D
                            (rising edge-triggered cell FDRE clocked by clk_fpga_0  {rise@0.000ns fall@10.000ns period=20.000ns})
  Path Group:             (none)
  Path Type:              Hold (Min at Fast Process Corner)
  Data Path Delay:        0.879ns  (logic 0.045ns (5.119%)  route 0.834ns (94.881%))
  Logic Levels:           1  (LUT1=1)
  Clock Uncertainty:      0.301ns  ((TSJ^2 + TIJ^2)^1/2 + DJ) / 2 + PE
    Total System Jitter     (TSJ):    0.050ns
    Total Input Jitter      (TIJ):    0.600ns
    Discrete Jitter          (DJ):    0.000ns
    Phase Error              (PE):    0.000ns
  Timing Exception:       False Path

    Location             Delay type                Incr(ns)  Path(ns)    Netlist Resource(s)
  -------------------------------------------------------------------    -------------------
    PS7_X0Y0             PS7                          0.000     0.000 f  axi_gpio_ext_jp_i/processing_system7_0/inst/PS7_i/FCLKRESETN[0]
                         net (fo=1, routed)           0.834     0.834    axi_gpio_ext_jp_i/rst_ps7_0_50M/U0/EXT_LPF/ACTIVE_LOW_EXT.ACT_LO_EXT/ext_reset_in
    SLICE_X18Y34         LUT1 (Prop_lut1_I0_O)        0.045     0.879 r  axi_gpio_ext_jp_i/rst_ps7_0_50M/U0/EXT_LPF/ACTIVE_LOW_EXT.ACT_LO_EXT/GENERATE_LEVEL_P_S_CDC.SINGLE_BIT.CROSS_PLEVEL_IN2SCNDRY_IN_cdc_to_i_1/O
                         net (fo=1, routed)           0.000     0.879    axi_gpio_ext_jp_i/rst_ps7_0_50M/U0/EXT_LPF/ACTIVE_LOW_EXT.ACT_LO_EXT/exr_d1
    SLICE_X18Y34         FDRE                                         r  axi_gpio_ext_jp_i/rst_ps7_0_50M/U0/EXT_LPF/ACTIVE_LOW_EXT.ACT_LO_EXT/GENERATE_LEVEL_P_S_CDC.SINGLE_BIT.CROSS_PLEVEL_IN2SCNDRY_IN_cdc_to/D
  -------------------------------------------------------------------    -------------------

                         (clock clk_fpga_0 rise edge)
                                                      0.000     0.000 r  
    PS7_X0Y0             PS7                          0.000     0.000 r  axi_gpio_ext_jp_i/processing_system7_0/inst/PS7_i/FCLKCLK[0]
                         net (fo=1, routed)           0.341     0.341    axi_gpio_ext_jp_i/processing_system7_0/inst/FCLK_CLK_unbuffered[0]
    BUFGCTRL_X0Y0        BUFG (Prop_bufg_I_O)         0.029     0.370 r  axi_gpio_ext_jp_i/processing_system7_0/inst/buffer_fclk_clk_0.FCLK_CLK_0_BUFG/O
                         net (fo=913, routed)         0.825     1.195    axi_gpio_ext_jp_i/rst_ps7_0_50M/U0/EXT_LPF/ACTIVE_LOW_EXT.ACT_LO_EXT/slowest_sync_clk
    SLICE_X18Y34         FDRE                                         r  axi_gpio_ext_jp_i/rst_ps7_0_50M/U0/EXT_LPF/ACTIVE_LOW_EXT.ACT_LO_EXT/GENERATE_LEVEL_P_S_CDC.SINGLE_BIT.CROSS_PLEVEL_IN2SCNDRY_IN_cdc_to/C

Slack:                    inf
  Source:                 sws_4bits_tri_i[3]
                            (input port)
  Destination:            axi_gpio_ext_jp_i/axi_gpio_2/U0/gpio_core_1/Not_Dual.INPUT_DOUBLE_REGS3/GENERATE_LEVEL_P_S_CDC.MULTI_BIT.FOR_IN_cdc_to[3].CROSS2_PLEVEL_IN2SCNDRY_IN_cdc_to/D
                            (rising edge-triggered cell FDRE clocked by clk_fpga_0  {rise@0.000ns fall@10.000ns period=20.000ns})
  Path Group:             (none)
  Path Type:              Hold (Min at Fast Process Corner)
  Data Path Delay:        1.130ns  (logic 0.296ns (26.140%)  route 0.835ns (73.860%))
  Logic Levels:           1  (IBUF=1)
  Clock Path Skew:        1.194ns (DCD - SCD - CPR)
    Destination Clock Delay (DCD):    1.194ns
    Source Clock Delay      (SCD):    0.000ns
    Clock Pessimism Removal (CPR):    -0.000ns
  Timing Exception:       False Path

    Location             Delay type                Incr(ns)  Path(ns)    Netlist Resource(s)
  -------------------------------------------------------------------    -------------------
    T16                                               0.000     0.000 r  sws_4bits_tri_i[3] (IN)
                         net (fo=0)                   0.000     0.000    sws_4bits_tri_i[3]
    T16                  IBUF (Prop_ibuf_I_O)         0.296     0.296 r  sws_4bits_tri_i_IBUF[3]_inst/O
                         net (fo=1, routed)           0.835     1.130    axi_gpio_ext_jp_i/axi_gpio_2/U0/gpio_core_1/Not_Dual.INPUT_DOUBLE_REGS3/gpio_io_i[3]
    SLICE_X16Y33         FDRE                                         r  axi_gpio_ext_jp_i/axi_gpio_2/U0/gpio_core_1/Not_Dual.INPUT_DOUBLE_REGS3/GENERATE_LEVEL_P_S_CDC.MULTI_BIT.FOR_IN_cdc_to[3].CROSS2_PLEVEL_IN2SCNDRY_IN_cdc_to/D
  -------------------------------------------------------------------    -------------------

                         (clock clk_fpga_0 rise edge)
                                                      0.000     0.000 r  
    PS7_X0Y0             PS7                          0.000     0.000 r  axi_gpio_ext_jp_i/processing_system7_0/inst/PS7_i/FCLKCLK[0]
                         net (fo=1, routed)           0.341     0.341    axi_gpio_ext_jp_i/processing_system7_0/inst/FCLK_CLK_unbuffered[0]
    BUFGCTRL_X0Y0        BUFG (Prop_bufg_I_O)         0.029     0.370 r  axi_gpio_ext_jp_i/processing_system7_0/inst/buffer_fclk_clk_0.FCLK_CLK_0_BUFG/O
                         net (fo=913, routed)         0.824     1.194    axi_gpio_ext_jp_i/axi_gpio_2/U0/gpio_core_1/Not_Dual.INPUT_DOUBLE_REGS3/s_axi_aclk
    SLICE_X16Y33         FDRE                                         r  axi_gpio_ext_jp_i/axi_gpio_2/U0/gpio_core_1/Not_Dual.INPUT_DOUBLE_REGS3/GENERATE_LEVEL_P_S_CDC.MULTI_BIT.FOR_IN_cdc_to[3].CROSS2_PLEVEL_IN2SCNDRY_IN_cdc_to/C

Slack:                    inf
  Source:                 sws_4bits_tri_i[2]
                            (input port)
  Destination:            axi_gpio_ext_jp_i/axi_gpio_2/U0/gpio_core_1/Not_Dual.INPUT_DOUBLE_REGS3/GENERATE_LEVEL_P_S_CDC.MULTI_BIT.FOR_IN_cdc_to[2].CROSS2_PLEVEL_IN2SCNDRY_IN_cdc_to/D
                            (rising edge-triggered cell FDRE clocked by clk_fpga_0  {rise@0.000ns fall@10.000ns period=20.000ns})
  Path Group:             (none)
  Path Type:              Hold (Min at Fast Process Corner)
  Data Path Delay:        1.287ns  (logic 0.306ns (23.810%)  route 0.980ns (76.190%))
  Logic Levels:           1  (IBUF=1)
  Clock Path Skew:        1.196ns (DCD - SCD - CPR)
    Destination Clock Delay (DCD):    1.196ns
    Source Clock Delay      (SCD):    0.000ns
    Clock Pessimism Removal (CPR):    -0.000ns
  Timing Exception:       False Path

    Location             Delay type                Incr(ns)  Path(ns)    Netlist Resource(s)
  -------------------------------------------------------------------    -------------------
    W13                                               0.000     0.000 r  sws_4bits_tri_i[2] (IN)
                         net (fo=0)                   0.000     0.000    sws_4bits_tri_i[2]
    W13                  IBUF (Prop_ibuf_I_O)         0.306     0.306 r  sws_4bits_tri_i_IBUF[2]_inst/O
                         net (fo=1, routed)           0.980     1.287    axi_gpio_ext_jp_i/axi_gpio_2/U0/gpio_core_1/Not_Dual.INPUT_DOUBLE_REGS3/gpio_io_i[2]
    SLICE_X14Y35         FDRE                                         r  axi_gpio_ext_jp_i/axi_gpio_2/U0/gpio_core_1/Not_Dual.INPUT_DOUBLE_REGS3/GENERATE_LEVEL_P_S_CDC.MULTI_BIT.FOR_IN_cdc_to[2].CROSS2_PLEVEL_IN2SCNDRY_IN_cdc_to/D
  -------------------------------------------------------------------    -------------------

                         (clock clk_fpga_0 rise edge)
                                                      0.000     0.000 r  
    PS7_X0Y0             PS7                          0.000     0.000 r  axi_gpio_ext_jp_i/processing_system7_0/inst/PS7_i/FCLKCLK[0]
                         net (fo=1, routed)           0.341     0.341    axi_gpio_ext_jp_i/processing_system7_0/inst/FCLK_CLK_unbuffered[0]
    BUFGCTRL_X0Y0        BUFG (Prop_bufg_I_O)         0.029     0.370 r  axi_gpio_ext_jp_i/processing_system7_0/inst/buffer_fclk_clk_0.FCLK_CLK_0_BUFG/O
                         net (fo=913, routed)         0.826     1.196    axi_gpio_ext_jp_i/axi_gpio_2/U0/gpio_core_1/Not_Dual.INPUT_DOUBLE_REGS3/s_axi_aclk
    SLICE_X14Y35         FDRE                                         r  axi_gpio_ext_jp_i/axi_gpio_2/U0/gpio_core_1/Not_Dual.INPUT_DOUBLE_REGS3/GENERATE_LEVEL_P_S_CDC.MULTI_BIT.FOR_IN_cdc_to[2].CROSS2_PLEVEL_IN2SCNDRY_IN_cdc_to/C

Slack:                    inf
  Source:                 sws_4bits_tri_i[0]
                            (input port)
  Destination:            axi_gpio_ext_jp_i/axi_gpio_2/U0/gpio_core_1/Not_Dual.INPUT_DOUBLE_REGS3/GENERATE_LEVEL_P_S_CDC.MULTI_BIT.FOR_IN_cdc_to[0].CROSS2_PLEVEL_IN2SCNDRY_IN_cdc_to/D
                            (rising edge-triggered cell FDRE clocked by clk_fpga_0  {rise@0.000ns fall@10.000ns period=20.000ns})
  Path Group:             (none)
  Path Type:              Hold (Min at Fast Process Corner)
  Data Path Delay:        1.445ns  (logic 0.220ns (15.256%)  route 1.225ns (84.744%))
  Logic Levels:           1  (IBUF=1)
  Clock Path Skew:        1.196ns (DCD - SCD - CPR)
    Destination Clock Delay (DCD):    1.196ns
    Source Clock Delay      (SCD):    0.000ns
    Clock Pessimism Removal (CPR):    -0.000ns
  Timing Exception:       False Path

    Location             Delay type                Incr(ns)  Path(ns)    Netlist Resource(s)
  -------------------------------------------------------------------    -------------------
    G15                                               0.000     0.000 r  sws_4bits_tri_i[0] (IN)
                         net (fo=0)                   0.000     0.000    sws_4bits_tri_i[0]
    G15                  IBUF (Prop_ibuf_I_O)         0.220     0.220 r  sws_4bits_tri_i_IBUF[0]_inst/O
                         net (fo=1, routed)           1.225     1.445    axi_gpio_ext_jp_i/axi_gpio_2/U0/gpio_core_1/Not_Dual.INPUT_DOUBLE_REGS3/gpio_io_i[0]
    SLICE_X15Y35         FDRE                                         r  axi_gpio_ext_jp_i/axi_gpio_2/U0/gpio_core_1/Not_Dual.INPUT_DOUBLE_REGS3/GENERATE_LEVEL_P_S_CDC.MULTI_BIT.FOR_IN_cdc_to[0].CROSS2_PLEVEL_IN2SCNDRY_IN_cdc_to/D
  -------------------------------------------------------------------    -------------------

                         (clock clk_fpga_0 rise edge)
                                                      0.000     0.000 r  
    PS7_X0Y0             PS7                          0.000     0.000 r  axi_gpio_ext_jp_i/processing_system7_0/inst/PS7_i/FCLKCLK[0]
                         net (fo=1, routed)           0.341     0.341    axi_gpio_ext_jp_i/processing_system7_0/inst/FCLK_CLK_unbuffered[0]
    BUFGCTRL_X0Y0        BUFG (Prop_bufg_I_O)         0.029     0.370 r  axi_gpio_ext_jp_i/processing_system7_0/inst/buffer_fclk_clk_0.FCLK_CLK_0_BUFG/O
                         net (fo=913, routed)         0.826     1.196    axi_gpio_ext_jp_i/axi_gpio_2/U0/gpio_core_1/Not_Dual.INPUT_DOUBLE_REGS3/s_axi_aclk
    SLICE_X15Y35         FDRE                                         r  axi_gpio_ext_jp_i/axi_gpio_2/U0/gpio_core_1/Not_Dual.INPUT_DOUBLE_REGS3/GENERATE_LEVEL_P_S_CDC.MULTI_BIT.FOR_IN_cdc_to[0].CROSS2_PLEVEL_IN2SCNDRY_IN_cdc_to/C

Slack:                    inf
  Source:                 sws_4bits_tri_i[1]
                            (input port)
  Destination:            axi_gpio_ext_jp_i/axi_gpio_2/U0/gpio_core_1/Not_Dual.INPUT_DOUBLE_REGS3/GENERATE_LEVEL_P_S_CDC.MULTI_BIT.FOR_IN_cdc_to[1].CROSS2_PLEVEL_IN2SCNDRY_IN_cdc_to/D
                            (rising edge-triggered cell FDRE clocked by clk_fpga_0  {rise@0.000ns fall@10.000ns period=20.000ns})
  Path Group:             (none)
  Path Type:              Hold (Min at Fast Process Corner)
  Data Path Delay:        1.491ns  (logic 0.219ns (14.675%)  route 1.273ns (85.325%))
  Logic Levels:           1  (IBUF=1)
  Clock Path Skew:        1.190ns (DCD - SCD - CPR)
    Destination Clock Delay (DCD):    1.190ns
    Source Clock Delay      (SCD):    0.000ns
    Clock Pessimism Removal (CPR):    -0.000ns
  Timing Exception:       False Path

    Location             Delay type                Incr(ns)  Path(ns)    Netlist Resource(s)
  -------------------------------------------------------------------    -------------------
    P15                                               0.000     0.000 r  sws_4bits_tri_i[1] (IN)
                         net (fo=0)                   0.000     0.000    sws_4bits_tri_i[1]
    P15                  IBUF (Prop_ibuf_I_O)         0.219     0.219 r  sws_4bits_tri_i_IBUF[1]_inst/O
                         net (fo=1, routed)           1.273     1.491    axi_gpio_ext_jp_i/axi_gpio_2/U0/gpio_core_1/Not_Dual.INPUT_DOUBLE_REGS3/gpio_io_i[1]
    SLICE_X14Y29         FDRE                                         r  axi_gpio_ext_jp_i/axi_gpio_2/U0/gpio_core_1/Not_Dual.INPUT_DOUBLE_REGS3/GENERATE_LEVEL_P_S_CDC.MULTI_BIT.FOR_IN_cdc_to[1].CROSS2_PLEVEL_IN2SCNDRY_IN_cdc_to/D
  -------------------------------------------------------------------    -------------------

                         (clock clk_fpga_0 rise edge)
                                                      0.000     0.000 r  
    PS7_X0Y0             PS7                          0.000     0.000 r  axi_gpio_ext_jp_i/processing_system7_0/inst/PS7_i/FCLKCLK[0]
                         net (fo=1, routed)           0.341     0.341    axi_gpio_ext_jp_i/processing_system7_0/inst/FCLK_CLK_unbuffered[0]
    BUFGCTRL_X0Y0        BUFG (Prop_bufg_I_O)         0.029     0.370 r  axi_gpio_ext_jp_i/processing_system7_0/inst/buffer_fclk_clk_0.FCLK_CLK_0_BUFG/O
                         net (fo=913, routed)         0.820     1.190    axi_gpio_ext_jp_i/axi_gpio_2/U0/gpio_core_1/Not_Dual.INPUT_DOUBLE_REGS3/s_axi_aclk
    SLICE_X14Y29         FDRE                                         r  axi_gpio_ext_jp_i/axi_gpio_2/U0/gpio_core_1/Not_Dual.INPUT_DOUBLE_REGS3/GENERATE_LEVEL_P_S_CDC.MULTI_BIT.FOR_IN_cdc_to[1].CROSS2_PLEVEL_IN2SCNDRY_IN_cdc_to/C





--------------------------------------------------------------------------------------
Path Group:  (none)
From Clock:  clk_fpga_0
  To Clock:  

Max Delay             7 Endpoints
Min Delay             7 Endpoints
--------------------------------------------------------------------------------------


Max Delay Paths
--------------------------------------------------------------------------------------
Slack:                    inf
  Source:                 axi_gpio_ext_jp_i/axi_gpio_0/U0/gpio_core_1/Not_Dual.gpio_Data_Out_reg[1]_lopt_replica/C
                            (rising edge-triggered cell FDRE clocked by clk_fpga_0  {rise@0.000ns fall@10.000ns period=20.000ns})
  Destination:            leds_4bits_tri_o[2]
                            (output port)
  Path Group:             (none)
  Path Type:              Max at Slow Process Corner
  Data Path Delay:        8.395ns  (logic 3.941ns (46.950%)  route 4.454ns (53.050%))
  Logic Levels:           1  (OBUF=1)
  Clock Uncertainty:      0.301ns  ((TSJ^2 + TIJ^2)^1/2 + DJ) / 2 + PE
    Total System Jitter     (TSJ):    0.050ns
    Total Input Jitter      (TIJ):    0.600ns
    Discrete Jitter          (DJ):    0.000ns
    Phase Error              (PE):    0.000ns

    Location             Delay type                Incr(ns)  Path(ns)    Netlist Resource(s)
  -------------------------------------------------------------------    -------------------
                         (clock clk_fpga_0 rise edge)
                                                      0.000     0.000 r  
    PS7_X0Y0             PS7                          0.000     0.000 r  axi_gpio_ext_jp_i/processing_system7_0/inst/PS7_i/FCLKCLK[0]
                         net (fo=1, routed)           1.207     1.207    axi_gpio_ext_jp_i/processing_system7_0/inst/FCLK_CLK_unbuffered[0]
    BUFGCTRL_X0Y0        BUFG (Prop_bufg_I_O)         0.101     1.308 r  axi_gpio_ext_jp_i/processing_system7_0/inst/buffer_fclk_clk_0.FCLK_CLK_0_BUFG/O
                         net (fo=913, routed)         1.672     2.980    axi_gpio_ext_jp_i/axi_gpio_0/U0/gpio_core_1/s_axi_aclk
    SLICE_X18Y40         FDRE                                         r  axi_gpio_ext_jp_i/axi_gpio_0/U0/gpio_core_1/Not_Dual.gpio_Data_Out_reg[1]_lopt_replica/C
  -------------------------------------------------------------------    -------------------
    SLICE_X18Y40         FDRE (Prop_fdre_C_Q)         0.456     3.436 r  axi_gpio_ext_jp_i/axi_gpio_0/U0/gpio_core_1/Not_Dual.gpio_Data_Out_reg[1]_lopt_replica/Q
                         net (fo=1, routed)           4.454     7.890    lopt_2
    G14                  OBUF (Prop_obuf_I_O)         3.485    11.375 r  leds_4bits_tri_o_OBUF[2]_inst/O
                         net (fo=0)                   0.000    11.375    leds_4bits_tri_o[2]
    G14                                                               r  leds_4bits_tri_o[2] (OUT)
  -------------------------------------------------------------------    -------------------

Slack:                    inf
  Source:                 axi_gpio_ext_jp_i/axi_gpio_0/U0/gpio_core_1/Not_Dual.gpio_Data_Out_reg[0]_lopt_replica/C
                            (rising edge-triggered cell FDRE clocked by clk_fpga_0  {rise@0.000ns fall@10.000ns period=20.000ns})
  Destination:            leds_4bits_tri_o[3]
                            (output port)
  Path Group:             (none)
  Path Type:              Max at Slow Process Corner
  Data Path Delay:        8.050ns  (logic 3.966ns (49.265%)  route 4.084ns (50.735%))
  Logic Levels:           1  (OBUF=1)
  Clock Uncertainty:      0.301ns  ((TSJ^2 + TIJ^2)^1/2 + DJ) / 2 + PE
    Total System Jitter     (TSJ):    0.050ns
    Total Input Jitter      (TIJ):    0.600ns
    Discrete Jitter          (DJ):    0.000ns
    Phase Error              (PE):    0.000ns

    Location             Delay type                Incr(ns)  Path(ns)    Netlist Resource(s)
  -------------------------------------------------------------------    -------------------
                         (clock clk_fpga_0 rise edge)
                                                      0.000     0.000 r  
    PS7_X0Y0             PS7                          0.000     0.000 r  axi_gpio_ext_jp_i/processing_system7_0/inst/PS7_i/FCLKCLK[0]
                         net (fo=1, routed)           1.207     1.207    axi_gpio_ext_jp_i/processing_system7_0/inst/FCLK_CLK_unbuffered[0]
    BUFGCTRL_X0Y0        BUFG (Prop_bufg_I_O)         0.101     1.308 r  axi_gpio_ext_jp_i/processing_system7_0/inst/buffer_fclk_clk_0.FCLK_CLK_0_BUFG/O
                         net (fo=913, routed)         1.672     2.980    axi_gpio_ext_jp_i/axi_gpio_0/U0/gpio_core_1/s_axi_aclk
    SLICE_X18Y40         FDRE                                         r  axi_gpio_ext_jp_i/axi_gpio_0/U0/gpio_core_1/Not_Dual.gpio_Data_Out_reg[0]_lopt_replica/C
  -------------------------------------------------------------------    -------------------
    SLICE_X18Y40         FDRE (Prop_fdre_C_Q)         0.456     3.436 r  axi_gpio_ext_jp_i/axi_gpio_0/U0/gpio_core_1/Not_Dual.gpio_Data_Out_reg[0]_lopt_replica/Q
                         net (fo=1, routed)           4.084     7.520    lopt_3
    D18                  OBUF (Prop_obuf_I_O)         3.510    11.030 r  leds_4bits_tri_o_OBUF[3]_inst/O
                         net (fo=0)                   0.000    11.030    leds_4bits_tri_o[3]
    D18                                                               r  leds_4bits_tri_o[3] (OUT)
  -------------------------------------------------------------------    -------------------

Slack:                    inf
  Source:                 axi_gpio_ext_jp_i/axi_gpio_1/U0/gpio_core_1/Not_Dual.gpio_Data_Out_reg[1]/C
                            (rising edge-triggered cell FDRE clocked by clk_fpga_0  {rise@0.000ns fall@10.000ns period=20.000ns})
  Destination:            rgb_led_tri_o[1]
                            (output port)
  Path Group:             (none)
  Path Type:              Max at Slow Process Corner
  Data Path Delay:        8.000ns  (logic 3.967ns (49.588%)  route 4.033ns (50.412%))
  Logic Levels:           1  (OBUF=1)
  Clock Uncertainty:      0.301ns  ((TSJ^2 + TIJ^2)^1/2 + DJ) / 2 + PE
    Total System Jitter     (TSJ):    0.050ns
    Total Input Jitter      (TIJ):    0.600ns
    Discrete Jitter          (DJ):    0.000ns
    Phase Error              (PE):    0.000ns

    Location             Delay type                Incr(ns)  Path(ns)    Netlist Resource(s)
  -------------------------------------------------------------------    -------------------
                         (clock clk_fpga_0 rise edge)
                                                      0.000     0.000 r  
    PS7_X0Y0             PS7                          0.000     0.000 r  axi_gpio_ext_jp_i/processing_system7_0/inst/PS7_i/FCLKCLK[0]
                         net (fo=1, routed)           1.207     1.207    axi_gpio_ext_jp_i/processing_system7_0/inst/FCLK_CLK_unbuffered[0]
    BUFGCTRL_X0Y0        BUFG (Prop_bufg_I_O)         0.101     1.308 r  axi_gpio_ext_jp_i/processing_system7_0/inst/buffer_fclk_clk_0.FCLK_CLK_0_BUFG/O
                         net (fo=913, routed)         1.673     2.981    axi_gpio_ext_jp_i/axi_gpio_1/U0/gpio_core_1/s_axi_aclk
    SLICE_X17Y42         FDRE                                         r  axi_gpio_ext_jp_i/axi_gpio_1/U0/gpio_core_1/Not_Dual.gpio_Data_Out_reg[1]/C
  -------------------------------------------------------------------    -------------------
    SLICE_X17Y42         FDRE (Prop_fdre_C_Q)         0.456     3.437 r  axi_gpio_ext_jp_i/axi_gpio_1/U0/gpio_core_1/Not_Dual.gpio_Data_Out_reg[1]/Q
                         net (fo=3, routed)           4.033     7.470    rgb_led_tri_o_OBUF[1]
    F17                  OBUF (Prop_obuf_I_O)         3.511    10.981 r  rgb_led_tri_o_OBUF[1]_inst/O
                         net (fo=0)                   0.000    10.981    rgb_led_tri_o[1]
    F17                                                               r  rgb_led_tri_o[1] (OUT)
  -------------------------------------------------------------------    -------------------

Slack:                    inf
  Source:                 axi_gpio_ext_jp_i/axi_gpio_1/U0/gpio_core_1/Not_Dual.gpio_Data_Out_reg[2]/C
                            (rising edge-triggered cell FDRE clocked by clk_fpga_0  {rise@0.000ns fall@10.000ns period=20.000ns})
  Destination:            rgb_led_tri_o[0]
                            (output port)
  Path Group:             (none)
  Path Type:              Max at Slow Process Corner
  Data Path Delay:        7.787ns  (logic 4.052ns (52.035%)  route 3.735ns (47.965%))
  Logic Levels:           1  (OBUF=1)
  Clock Uncertainty:      0.301ns  ((TSJ^2 + TIJ^2)^1/2 + DJ) / 2 + PE
    Total System Jitter     (TSJ):    0.050ns
    Total Input Jitter      (TIJ):    0.600ns
    Discrete Jitter          (DJ):    0.000ns
    Phase Error              (PE):    0.000ns

    Location             Delay type                Incr(ns)  Path(ns)    Netlist Resource(s)
  -------------------------------------------------------------------    -------------------
                         (clock clk_fpga_0 rise edge)
                                                      0.000     0.000 r  
    PS7_X0Y0             PS7                          0.000     0.000 r  axi_gpio_ext_jp_i/processing_system7_0/inst/PS7_i/FCLKCLK[0]
                         net (fo=1, routed)           1.207     1.207    axi_gpio_ext_jp_i/processing_system7_0/inst/FCLK_CLK_unbuffered[0]
    BUFGCTRL_X0Y0        BUFG (Prop_bufg_I_O)         0.101     1.308 r  axi_gpio_ext_jp_i/processing_system7_0/inst/buffer_fclk_clk_0.FCLK_CLK_0_BUFG/O
                         net (fo=913, routed)         1.673     2.981    axi_gpio_ext_jp_i/axi_gpio_1/U0/gpio_core_1/s_axi_aclk
    SLICE_X17Y42         FDRE                                         r  axi_gpio_ext_jp_i/axi_gpio_1/U0/gpio_core_1/Not_Dual.gpio_Data_Out_reg[2]/C
  -------------------------------------------------------------------    -------------------
    SLICE_X17Y42         FDRE (Prop_fdre_C_Q)         0.456     3.437 r  axi_gpio_ext_jp_i/axi_gpio_1/U0/gpio_core_1/Not_Dual.gpio_Data_Out_reg[2]/Q
                         net (fo=3, routed)           3.735     7.172    rgb_led_tri_o_OBUF[0]
    M17                  OBUF (Prop_obuf_I_O)         3.596    10.768 r  rgb_led_tri_o_OBUF[0]_inst/O
                         net (fo=0)                   0.000    10.768    rgb_led_tri_o[0]
    M17                                                               r  rgb_led_tri_o[0] (OUT)
  -------------------------------------------------------------------    -------------------

Slack:                    inf
  Source:                 axi_gpio_ext_jp_i/axi_gpio_1/U0/gpio_core_1/Not_Dual.gpio_Data_Out_reg[0]/C
                            (rising edge-triggered cell FDRE clocked by clk_fpga_0  {rise@0.000ns fall@10.000ns period=20.000ns})
  Destination:            rgb_led_tri_o[2]
                            (output port)
  Path Group:             (none)
  Path Type:              Max at Slow Process Corner
  Data Path Delay:        7.436ns  (logic 3.982ns (53.551%)  route 3.454ns (46.449%))
  Logic Levels:           1  (OBUF=1)
  Clock Uncertainty:      0.301ns  ((TSJ^2 + TIJ^2)^1/2 + DJ) / 2 + PE
    Total System Jitter     (TSJ):    0.050ns
    Total Input Jitter      (TIJ):    0.600ns
    Discrete Jitter          (DJ):    0.000ns
    Phase Error              (PE):    0.000ns

    Location             Delay type                Incr(ns)  Path(ns)    Netlist Resource(s)
  -------------------------------------------------------------------    -------------------
                         (clock clk_fpga_0 rise edge)
                                                      0.000     0.000 r  
    PS7_X0Y0             PS7                          0.000     0.000 r  axi_gpio_ext_jp_i/processing_system7_0/inst/PS7_i/FCLKCLK[0]
                         net (fo=1, routed)           1.207     1.207    axi_gpio_ext_jp_i/processing_system7_0/inst/FCLK_CLK_unbuffered[0]
    BUFGCTRL_X0Y0        BUFG (Prop_bufg_I_O)         0.101     1.308 r  axi_gpio_ext_jp_i/processing_system7_0/inst/buffer_fclk_clk_0.FCLK_CLK_0_BUFG/O
                         net (fo=913, routed)         1.673     2.981    axi_gpio_ext_jp_i/axi_gpio_1/U0/gpio_core_1/s_axi_aclk
    SLICE_X17Y41         FDRE                                         r  axi_gpio_ext_jp_i/axi_gpio_1/U0/gpio_core_1/Not_Dual.gpio_Data_Out_reg[0]/C
  -------------------------------------------------------------------    -------------------
    SLICE_X17Y41         FDRE (Prop_fdre_C_Q)         0.456     3.437 r  axi_gpio_ext_jp_i/axi_gpio_1/U0/gpio_core_1/Not_Dual.gpio_Data_Out_reg[0]/Q
                         net (fo=3, routed)           3.454     6.891    rgb_led_tri_o_OBUF[2]
    V16                  OBUF (Prop_obuf_I_O)         3.526    10.417 r  rgb_led_tri_o_OBUF[2]_inst/O
                         net (fo=0)                   0.000    10.417    rgb_led_tri_o[2]
    V16                                                               r  rgb_led_tri_o[2] (OUT)
  -------------------------------------------------------------------    -------------------

Slack:                    inf
  Source:                 axi_gpio_ext_jp_i/axi_gpio_0/U0/gpio_core_1/Not_Dual.gpio_Data_Out_reg[3]_lopt_replica/C
                            (rising edge-triggered cell FDRE clocked by clk_fpga_0  {rise@0.000ns fall@10.000ns period=20.000ns})
  Destination:            leds_4bits_tri_o[0]
                            (output port)
  Path Group:             (none)
  Path Type:              Max at Slow Process Corner
  Data Path Delay:        6.950ns  (logic 4.125ns (59.351%)  route 2.825ns (40.649%))
  Logic Levels:           1  (OBUF=1)
  Clock Uncertainty:      0.301ns  ((TSJ^2 + TIJ^2)^1/2 + DJ) / 2 + PE
    Total System Jitter     (TSJ):    0.050ns
    Total Input Jitter      (TIJ):    0.600ns
    Discrete Jitter          (DJ):    0.000ns
    Phase Error              (PE):    0.000ns

    Location             Delay type                Incr(ns)  Path(ns)    Netlist Resource(s)
  -------------------------------------------------------------------    -------------------
                         (clock clk_fpga_0 rise edge)
                                                      0.000     0.000 r  
    PS7_X0Y0             PS7                          0.000     0.000 r  axi_gpio_ext_jp_i/processing_system7_0/inst/PS7_i/FCLKCLK[0]
                         net (fo=1, routed)           1.207     1.207    axi_gpio_ext_jp_i/processing_system7_0/inst/FCLK_CLK_unbuffered[0]
    BUFGCTRL_X0Y0        BUFG (Prop_bufg_I_O)         0.101     1.308 r  axi_gpio_ext_jp_i/processing_system7_0/inst/buffer_fclk_clk_0.FCLK_CLK_0_BUFG/O
                         net (fo=913, routed)         1.672     2.980    axi_gpio_ext_jp_i/axi_gpio_0/U0/gpio_core_1/s_axi_aclk
    SLICE_X18Y40         FDRE                                         r  axi_gpio_ext_jp_i/axi_gpio_0/U0/gpio_core_1/Not_Dual.gpio_Data_Out_reg[3]_lopt_replica/C
  -------------------------------------------------------------------    -------------------
    SLICE_X18Y40         FDRE (Prop_fdre_C_Q)         0.419     3.399 r  axi_gpio_ext_jp_i/axi_gpio_0/U0/gpio_core_1/Not_Dual.gpio_Data_Out_reg[3]_lopt_replica/Q
                         net (fo=1, routed)           2.825     6.224    lopt
    M14                  OBUF (Prop_obuf_I_O)         3.706     9.930 r  leds_4bits_tri_o_OBUF[0]_inst/O
                         net (fo=0)                   0.000     9.930    leds_4bits_tri_o[0]
    M14                                                               r  leds_4bits_tri_o[0] (OUT)
  -------------------------------------------------------------------    -------------------

Slack:                    inf
  Source:                 axi_gpio_ext_jp_i/axi_gpio_0/U0/gpio_core_1/Not_Dual.gpio_Data_Out_reg[2]_lopt_replica/C
                            (rising edge-triggered cell FDRE clocked by clk_fpga_0  {rise@0.000ns fall@10.000ns period=20.000ns})
  Destination:            leds_4bits_tri_o[1]
                            (output port)
  Path Group:             (none)
  Path Type:              Max at Slow Process Corner
  Data Path Delay:        6.747ns  (logic 4.130ns (61.215%)  route 2.617ns (38.785%))
  Logic Levels:           1  (OBUF=1)
  Clock Uncertainty:      0.301ns  ((TSJ^2 + TIJ^2)^1/2 + DJ) / 2 + PE
    Total System Jitter     (TSJ):    0.050ns
    Total Input Jitter      (TIJ):    0.600ns
    Discrete Jitter          (DJ):    0.000ns
    Phase Error              (PE):    0.000ns

    Location             Delay type                Incr(ns)  Path(ns)    Netlist Resource(s)
  -------------------------------------------------------------------    -------------------
                         (clock clk_fpga_0 rise edge)
                                                      0.000     0.000 r  
    PS7_X0Y0             PS7                          0.000     0.000 r  axi_gpio_ext_jp_i/processing_system7_0/inst/PS7_i/FCLKCLK[0]
                         net (fo=1, routed)           1.207     1.207    axi_gpio_ext_jp_i/processing_system7_0/inst/FCLK_CLK_unbuffered[0]
    BUFGCTRL_X0Y0        BUFG (Prop_bufg_I_O)         0.101     1.308 r  axi_gpio_ext_jp_i/processing_system7_0/inst/buffer_fclk_clk_0.FCLK_CLK_0_BUFG/O
                         net (fo=913, routed)         1.672     2.980    axi_gpio_ext_jp_i/axi_gpio_0/U0/gpio_core_1/s_axi_aclk
    SLICE_X18Y40         FDRE                                         r  axi_gpio_ext_jp_i/axi_gpio_0/U0/gpio_core_1/Not_Dual.gpio_Data_Out_reg[2]_lopt_replica/C
  -------------------------------------------------------------------    -------------------
    SLICE_X18Y40         FDRE (Prop_fdre_C_Q)         0.419     3.399 r  axi_gpio_ext_jp_i/axi_gpio_0/U0/gpio_core_1/Not_Dual.gpio_Data_Out_reg[2]_lopt_replica/Q
                         net (fo=1, routed)           2.617     6.016    lopt_1
    M15                  OBUF (Prop_obuf_I_O)         3.711     9.727 r  leds_4bits_tri_o_OBUF[1]_inst/O
                         net (fo=0)                   0.000     9.727    leds_4bits_tri_o[1]
    M15                                                               r  leds_4bits_tri_o[1] (OUT)
  -------------------------------------------------------------------    -------------------





Min Delay Paths
--------------------------------------------------------------------------------------
Slack:                    inf
  Source:                 axi_gpio_ext_jp_i/axi_gpio_0/U0/gpio_core_1/Not_Dual.gpio_Data_Out_reg[2]_lopt_replica/C
                            (rising edge-triggered cell FDRE clocked by clk_fpga_0  {rise@0.000ns fall@10.000ns period=20.000ns})
  Destination:            leds_4bits_tri_o[1]
                            (output port)
  Path Group:             (none)
  Path Type:              Min at Fast Process Corner
  Data Path Delay:        2.174ns  (logic 1.421ns (65.367%)  route 0.753ns (34.633%))
  Logic Levels:           1  (OBUF=1)
  Clock Uncertainty:      0.301ns  ((TSJ^2 + TIJ^2)^1/2 + DJ) / 2 + PE
    Total System Jitter     (TSJ):    0.050ns
    Total Input Jitter      (TIJ):    0.600ns
    Discrete Jitter          (DJ):    0.000ns
    Phase Error              (PE):    0.000ns

    Location             Delay type                Incr(ns)  Path(ns)    Netlist Resource(s)
  -------------------------------------------------------------------    -------------------
                         (clock clk_fpga_0 rise edge)
                                                      0.000     0.000 r  
    PS7_X0Y0             PS7                          0.000     0.000 r  axi_gpio_ext_jp_i/processing_system7_0/inst/PS7_i/FCLKCLK[0]
                         net (fo=1, routed)           0.315     0.315    axi_gpio_ext_jp_i/processing_system7_0/inst/FCLK_CLK_unbuffered[0]
    BUFGCTRL_X0Y0        BUFG (Prop_bufg_I_O)         0.026     0.341 r  axi_gpio_ext_jp_i/processing_system7_0/inst/buffer_fclk_clk_0.FCLK_CLK_0_BUFG/O
                         net (fo=913, routed)         0.562     0.903    axi_gpio_ext_jp_i/axi_gpio_0/U0/gpio_core_1/s_axi_aclk
    SLICE_X18Y40         FDRE                                         r  axi_gpio_ext_jp_i/axi_gpio_0/U0/gpio_core_1/Not_Dual.gpio_Data_Out_reg[2]_lopt_replica/C
  -------------------------------------------------------------------    -------------------
    SLICE_X18Y40         FDRE (Prop_fdre_C_Q)         0.128     1.031 r  axi_gpio_ext_jp_i/axi_gpio_0/U0/gpio_core_1/Not_Dual.gpio_Data_Out_reg[2]_lopt_replica/Q
                         net (fo=1, routed)           0.753     1.783    lopt_1
    M15                  OBUF (Prop_obuf_I_O)         1.293     3.076 r  leds_4bits_tri_o_OBUF[1]_inst/O
                         net (fo=0)                   0.000     3.076    leds_4bits_tri_o[1]
    M15                                                               r  leds_4bits_tri_o[1] (OUT)
  -------------------------------------------------------------------    -------------------

Slack:                    inf
  Source:                 axi_gpio_ext_jp_i/axi_gpio_0/U0/gpio_core_1/Not_Dual.gpio_Data_Out_reg[3]_lopt_replica/C
                            (rising edge-triggered cell FDRE clocked by clk_fpga_0  {rise@0.000ns fall@10.000ns period=20.000ns})
  Destination:            leds_4bits_tri_o[0]
                            (output port)
  Path Group:             (none)
  Path Type:              Min at Fast Process Corner
  Data Path Delay:        2.328ns  (logic 1.413ns (60.688%)  route 0.915ns (39.312%))
  Logic Levels:           1  (OBUF=1)
  Clock Uncertainty:      0.301ns  ((TSJ^2 + TIJ^2)^1/2 + DJ) / 2 + PE
    Total System Jitter     (TSJ):    0.050ns
    Total Input Jitter      (TIJ):    0.600ns
    Discrete Jitter          (DJ):    0.000ns
    Phase Error              (PE):    0.000ns

    Location             Delay type                Incr(ns)  Path(ns)    Netlist Resource(s)
  -------------------------------------------------------------------    -------------------
                         (clock clk_fpga_0 rise edge)
                                                      0.000     0.000 r  
    PS7_X0Y0             PS7                          0.000     0.000 r  axi_gpio_ext_jp_i/processing_system7_0/inst/PS7_i/FCLKCLK[0]
                         net (fo=1, routed)           0.315     0.315    axi_gpio_ext_jp_i/processing_system7_0/inst/FCLK_CLK_unbuffered[0]
    BUFGCTRL_X0Y0        BUFG (Prop_bufg_I_O)         0.026     0.341 r  axi_gpio_ext_jp_i/processing_system7_0/inst/buffer_fclk_clk_0.FCLK_CLK_0_BUFG/O
                         net (fo=913, routed)         0.562     0.903    axi_gpio_ext_jp_i/axi_gpio_0/U0/gpio_core_1/s_axi_aclk
    SLICE_X18Y40         FDRE                                         r  axi_gpio_ext_jp_i/axi_gpio_0/U0/gpio_core_1/Not_Dual.gpio_Data_Out_reg[3]_lopt_replica/C
  -------------------------------------------------------------------    -------------------
    SLICE_X18Y40         FDRE (Prop_fdre_C_Q)         0.128     1.031 r  axi_gpio_ext_jp_i/axi_gpio_0/U0/gpio_core_1/Not_Dual.gpio_Data_Out_reg[3]_lopt_replica/Q
                         net (fo=1, routed)           0.915     1.946    lopt
    M14                  OBUF (Prop_obuf_I_O)         1.285     3.231 r  leds_4bits_tri_o_OBUF[0]_inst/O
                         net (fo=0)                   0.000     3.231    leds_4bits_tri_o[0]
    M14                                                               r  leds_4bits_tri_o[0] (OUT)
  -------------------------------------------------------------------    -------------------

Slack:                    inf
  Source:                 axi_gpio_ext_jp_i/axi_gpio_1/U0/gpio_core_1/Not_Dual.gpio_Data_Out_reg[0]/C
                            (rising edge-triggered cell FDRE clocked by clk_fpga_0  {rise@0.000ns fall@10.000ns period=20.000ns})
  Destination:            rgb_led_tri_o[2]
                            (output port)
  Path Group:             (none)
  Path Type:              Min at Fast Process Corner
  Data Path Delay:        2.568ns  (logic 1.368ns (53.271%)  route 1.200ns (46.729%))
  Logic Levels:           1  (OBUF=1)
  Clock Uncertainty:      0.301ns  ((TSJ^2 + TIJ^2)^1/2 + DJ) / 2 + PE
    Total System Jitter     (TSJ):    0.050ns
    Total Input Jitter      (TIJ):    0.600ns
    Discrete Jitter          (DJ):    0.000ns
    Phase Error              (PE):    0.000ns

    Location             Delay type                Incr(ns)  Path(ns)    Netlist Resource(s)
  -------------------------------------------------------------------    -------------------
                         (clock clk_fpga_0 rise edge)
                                                      0.000     0.000 r  
    PS7_X0Y0             PS7                          0.000     0.000 r  axi_gpio_ext_jp_i/processing_system7_0/inst/PS7_i/FCLKCLK[0]
                         net (fo=1, routed)           0.315     0.315    axi_gpio_ext_jp_i/processing_system7_0/inst/FCLK_CLK_unbuffered[0]
    BUFGCTRL_X0Y0        BUFG (Prop_bufg_I_O)         0.026     0.341 r  axi_gpio_ext_jp_i/processing_system7_0/inst/buffer_fclk_clk_0.FCLK_CLK_0_BUFG/O
                         net (fo=913, routed)         0.562     0.903    axi_gpio_ext_jp_i/axi_gpio_1/U0/gpio_core_1/s_axi_aclk
    SLICE_X17Y41         FDRE                                         r  axi_gpio_ext_jp_i/axi_gpio_1/U0/gpio_core_1/Not_Dual.gpio_Data_Out_reg[0]/C
  -------------------------------------------------------------------    -------------------
    SLICE_X17Y41         FDRE (Prop_fdre_C_Q)         0.141     1.044 r  axi_gpio_ext_jp_i/axi_gpio_1/U0/gpio_core_1/Not_Dual.gpio_Data_Out_reg[0]/Q
                         net (fo=3, routed)           1.200     2.243    rgb_led_tri_o_OBUF[2]
    V16                  OBUF (Prop_obuf_I_O)         1.227     3.470 r  rgb_led_tri_o_OBUF[2]_inst/O
                         net (fo=0)                   0.000     3.470    rgb_led_tri_o[2]
    V16                                                               r  rgb_led_tri_o[2] (OUT)
  -------------------------------------------------------------------    -------------------

Slack:                    inf
  Source:                 axi_gpio_ext_jp_i/axi_gpio_1/U0/gpio_core_1/Not_Dual.gpio_Data_Out_reg[2]/C
                            (rising edge-triggered cell FDRE clocked by clk_fpga_0  {rise@0.000ns fall@10.000ns period=20.000ns})
  Destination:            rgb_led_tri_o[0]
                            (output port)
  Path Group:             (none)
  Path Type:              Min at Fast Process Corner
  Data Path Delay:        2.794ns  (logic 1.437ns (51.435%)  route 1.357ns (48.565%))
  Logic Levels:           1  (OBUF=1)
  Clock Uncertainty:      0.301ns  ((TSJ^2 + TIJ^2)^1/2 + DJ) / 2 + PE
    Total System Jitter     (TSJ):    0.050ns
    Total Input Jitter      (TIJ):    0.600ns
    Discrete Jitter          (DJ):    0.000ns
    Phase Error              (PE):    0.000ns

    Location             Delay type                Incr(ns)  Path(ns)    Netlist Resource(s)
  -------------------------------------------------------------------    -------------------
                         (clock clk_fpga_0 rise edge)
                                                      0.000     0.000 r  
    PS7_X0Y0             PS7                          0.000     0.000 r  axi_gpio_ext_jp_i/processing_system7_0/inst/PS7_i/FCLKCLK[0]
                         net (fo=1, routed)           0.315     0.315    axi_gpio_ext_jp_i/processing_system7_0/inst/FCLK_CLK_unbuffered[0]
    BUFGCTRL_X0Y0        BUFG (Prop_bufg_I_O)         0.026     0.341 r  axi_gpio_ext_jp_i/processing_system7_0/inst/buffer_fclk_clk_0.FCLK_CLK_0_BUFG/O
                         net (fo=913, routed)         0.562     0.903    axi_gpio_ext_jp_i/axi_gpio_1/U0/gpio_core_1/s_axi_aclk
    SLICE_X17Y42         FDRE                                         r  axi_gpio_ext_jp_i/axi_gpio_1/U0/gpio_core_1/Not_Dual.gpio_Data_Out_reg[2]/C
  -------------------------------------------------------------------    -------------------
    SLICE_X17Y42         FDRE (Prop_fdre_C_Q)         0.141     1.044 r  axi_gpio_ext_jp_i/axi_gpio_1/U0/gpio_core_1/Not_Dual.gpio_Data_Out_reg[2]/Q
                         net (fo=3, routed)           1.357     2.400    rgb_led_tri_o_OBUF[0]
    M17                  OBUF (Prop_obuf_I_O)         1.296     3.696 r  rgb_led_tri_o_OBUF[0]_inst/O
                         net (fo=0)                   0.000     3.696    rgb_led_tri_o[0]
    M17                                                               r  rgb_led_tri_o[0] (OUT)
  -------------------------------------------------------------------    -------------------

Slack:                    inf
  Source:                 axi_gpio_ext_jp_i/axi_gpio_1/U0/gpio_core_1/Not_Dual.gpio_Data_Out_reg[1]/C
                            (rising edge-triggered cell FDRE clocked by clk_fpga_0  {rise@0.000ns fall@10.000ns period=20.000ns})
  Destination:            rgb_led_tri_o[1]
                            (output port)
  Path Group:             (none)
  Path Type:              Min at Fast Process Corner
  Data Path Delay:        2.828ns  (logic 1.353ns (47.847%)  route 1.475ns (52.153%))
  Logic Levels:           1  (OBUF=1)
  Clock Uncertainty:      0.301ns  ((TSJ^2 + TIJ^2)^1/2 + DJ) / 2 + PE
    Total System Jitter     (TSJ):    0.050ns
    Total Input Jitter      (TIJ):    0.600ns
    Discrete Jitter          (DJ):    0.000ns
    Phase Error              (PE):    0.000ns

    Location             Delay type                Incr(ns)  Path(ns)    Netlist Resource(s)
  -------------------------------------------------------------------    -------------------
                         (clock clk_fpga_0 rise edge)
                                                      0.000     0.000 r  
    PS7_X0Y0             PS7                          0.000     0.000 r  axi_gpio_ext_jp_i/processing_system7_0/inst/PS7_i/FCLKCLK[0]
                         net (fo=1, routed)           0.315     0.315    axi_gpio_ext_jp_i/processing_system7_0/inst/FCLK_CLK_unbuffered[0]
    BUFGCTRL_X0Y0        BUFG (Prop_bufg_I_O)         0.026     0.341 r  axi_gpio_ext_jp_i/processing_system7_0/inst/buffer_fclk_clk_0.FCLK_CLK_0_BUFG/O
                         net (fo=913, routed)         0.562     0.903    axi_gpio_ext_jp_i/axi_gpio_1/U0/gpio_core_1/s_axi_aclk
    SLICE_X17Y42         FDRE                                         r  axi_gpio_ext_jp_i/axi_gpio_1/U0/gpio_core_1/Not_Dual.gpio_Data_Out_reg[1]/C
  -------------------------------------------------------------------    -------------------
    SLICE_X17Y42         FDRE (Prop_fdre_C_Q)         0.141     1.044 r  axi_gpio_ext_jp_i/axi_gpio_1/U0/gpio_core_1/Not_Dual.gpio_Data_Out_reg[1]/Q
                         net (fo=3, routed)           1.475     2.519    rgb_led_tri_o_OBUF[1]
    F17                  OBUF (Prop_obuf_I_O)         1.212     3.731 r  rgb_led_tri_o_OBUF[1]_inst/O
                         net (fo=0)                   0.000     3.731    rgb_led_tri_o[1]
    F17                                                               r  rgb_led_tri_o[1] (OUT)
  -------------------------------------------------------------------    -------------------

Slack:                    inf
  Source:                 axi_gpio_ext_jp_i/axi_gpio_0/U0/gpio_core_1/Not_Dual.gpio_Data_Out_reg[0]_lopt_replica/C
                            (rising edge-triggered cell FDRE clocked by clk_fpga_0  {rise@0.000ns fall@10.000ns period=20.000ns})
  Destination:            leds_4bits_tri_o[3]
                            (output port)
  Path Group:             (none)
  Path Type:              Min at Fast Process Corner
  Data Path Delay:        2.836ns  (logic 1.352ns (47.669%)  route 1.484ns (52.331%))
  Logic Levels:           1  (OBUF=1)
  Clock Uncertainty:      0.301ns  ((TSJ^2 + TIJ^2)^1/2 + DJ) / 2 + PE
    Total System Jitter     (TSJ):    0.050ns
    Total Input Jitter      (TIJ):    0.600ns
    Discrete Jitter          (DJ):    0.000ns
    Phase Error              (PE):    0.000ns

    Location             Delay type                Incr(ns)  Path(ns)    Netlist Resource(s)
  -------------------------------------------------------------------    -------------------
                         (clock clk_fpga_0 rise edge)
                                                      0.000     0.000 r  
    PS7_X0Y0             PS7                          0.000     0.000 r  axi_gpio_ext_jp_i/processing_system7_0/inst/PS7_i/FCLKCLK[0]
                         net (fo=1, routed)           0.315     0.315    axi_gpio_ext_jp_i/processing_system7_0/inst/FCLK_CLK_unbuffered[0]
    BUFGCTRL_X0Y0        BUFG (Prop_bufg_I_O)         0.026     0.341 r  axi_gpio_ext_jp_i/processing_system7_0/inst/buffer_fclk_clk_0.FCLK_CLK_0_BUFG/O
                         net (fo=913, routed)         0.562     0.903    axi_gpio_ext_jp_i/axi_gpio_0/U0/gpio_core_1/s_axi_aclk
    SLICE_X18Y40         FDRE                                         r  axi_gpio_ext_jp_i/axi_gpio_0/U0/gpio_core_1/Not_Dual.gpio_Data_Out_reg[0]_lopt_replica/C
  -------------------------------------------------------------------    -------------------
    SLICE_X18Y40         FDRE (Prop_fdre_C_Q)         0.141     1.044 r  axi_gpio_ext_jp_i/axi_gpio_0/U0/gpio_core_1/Not_Dual.gpio_Data_Out_reg[0]_lopt_replica/Q
                         net (fo=1, routed)           1.484     2.528    lopt_3
    D18                  OBUF (Prop_obuf_I_O)         1.211     3.739 r  leds_4bits_tri_o_OBUF[3]_inst/O
                         net (fo=0)                   0.000     3.739    leds_4bits_tri_o[3]
    D18                                                               r  leds_4bits_tri_o[3] (OUT)
  -------------------------------------------------------------------    -------------------

Slack:                    inf
  Source:                 axi_gpio_ext_jp_i/axi_gpio_0/U0/gpio_core_1/Not_Dual.gpio_Data_Out_reg[1]_lopt_replica/C
                            (rising edge-triggered cell FDRE clocked by clk_fpga_0  {rise@0.000ns fall@10.000ns period=20.000ns})
  Destination:            leds_4bits_tri_o[2]
                            (output port)
  Path Group:             (none)
  Path Type:              Min at Fast Process Corner
  Data Path Delay:        2.970ns  (logic 1.328ns (44.702%)  route 1.643ns (55.298%))
  Logic Levels:           1  (OBUF=1)
  Clock Uncertainty:      0.301ns  ((TSJ^2 + TIJ^2)^1/2 + DJ) / 2 + PE
    Total System Jitter     (TSJ):    0.050ns
    Total Input Jitter      (TIJ):    0.600ns
    Discrete Jitter          (DJ):    0.000ns
    Phase Error              (PE):    0.000ns

    Location             Delay type                Incr(ns)  Path(ns)    Netlist Resource(s)
  -------------------------------------------------------------------    -------------------
                         (clock clk_fpga_0 rise edge)
                                                      0.000     0.000 r  
    PS7_X0Y0             PS7                          0.000     0.000 r  axi_gpio_ext_jp_i/processing_system7_0/inst/PS7_i/FCLKCLK[0]
                         net (fo=1, routed)           0.315     0.315    axi_gpio_ext_jp_i/processing_system7_0/inst/FCLK_CLK_unbuffered[0]
    BUFGCTRL_X0Y0        BUFG (Prop_bufg_I_O)         0.026     0.341 r  axi_gpio_ext_jp_i/processing_system7_0/inst/buffer_fclk_clk_0.FCLK_CLK_0_BUFG/O
                         net (fo=913, routed)         0.562     0.903    axi_gpio_ext_jp_i/axi_gpio_0/U0/gpio_core_1/s_axi_aclk
    SLICE_X18Y40         FDRE                                         r  axi_gpio_ext_jp_i/axi_gpio_0/U0/gpio_core_1/Not_Dual.gpio_Data_Out_reg[1]_lopt_replica/C
  -------------------------------------------------------------------    -------------------
    SLICE_X18Y40         FDRE (Prop_fdre_C_Q)         0.141     1.044 r  axi_gpio_ext_jp_i/axi_gpio_0/U0/gpio_core_1/Not_Dual.gpio_Data_Out_reg[1]_lopt_replica/Q
                         net (fo=1, routed)           1.643     2.686    lopt_2
    G14                  OBUF (Prop_obuf_I_O)         1.187     3.873 r  leds_4bits_tri_o_OBUF[2]_inst/O
                         net (fo=0)                   0.000     3.873    leds_4bits_tri_o[2]
    G14                                                               r  leds_4bits_tri_o[2] (OUT)
  -------------------------------------------------------------------    -------------------





