TRACE::2026-09-20.18:20:43::SCWPlatform::Trying to open the hw design at C:/Xilinx/ECE520/02-AXI_GPIO/axi_gpio_ext_jp/axi_gpio_ext_vitis/axi_gpio_ext_platform/hw/axi_gpio_ext_jp_wrapper.xsa
TRACE::2026-09-20.18:20:43::SCWPlatform::DSA given C:/Xilinx/ECE520/02-AXI_GPIO/axi_gpio_ext_jp/axi_gpio_ext_vitis/axi_gpio_ext_platform/hw/axi_gpio_ext_jp_wrapper.xsa
TRACE::2026-09-20.18:20:43::SCWPlatform::DSA absoulate path C:/Xilinx/ECE520/02-AXI_GPIO/axi_gpio_ext_jp/axi_gpio_ext_vitis/axi_gpio_ext_platform/hw/axi_gpio_ext_jp_wrapper.xsa
TRACE::2026-09-20.18:20:43::SCWPlatform::DSA directory C:/Xilinx/ECE520/02-AXI_GPIO/axi_gpio_ext_jp/axi_gpio_ext_vitis/axi_gpio_ext_platform/hw
TRACE::2026-09-20.18:20:43::SCWPlatform:: Platform Path C:/Xilinx/ECE520/02-AXI_GPIO/axi_gpio_ext_jp/axi_gpio_ext_vitis/axi_gpio_ext_platform/hw/axi_gpio_ext_jp_wrapper.xsa
TRACE::2026-09-20.18:20:43::SCWPlatform:: Unique name xilinx:zybo-z7-10::0.0
TRACE::2026-09-20.18:20:43::SCWPlatform::Do not have an existing db opened. 
TRACE::2026-09-20.18:20:44::SCWPlatform::Opened new HwDB with name axi_gpio_ext_jp_wrapper_0
TRACE::2026-09-20.18:20:44::SCWWriter::formatted JSON is {
	"platformName":	"axi_gpio_ext_platform",
	"sprVersion":	"2.0",
	"mode":	"gui",
	"dsaType":	"Fixed",
	"platformDesc":	"axi_gpio_ext_platform",
	"platHandOff":	"C:/Xilinx/ECE520/02-AXI_GPIO/axi_gpio_ext_jp/axi_gpio_ext_jp_wrapper.xsa",
	"platIntHandOff":	"<platformDir>/hw/axi_gpio_ext_jp_wrapper.xsa",
	"deviceType":	"zynq",
	"platIsPrebuiltAutogen":	"false",
	"platIsNoBootBsp":	"false",
	"hasFsblMakeHasChanges":	"false",
	"hasPmufwMakeHasChanges":	"false",
	"platPreBuiltFlag":	false,
	"platformSamplesDir":	""
}
TRACE::2026-09-20.18:20:44::SCWWriter::formatted JSON is {
	"platformName":	"axi_gpio_ext_platform",
	"sprVersion":	"2.0",
	"mode":	"gui",
	"dsaType":	"Fixed",
	"platformDesc":	"axi_gpio_ext_platform",
	"platHandOff":	"C:/Xilinx/ECE520/02-AXI_GPIO/axi_gpio_ext_jp/axi_gpio_ext_jp_wrapper.xsa",
	"platIntHandOff":	"<platformDir>/hw/axi_gpio_ext_jp_wrapper.xsa",
	"deviceType":	"zynq",
	"platIsPrebuiltAutogen":	"false",
	"platIsNoBootBsp":	"false",
	"hasFsblMakeHasChanges":	"false",
	"hasPmufwMakeHasChanges":	"false",
	"platPreBuiltFlag":	false,
	"platformSamplesDir":	"",
	"platActiveSys":	"axi_gpio_ext_platform",
	"systems":	[{
			"systemName":	"axi_gpio_ext_platform",
			"systemDesc":	"axi_gpio_ext_platform",
			"sysIsBootAutoGen":	"true",
			"systemDispName":	"axi_gpio_ext_platform"
		}]
}
TRACE::2026-09-20.18:20:44::SCWPlatform::Boot application domains not present, creating them
TRACE::2026-09-20.18:20:44::SCWDomain::checking for install qemu data   : 
TRACE::2026-09-20.18:20:44::SCWDomain:: Using the QEMU Data from install at  : C:/Xilinx/Vitis/2023.1/data/emulation/platforms/zynq/sw/a9_standalone/qemu/
TRACE::2026-09-20.18:20:44::SCWDomain:: Using the QEMU args  from install at  : C:/Xilinx/Vitis/2023.1/data/emulation/platforms/zynq/sw/a9_standalone/qemu/qemu_args.txt
TRACE::2026-09-20.18:20:44::SCWPlatform::Trying to open the hw design at C:/Xilinx/ECE520/02-AXI_GPIO/axi_gpio_ext_jp/axi_gpio_ext_vitis/axi_gpio_ext_platform/hw/axi_gpio_ext_jp_wrapper.xsa
TRACE::2026-09-20.18:20:44::SCWPlatform::DSA given C:/Xilinx/ECE520/02-AXI_GPIO/axi_gpio_ext_jp/axi_gpio_ext_vitis/axi_gpio_ext_platform/hw/axi_gpio_ext_jp_wrapper.xsa
TRACE::2026-09-20.18:20:44::SCWPlatform::DSA absoulate path C:/Xilinx/ECE520/02-AXI_GPIO/axi_gpio_ext_jp/axi_gpio_ext_vitis/axi_gpio_ext_platform/hw/axi_gpio_ext_jp_wrapper.xsa
TRACE::2026-09-20.18:20:44::SCWPlatform::DSA directory C:/Xilinx/ECE520/02-AXI_GPIO/axi_gpio_ext_jp/axi_gpio_ext_vitis/axi_gpio_ext_platform/hw
TRACE::2026-09-20.18:20:44::SCWPlatform:: Platform Path C:/Xilinx/ECE520/02-AXI_GPIO/axi_gpio_ext_jp/axi_gpio_ext_vitis/axi_gpio_ext_platform/hw/axi_gpio_ext_jp_wrapper.xsa
TRACE::2026-09-20.18:20:44::SCWPlatform:: Unique name xilinx:zybo-z7-10::0.0
TRACE::2026-09-20.18:20:44::SCWPlatform::Trying to set the existing hwdb with name axi_gpio_ext_jp_wrapper_0
TRACE::2026-09-20.18:20:44::SCWPlatform::Opened existing hwdb axi_gpio_ext_jp_wrapper_0
TRACE::2026-09-20.18:20:44::SCWPlatform::Found the Hw Db part of the input DSA
TRACE::2026-09-20.18:20:44::SCWPlatform::Trying to open the hw design at C:/Xilinx/ECE520/02-AXI_GPIO/axi_gpio_ext_jp/axi_gpio_ext_vitis/axi_gpio_ext_platform/hw/axi_gpio_ext_jp_wrapper.xsa
TRACE::2026-09-20.18:20:44::SCWPlatform::DSA given C:/Xilinx/ECE520/02-AXI_GPIO/axi_gpio_ext_jp/axi_gpio_ext_vitis/axi_gpio_ext_platform/hw/axi_gpio_ext_jp_wrapper.xsa
TRACE::2026-09-20.18:20:44::SCWPlatform::DSA absoulate path C:/Xilinx/ECE520/02-AXI_GPIO/axi_gpio_ext_jp/axi_gpio_ext_vitis/axi_gpio_ext_platform/hw/axi_gpio_ext_jp_wrapper.xsa
TRACE::2026-09-20.18:20:44::SCWPlatform::DSA directory C:/Xilinx/ECE520/02-AXI_GPIO/axi_gpio_ext_jp/axi_gpio_ext_vitis/axi_gpio_ext_platform/hw
TRACE::2026-09-20.18:20:44::SCWPlatform:: Platform Path C:/Xilinx/ECE520/02-AXI_GPIO/axi_gpio_ext_jp/axi_gpio_ext_vitis/axi_gpio_ext_platform/hw/axi_gpio_ext_jp_wrapper.xsa
TRACE::2026-09-20.18:20:44::SCWPlatform:: Unique name xilinx:zybo-z7-10::0.0
TRACE::2026-09-20.18:20:44::SCWPlatform::Trying to set the existing hwdb with name axi_gpio_ext_jp_wrapper_0
TRACE::2026-09-20.18:20:44::SCWPlatform::Opened existing hwdb axi_gpio_ext_jp_wrapper_0
TRACE::2026-09-20.18:20:44::SCWPlatform::Found the Hw Db part of the input DSA
TRACE::2026-09-20.18:20:44::SCWPlatform::Trying to open the hw design at C:/Xilinx/ECE520/02-AXI_GPIO/axi_gpio_ext_jp/axi_gpio_ext_vitis/axi_gpio_ext_platform/hw/axi_gpio_ext_jp_wrapper.xsa
TRACE::2026-09-20.18:20:44::SCWPlatform::DSA given C:/Xilinx/ECE520/02-AXI_GPIO/axi_gpio_ext_jp/axi_gpio_ext_vitis/axi_gpio_ext_platform/hw/axi_gpio_ext_jp_wrapper.xsa
TRACE::2026-09-20.18:20:44::SCWPlatform::DSA absoulate path C:/Xilinx/ECE520/02-AXI_GPIO/axi_gpio_ext_jp/axi_gpio_ext_vitis/axi_gpio_ext_platform/hw/axi_gpio_ext_jp_wrapper.xsa
TRACE::2026-09-20.18:20:44::SCWPlatform::DSA directory C:/Xilinx/ECE520/02-AXI_GPIO/axi_gpio_ext_jp/axi_gpio_ext_vitis/axi_gpio_ext_platform/hw
TRACE::2026-09-20.18:20:44::SCWPlatform:: Platform Path C:/Xilinx/ECE520/02-AXI_GPIO/axi_gpio_ext_jp/axi_gpio_ext_vitis/axi_gpio_ext_platform/hw/axi_gpio_ext_jp_wrapper.xsa
TRACE::2026-09-20.18:20:44::SCWPlatform:: Unique name xilinx:zybo-z7-10::0.0
TRACE::2026-09-20.18:20:44::SCWPlatform::Trying to set the existing hwdb with name axi_gpio_ext_jp_wrapper_0
TRACE::2026-09-20.18:20:44::SCWPlatform::Opened existing hwdb axi_gpio_ext_jp_wrapper_0
TRACE::2026-09-20.18:20:44::SCWPlatform::Found the Hw Db part of the input DSA
TRACE::2026-09-20.18:20:44::SCWPlatform::Boot application domain added for zynq_fsbl
TRACE::2026-09-20.18:20:44::SCWPlatform::Generating the sources  .
TRACE::2026-09-20.18:20:44::SCWBDomain::Generating boot domain sources.
TRACE::2026-09-20.18:20:44::SCWBDomain:: Generating the zynq_fsbl Application.
TRACE::2026-09-20.18:20:44::SCWPlatform::Trying to open the hw design at C:/Xilinx/ECE520/02-AXI_GPIO/axi_gpio_ext_jp/axi_gpio_ext_vitis/axi_gpio_ext_platform/hw/axi_gpio_ext_jp_wrapper.xsa
TRACE::2026-09-20.18:20:44::SCWPlatform::DSA given C:/Xilinx/ECE520/02-AXI_GPIO/axi_gpio_ext_jp/axi_gpio_ext_vitis/axi_gpio_ext_platform/hw/axi_gpio_ext_jp_wrapper.xsa
TRACE::2026-09-20.18:20:44::SCWPlatform::DSA absoulate path C:/Xilinx/ECE520/02-AXI_GPIO/axi_gpio_ext_jp/axi_gpio_ext_vitis/axi_gpio_ext_platform/hw/axi_gpio_ext_jp_wrapper.xsa
TRACE::2026-09-20.18:20:44::SCWPlatform::DSA directory C:/Xilinx/ECE520/02-AXI_GPIO/axi_gpio_ext_jp/axi_gpio_ext_vitis/axi_gpio_ext_platform/hw
TRACE::2026-09-20.18:20:44::SCWPlatform:: Platform Path C:/Xilinx/ECE520/02-AXI_GPIO/axi_gpio_ext_jp/axi_gpio_ext_vitis/axi_gpio_ext_platform/hw/axi_gpio_ext_jp_wrapper.xsa
TRACE::2026-09-20.18:20:44::SCWPlatform:: Unique name xilinx:zybo-z7-10::0.0
TRACE::2026-09-20.18:20:44::SCWPlatform::Trying to set the existing hwdb with name axi_gpio_ext_jp_wrapper_0
TRACE::2026-09-20.18:20:44::SCWPlatform::Opened existing hwdb axi_gpio_ext_jp_wrapper_0
TRACE::2026-09-20.18:20:44::SCWPlatform::Found the Hw Db part of the input DSA
TRACE::2026-09-20.18:20:44::SCWMssOS::Checking the sw design at  C:/Xilinx/ECE520/02-AXI_GPIO/axi_gpio_ext_jp/axi_gpio_ext_vitis/axi_gpio_ext_platform/zynq_fsbl/zynq_fsbl_bsp/system.mss
TRACE::2026-09-20.18:20:44::SCWMssOS::DEBUG:  swdes dump  
TRACE::2026-09-20.18:20:44::SCWMssOS::No sw design opened at  C:/Xilinx/ECE520/02-AXI_GPIO/axi_gpio_ext_jp/axi_gpio_ext_vitis/axi_gpio_ext_platform/zynq_fsbl/zynq_fsbl_bsp/system.mss
TRACE::2026-09-20.18:20:44::SCWMssOS::mss does not exists at C:/Xilinx/ECE520/02-AXI_GPIO/axi_gpio_ext_jp/axi_gpio_ext_vitis/axi_gpio_ext_platform/zynq_fsbl/zynq_fsbl_bsp/system.mss
TRACE::2026-09-20.18:20:44::SCWMssOS::Creating sw design at  C:/Xilinx/ECE520/02-AXI_GPIO/axi_gpio_ext_jp/axi_gpio_ext_vitis/axi_gpio_ext_platform/zynq_fsbl/zynq_fsbl_bsp/system.mss
TRACE::2026-09-20.18:20:44::SCWMssOS::Adding the swdes entry, created swdb C:/Xilinx/ECE520/02-AXI_GPIO/axi_gpio_ext_jp/axi_gpio_ext_vitis/axi_gpio_ext_platform/zynq_fsbl/zynq_fsbl_bsp/system.mss with des name C:/Xilinx/ECE520/02-AXI_GPIO/axi_gpio_ext_jp/axi_gpio_ext_vitis/axi_gpio_ext_platform/zynq_fsbl/zynq_fsbl_bsp/system.mss
TRACE::2026-09-20.18:20:44::SCWMssOS::updating the scw layer changes to swdes at   C:/Xilinx/ECE520/02-AXI_GPIO/axi_gpio_ext_jp/axi_gpio_ext_vitis/axi_gpio_ext_platform/zynq_fsbl/zynq_fsbl_bsp/system.mss
TRACE::2026-09-20.18:20:44::SCWMssOS::Writing mss at C:/Xilinx/ECE520/02-AXI_GPIO/axi_gpio_ext_jp/axi_gpio_ext_vitis/axi_gpio_ext_platform/zynq_fsbl/zynq_fsbl_bsp/system.mss
TRACE::2026-09-20.18:20:44::SCWMssOS::Completed writing the mss file at C:/Xilinx/ECE520/02-AXI_GPIO/axi_gpio_ext_jp/axi_gpio_ext_vitis/axi_gpio_ext_platform/zynq_fsbl/zynq_fsbl_bsp
TRACE::2026-09-20.18:20:44::SCWMssOS::Picking up changes from newly written mss file into SCW Layer. 
TRACE::2026-09-20.18:20:44::SCWMssOS::Updated the changes from newly written mss file into SCW Layer. 
TRACE::2026-09-20.18:20:44::SCWBDomain::Completed writing the mss file at C:/Xilinx/ECE520/02-AXI_GPIO/axi_gpio_ext_jp/axi_gpio_ext_vitis/axi_gpio_ext_platform/zynq_fsbl/zynq_fsbl_bsp
TRACE::2026-09-20.18:20:49::SCWPlatform::Generating sources Done.
TRACE::2026-09-20.18:20:49::SCWPlatform::Trying to open the hw design at C:/Xilinx/ECE520/02-AXI_GPIO/axi_gpio_ext_jp/axi_gpio_ext_vitis/axi_gpio_ext_platform/hw/axi_gpio_ext_jp_wrapper.xsa
TRACE::2026-09-20.18:20:49::SCWPlatform::DSA given C:/Xilinx/ECE520/02-AXI_GPIO/axi_gpio_ext_jp/axi_gpio_ext_vitis/axi_gpio_ext_platform/hw/axi_gpio_ext_jp_wrapper.xsa
TRACE::2026-09-20.18:20:49::SCWPlatform::DSA absoulate path C:/Xilinx/ECE520/02-AXI_GPIO/axi_gpio_ext_jp/axi_gpio_ext_vitis/axi_gpio_ext_platform/hw/axi_gpio_ext_jp_wrapper.xsa
TRACE::2026-09-20.18:20:49::SCWPlatform::DSA directory C:/Xilinx/ECE520/02-AXI_GPIO/axi_gpio_ext_jp/axi_gpio_ext_vitis/axi_gpio_ext_platform/hw
TRACE::2026-09-20.18:20:49::SCWPlatform:: Platform Path C:/Xilinx/ECE520/02-AXI_GPIO/axi_gpio_ext_jp/axi_gpio_ext_vitis/axi_gpio_ext_platform/hw/axi_gpio_ext_jp_wrapper.xsa
TRACE::2026-09-20.18:20:49::SCWPlatform:: Unique name xilinx:zybo-z7-10::0.0
TRACE::2026-09-20.18:20:49::SCWPlatform::Trying to set the existing hwdb with name axi_gpio_ext_jp_wrapper_0
TRACE::2026-09-20.18:20:49::SCWPlatform::Opened existing hwdb axi_gpio_ext_jp_wrapper_0
TRACE::2026-09-20.18:20:49::SCWPlatform::Found the Hw Db part of the input DSA
TRACE::2026-09-20.18:20:49::SCWMssOS::Checking the sw design at  C:/Xilinx/ECE520/02-AXI_GPIO/axi_gpio_ext_jp/axi_gpio_ext_vitis/axi_gpio_ext_platform/zynq_fsbl/zynq_fsbl_bsp/system.mss
TRACE::2026-09-20.18:20:49::SCWMssOS::DEBUG:  swdes dump  
TRACE::2026-09-20.18:20:49::SCWMssOS::No sw design opened at  C:/Xilinx/ECE520/02-AXI_GPIO/axi_gpio_ext_jp/axi_gpio_ext_vitis/axi_gpio_ext_platform/zynq_fsbl/zynq_fsbl_bsp/system.mss
TRACE::2026-09-20.18:20:49::SCWMssOS::mss exists loading the mss file  C:/Xilinx/ECE520/02-AXI_GPIO/axi_gpio_ext_jp/axi_gpio_ext_vitis/axi_gpio_ext_platform/zynq_fsbl/zynq_fsbl_bsp/system.mss
TRACE::2026-09-20.18:20:49::SCWMssOS::Opened the sw design from mss  C:/Xilinx/ECE520/02-AXI_GPIO/axi_gpio_ext_jp/axi_gpio_ext_vitis/axi_gpio_ext_platform/zynq_fsbl/zynq_fsbl_bsp/system.mss
TRACE::2026-09-20.18:20:49::SCWMssOS::Adding the swdes entry C:/Xilinx/ECE520/02-AXI_GPIO/axi_gpio_ext_jp/axi_gpio_ext_vitis/axi_gpio_ext_platform/zynq_fsbl/zynq_fsbl_bsp/system.mss with des name system
TRACE::2026-09-20.18:20:49::SCWMssOS::updating the scw layer about changes
TRACE::2026-09-20.18:20:49::SCWMssOS::Opened the sw design.  C:/Xilinx/ECE520/02-AXI_GPIO/axi_gpio_ext_jp/axi_gpio_ext_vitis/axi_gpio_ext_platform/zynq_fsbl/zynq_fsbl_bsp/system.mss
TRACE::2026-09-20.18:20:49::SCWMssOS::Saving the mss changes C:/Xilinx/ECE520/02-AXI_GPIO/axi_gpio_ext_jp/axi_gpio_ext_vitis/axi_gpio_ext_platform/zynq_fsbl/zynq_fsbl_bsp/system.mss
TRACE::2026-09-20.18:20:49::SCWMssOS::Found a swdesign opened with the mssfile.
TRACE::2026-09-20.18:20:49::SCWMssOS::Completed writemss as part of save.
TRACE::2026-09-20.18:20:49::SCWMssOS::Commit changes completed.
TRACE::2026-09-20.18:20:49::SCWPlatform::Trying to open the hw design at C:/Xilinx/ECE520/02-AXI_GPIO/axi_gpio_ext_jp/axi_gpio_ext_vitis/axi_gpio_ext_platform/hw/axi_gpio_ext_jp_wrapper.xsa
TRACE::2026-09-20.18:20:49::SCWPlatform::DSA given C:/Xilinx/ECE520/02-AXI_GPIO/axi_gpio_ext_jp/axi_gpio_ext_vitis/axi_gpio_ext_platform/hw/axi_gpio_ext_jp_wrapper.xsa
TRACE::2026-09-20.18:20:49::SCWPlatform::DSA absoulate path C:/Xilinx/ECE520/02-AXI_GPIO/axi_gpio_ext_jp/axi_gpio_ext_vitis/axi_gpio_ext_platform/hw/axi_gpio_ext_jp_wrapper.xsa
TRACE::2026-09-20.18:20:49::SCWPlatform::DSA directory C:/Xilinx/ECE520/02-AXI_GPIO/axi_gpio_ext_jp/axi_gpio_ext_vitis/axi_gpio_ext_platform/hw
TRACE::2026-09-20.18:20:49::SCWPlatform:: Platform Path C:/Xilinx/ECE520/02-AXI_GPIO/axi_gpio_ext_jp/axi_gpio_ext_vitis/axi_gpio_ext_platform/hw/axi_gpio_ext_jp_wrapper.xsa
TRACE::2026-09-20.18:20:49::SCWPlatform:: Unique name xilinx:zybo-z7-10::0.0
TRACE::2026-09-20.18:20:49::SCWPlatform::Trying to set the existing hwdb with name axi_gpio_ext_jp_wrapper_0
TRACE::2026-09-20.18:20:49::SCWPlatform::Opened existing hwdb axi_gpio_ext_jp_wrapper_0
TRACE::2026-09-20.18:20:49::SCWPlatform::Found the Hw Db part of the input DSA
TRACE::2026-09-20.18:20:49::SCWMssOS::Checking the sw design at  C:/Xilinx/ECE520/02-AXI_GPIO/axi_gpio_ext_jp/axi_gpio_ext_vitis/axi_gpio_ext_platform/zynq_fsbl/zynq_fsbl_bsp/system.mss
TRACE::2026-09-20.18:20:49::SCWMssOS::DEBUG:  swdes dump  C:/Xilinx/ECE520/02-AXI_GPIO/axi_gpio_ext_jp/axi_gpio_ext_vitis/axi_gpio_ext_platform/zynq_fsbl/zynq_fsbl_bsp/system.mss|system||

TRACE::2026-09-20.18:20:49::SCWMssOS::Sw design exists and opened at  C:/Xilinx/ECE520/02-AXI_GPIO/axi_gpio_ext_jp/axi_gpio_ext_vitis/axi_gpio_ext_platform/zynq_fsbl/zynq_fsbl_bsp/system.mss
TRACE::2026-09-20.18:20:49::SCWPlatform::Trying to open the hw design at C:/Xilinx/ECE520/02-AXI_GPIO/axi_gpio_ext_jp/axi_gpio_ext_vitis/axi_gpio_ext_platform/hw/axi_gpio_ext_jp_wrapper.xsa
TRACE::2026-09-20.18:20:49::SCWPlatform::DSA given C:/Xilinx/ECE520/02-AXI_GPIO/axi_gpio_ext_jp/axi_gpio_ext_vitis/axi_gpio_ext_platform/hw/axi_gpio_ext_jp_wrapper.xsa
TRACE::2026-09-20.18:20:49::SCWPlatform::DSA absoulate path C:/Xilinx/ECE520/02-AXI_GPIO/axi_gpio_ext_jp/axi_gpio_ext_vitis/axi_gpio_ext_platform/hw/axi_gpio_ext_jp_wrapper.xsa
TRACE::2026-09-20.18:20:49::SCWPlatform::DSA directory C:/Xilinx/ECE520/02-AXI_GPIO/axi_gpio_ext_jp/axi_gpio_ext_vitis/axi_gpio_ext_platform/hw
TRACE::2026-09-20.18:20:49::SCWPlatform:: Platform Path C:/Xilinx/ECE520/02-AXI_GPIO/axi_gpio_ext_jp/axi_gpio_ext_vitis/axi_gpio_ext_platform/hw/axi_gpio_ext_jp_wrapper.xsa
TRACE::2026-09-20.18:20:49::SCWPlatform:: Unique name xilinx:zybo-z7-10::0.0
TRACE::2026-09-20.18:20:49::SCWPlatform::Trying to set the existing hwdb with name axi_gpio_ext_jp_wrapper_0
TRACE::2026-09-20.18:20:49::SCWPlatform::Opened existing hwdb axi_gpio_ext_jp_wrapper_0
TRACE::2026-09-20.18:20:49::SCWPlatform::Found the Hw Db part of the input DSA
TRACE::2026-09-20.18:20:49::SCWMssOS::Checking the sw design at  C:/Xilinx/ECE520/02-AXI_GPIO/axi_gpio_ext_jp/axi_gpio_ext_vitis/axi_gpio_ext_platform/zynq_fsbl/zynq_fsbl_bsp/system.mss
TRACE::2026-09-20.18:20:49::SCWMssOS::DEBUG:  swdes dump  C:/Xilinx/ECE520/02-AXI_GPIO/axi_gpio_ext_jp/axi_gpio_ext_vitis/axi_gpio_ext_platform/zynq_fsbl/zynq_fsbl_bsp/system.mss|system||

TRACE::2026-09-20.18:20:49::SCWMssOS::Sw design exists and opened at  C:/Xilinx/ECE520/02-AXI_GPIO/axi_gpio_ext_jp/axi_gpio_ext_vitis/axi_gpio_ext_platform/zynq_fsbl/zynq_fsbl_bsp/system.mss
TRACE::2026-09-20.18:20:49::SCWPlatform::Trying to open the hw design at C:/Xilinx/ECE520/02-AXI_GPIO/axi_gpio_ext_jp/axi_gpio_ext_vitis/axi_gpio_ext_platform/hw/axi_gpio_ext_jp_wrapper.xsa
TRACE::2026-09-20.18:20:49::SCWPlatform::DSA given C:/Xilinx/ECE520/02-AXI_GPIO/axi_gpio_ext_jp/axi_gpio_ext_vitis/axi_gpio_ext_platform/hw/axi_gpio_ext_jp_wrapper.xsa
TRACE::2026-09-20.18:20:49::SCWPlatform::DSA absoulate path C:/Xilinx/ECE520/02-AXI_GPIO/axi_gpio_ext_jp/axi_gpio_ext_vitis/axi_gpio_ext_platform/hw/axi_gpio_ext_jp_wrapper.xsa
TRACE::2026-09-20.18:20:49::SCWPlatform::DSA directory C:/Xilinx/ECE520/02-AXI_GPIO/axi_gpio_ext_jp/axi_gpio_ext_vitis/axi_gpio_ext_platform/hw
TRACE::2026-09-20.18:20:49::SCWPlatform:: Platform Path C:/Xilinx/ECE520/02-AXI_GPIO/axi_gpio_ext_jp/axi_gpio_ext_vitis/axi_gpio_ext_platform/hw/axi_gpio_ext_jp_wrapper.xsa
TRACE::2026-09-20.18:20:49::SCWPlatform:: Unique name xilinx:zybo-z7-10::0.0
TRACE::2026-09-20.18:20:49::SCWPlatform::Trying to set the existing hwdb with name axi_gpio_ext_jp_wrapper_0
TRACE::2026-09-20.18:20:49::SCWPlatform::Opened existing hwdb axi_gpio_ext_jp_wrapper_0
TRACE::2026-09-20.18:20:49::SCWPlatform::Found the Hw Db part of the input DSA
TRACE::2026-09-20.18:20:49::SCWMssOS::Checking the sw design at  C:/Xilinx/ECE520/02-AXI_GPIO/axi_gpio_ext_jp/axi_gpio_ext_vitis/axi_gpio_ext_platform/zynq_fsbl/zynq_fsbl_bsp/system.mss
TRACE::2026-09-20.18:20:49::SCWMssOS::DEBUG:  swdes dump  C:/Xilinx/ECE520/02-AXI_GPIO/axi_gpio_ext_jp/axi_gpio_ext_vitis/axi_gpio_ext_platform/zynq_fsbl/zynq_fsbl_bsp/system.mss|system||

TRACE::2026-09-20.18:20:49::SCWMssOS::Sw design exists and opened at  C:/Xilinx/ECE520/02-AXI_GPIO/axi_gpio_ext_jp/axi_gpio_ext_vitis/axi_gpio_ext_platform/zynq_fsbl/zynq_fsbl_bsp/system.mss
TRACE::2026-09-20.18:20:49::SCWWriter::formatted JSON is {
	"platformName":	"axi_gpio_ext_platform",
	"sprVersion":	"2.0",
	"mode":	"gui",
	"dsaType":	"Fixed",
	"platformDesc":	"axi_gpio_ext_platform",
	"platHandOff":	"C:/Xilinx/ECE520/02-AXI_GPIO/axi_gpio_ext_jp/axi_gpio_ext_jp_wrapper.xsa",
	"platIntHandOff":	"<platformDir>/hw/axi_gpio_ext_jp_wrapper.xsa",
	"deviceType":	"zynq",
	"platIsPrebuiltAutogen":	"false",
	"platIsNoBootBsp":	"false",
	"platFsblTarget":	"ps7_cortexa9_0",
	"hasFsblMakeHasChanges":	"false",
	"hasPmufwMakeHasChanges":	"false",
	"fsblExtraCompilerFlags":	"-MMD -MP       -mcpu=cortex-a9 -mfpu=vfpv3 -mfloat-abi=hard ",
	"platPreBuiltFlag":	false,
	"platformSamplesDir":	"",
	"platActiveSys":	"axi_gpio_ext_platform",
	"systems":	[{
			"systemName":	"axi_gpio_ext_platform",
			"systemDesc":	"axi_gpio_ext_platform",
			"sysIsBootAutoGen":	"true",
			"systemDispName":	"axi_gpio_ext_platform",
			"sysActiveDom":	"zynq_fsbl",
			"sysDefaultDom":	"",
			"domains":	[{
					"domainName":	"zynq_fsbl",
					"domainDispName":	"zynq_fsbl",
					"domainDesc":	"FSBL Application BSP - Auto Generated.",
					"processors":	"ps7_cortexa9_0",
					"os":	"standalone",
					"sdxOs":	"standalone",
					"debugEnable":	"",
					"domRuntimes":	["cpp"],
					"swRepo":	"",
					"mssOsVer":	"8.1",
					"mssFile":	"",
					"md5Digest":	"65693ccea2e90031f2dc4733d5bd991b",
					"compatibleApp":	"zynq_fsbl",
					"domType":	"bootDomain",
					"arch":	"32-bit",
					"appSettings":	{
						"appCompilerFlags":	"",
						"appLinkerFlags":	""
					},
					"addedLibs":	["xilffs:5.0", "xilrsa:1.6"],
					"libOptions":	{
						"libsContainingOptions":	[]
					},
					"prebuiltLibs":	{
						"prebuiltIncPath":	[],
						"prebuiltLibPath":	[]
					},
					"isolation":	{
					}
				}]
		}]
}
TRACE::2026-09-20.18:20:49::SCWPlatform::Trying to open the hw design at C:/Xilinx/ECE520/02-AXI_GPIO/axi_gpio_ext_jp/axi_gpio_ext_vitis/axi_gpio_ext_platform/hw/axi_gpio_ext_jp_wrapper.xsa
TRACE::2026-09-20.18:20:49::SCWPlatform::DSA given C:/Xilinx/ECE520/02-AXI_GPIO/axi_gpio_ext_jp/axi_gpio_ext_vitis/axi_gpio_ext_platform/hw/axi_gpio_ext_jp_wrapper.xsa
TRACE::2026-09-20.18:20:49::SCWPlatform::DSA absoulate path C:/Xilinx/ECE520/02-AXI_GPIO/axi_gpio_ext_jp/axi_gpio_ext_vitis/axi_gpio_ext_platform/hw/axi_gpio_ext_jp_wrapper.xsa
TRACE::2026-09-20.18:20:49::SCWPlatform::DSA directory C:/Xilinx/ECE520/02-AXI_GPIO/axi_gpio_ext_jp/axi_gpio_ext_vitis/axi_gpio_ext_platform/hw
TRACE::2026-09-20.18:20:49::SCWPlatform:: Platform Path C:/Xilinx/ECE520/02-AXI_GPIO/axi_gpio_ext_jp/axi_gpio_ext_vitis/axi_gpio_ext_platform/hw/axi_gpio_ext_jp_wrapper.xsa
TRACE::2026-09-20.18:20:49::SCWPlatform:: Unique name xilinx:zybo-z7-10::0.0
TRACE::2026-09-20.18:20:49::SCWPlatform::Trying to set the existing hwdb with name axi_gpio_ext_jp_wrapper_0
TRACE::2026-09-20.18:20:49::SCWPlatform::Opened existing hwdb axi_gpio_ext_jp_wrapper_0
TRACE::2026-09-20.18:20:49::SCWPlatform::Found the Hw Db part of the input DSA
TRACE::2026-09-20.18:20:49::SCWPlatform::Trying to open the hw design at C:/Xilinx/ECE520/02-AXI_GPIO/axi_gpio_ext_jp/axi_gpio_ext_vitis/axi_gpio_ext_platform/hw/axi_gpio_ext_jp_wrapper.xsa
TRACE::2026-09-20.18:20:49::SCWPlatform::DSA given C:/Xilinx/ECE520/02-AXI_GPIO/axi_gpio_ext_jp/axi_gpio_ext_vitis/axi_gpio_ext_platform/hw/axi_gpio_ext_jp_wrapper.xsa
TRACE::2026-09-20.18:20:49::SCWPlatform::DSA absoulate path C:/Xilinx/ECE520/02-AXI_GPIO/axi_gpio_ext_jp/axi_gpio_ext_vitis/axi_gpio_ext_platform/hw/axi_gpio_ext_jp_wrapper.xsa
TRACE::2026-09-20.18:20:49::SCWPlatform::DSA directory C:/Xilinx/ECE520/02-AXI_GPIO/axi_gpio_ext_jp/axi_gpio_ext_vitis/axi_gpio_ext_platform/hw
TRACE::2026-09-20.18:20:49::SCWPlatform:: Platform Path C:/Xilinx/ECE520/02-AXI_GPIO/axi_gpio_ext_jp/axi_gpio_ext_vitis/axi_gpio_ext_platform/hw/axi_gpio_ext_jp_wrapper.xsa
TRACE::2026-09-20.18:20:49::SCWPlatform:: Unique name xilinx:zybo-z7-10::0.0
TRACE::2026-09-20.18:20:49::SCWPlatform::Trying to set the existing hwdb with name axi_gpio_ext_jp_wrapper_0
TRACE::2026-09-20.18:20:49::SCWPlatform::Opened existing hwdb axi_gpio_ext_jp_wrapper_0
TRACE::2026-09-20.18:20:49::SCWPlatform::Found the Hw Db part of the input DSA
TRACE::2026-09-20.18:20:49::SCWDomain::checking for install qemu data   : 
TRACE::2026-09-20.18:20:49::SCWDomain:: Using the QEMU Data from install at  : C:/Xilinx/Vitis/2023.1/data/emulation/platforms/zynq/sw/a9_standalone/qemu/
TRACE::2026-09-20.18:20:49::SCWDomain:: Using the QEMU args  from install at  : C:/Xilinx/Vitis/2023.1/data/emulation/platforms/zynq/sw/a9_standalone/qemu/qemu_args.txt
TRACE::2026-09-20.18:20:49::SCWPlatform::Trying to open the hw design at C:/Xilinx/ECE520/02-AXI_GPIO/axi_gpio_ext_jp/axi_gpio_ext_vitis/axi_gpio_ext_platform/hw/axi_gpio_ext_jp_wrapper.xsa
TRACE::2026-09-20.18:20:49::SCWPlatform::DSA given C:/Xilinx/ECE520/02-AXI_GPIO/axi_gpio_ext_jp/axi_gpio_ext_vitis/axi_gpio_ext_platform/hw/axi_gpio_ext_jp_wrapper.xsa
TRACE::2026-09-20.18:20:49::SCWPlatform::DSA absoulate path C:/Xilinx/ECE520/02-AXI_GPIO/axi_gpio_ext_jp/axi_gpio_ext_vitis/axi_gpio_ext_platform/hw/axi_gpio_ext_jp_wrapper.xsa
TRACE::2026-09-20.18:20:49::SCWPlatform::DSA directory C:/Xilinx/ECE520/02-AXI_GPIO/axi_gpio_ext_jp/axi_gpio_ext_vitis/axi_gpio_ext_platform/hw
TRACE::2026-09-20.18:20:49::SCWPlatform:: Platform Path C:/Xilinx/ECE520/02-AXI_GPIO/axi_gpio_ext_jp/axi_gpio_ext_vitis/axi_gpio_ext_platform/hw/axi_gpio_ext_jp_wrapper.xsa
TRACE::2026-09-20.18:20:49::SCWPlatform:: Unique name xilinx:zybo-z7-10::0.0
TRACE::2026-09-20.18:20:49::SCWPlatform::Trying to set the existing hwdb with name axi_gpio_ext_jp_wrapper_0
TRACE::2026-09-20.18:20:49::SCWPlatform::Opened existing hwdb axi_gpio_ext_jp_wrapper_0
TRACE::2026-09-20.18:20:49::SCWPlatform::Found the Hw Db part of the input DSA
TRACE::2026-09-20.18:20:49::SCWPlatform::Trying to open the hw design at C:/Xilinx/ECE520/02-AXI_GPIO/axi_gpio_ext_jp/axi_gpio_ext_vitis/axi_gpio_ext_platform/hw/axi_gpio_ext_jp_wrapper.xsa
TRACE::2026-09-20.18:20:49::SCWPlatform::DSA given C:/Xilinx/ECE520/02-AXI_GPIO/axi_gpio_ext_jp/axi_gpio_ext_vitis/axi_gpio_ext_platform/hw/axi_gpio_ext_jp_wrapper.xsa
TRACE::2026-09-20.18:20:49::SCWPlatform::DSA absoulate path C:/Xilinx/ECE520/02-AXI_GPIO/axi_gpio_ext_jp/axi_gpio_ext_vitis/axi_gpio_ext_platform/hw/axi_gpio_ext_jp_wrapper.xsa
TRACE::2026-09-20.18:20:49::SCWPlatform::DSA directory C:/Xilinx/ECE520/02-AXI_GPIO/axi_gpio_ext_jp/axi_gpio_ext_vitis/axi_gpio_ext_platform/hw
TRACE::2026-09-20.18:20:49::SCWPlatform:: Platform Path C:/Xilinx/ECE520/02-AXI_GPIO/axi_gpio_ext_jp/axi_gpio_ext_vitis/axi_gpio_ext_platform/hw/axi_gpio_ext_jp_wrapper.xsa
TRACE::2026-09-20.18:20:49::SCWPlatform:: Unique name xilinx:zybo-z7-10::0.0
TRACE::2026-09-20.18:20:49::SCWPlatform::Trying to set the existing hwdb with name axi_gpio_ext_jp_wrapper_0
TRACE::2026-09-20.18:20:49::SCWPlatform::Opened existing hwdb axi_gpio_ext_jp_wrapper_0
TRACE::2026-09-20.18:20:49::SCWPlatform::Found the Hw Db part of the input DSA
TRACE::2026-09-20.18:20:49::SCWDomain::Qemu Directory name is changed from "" to "qemu"
TRACE::2026-09-20.18:20:49::SCWPlatform::Trying to open the hw design at C:/Xilinx/ECE520/02-AXI_GPIO/axi_gpio_ext_jp/axi_gpio_ext_vitis/axi_gpio_ext_platform/hw/axi_gpio_ext_jp_wrapper.xsa
TRACE::2026-09-20.18:20:49::SCWPlatform::DSA given C:/Xilinx/ECE520/02-AXI_GPIO/axi_gpio_ext_jp/axi_gpio_ext_vitis/axi_gpio_ext_platform/hw/axi_gpio_ext_jp_wrapper.xsa
TRACE::2026-09-20.18:20:49::SCWPlatform::DSA absoulate path C:/Xilinx/ECE520/02-AXI_GPIO/axi_gpio_ext_jp/axi_gpio_ext_vitis/axi_gpio_ext_platform/hw/axi_gpio_ext_jp_wrapper.xsa
TRACE::2026-09-20.18:20:49::SCWPlatform::DSA directory C:/Xilinx/ECE520/02-AXI_GPIO/axi_gpio_ext_jp/axi_gpio_ext_vitis/axi_gpio_ext_platform/hw
TRACE::2026-09-20.18:20:49::SCWPlatform:: Platform Path C:/Xilinx/ECE520/02-AXI_GPIO/axi_gpio_ext_jp/axi_gpio_ext_vitis/axi_gpio_ext_platform/hw/axi_gpio_ext_jp_wrapper.xsa
TRACE::2026-09-20.18:20:49::SCWPlatform:: Unique name xilinx:zybo-z7-10::0.0
TRACE::2026-09-20.18:20:49::SCWPlatform::Trying to set the existing hwdb with name axi_gpio_ext_jp_wrapper_0
TRACE::2026-09-20.18:20:49::SCWPlatform::Opened existing hwdb axi_gpio_ext_jp_wrapper_0
TRACE::2026-09-20.18:20:49::SCWPlatform::Found the Hw Db part of the input DSA
TRACE::2026-09-20.18:20:49::SCWMssOS::Checking the sw design at  C:/Xilinx/ECE520/02-AXI_GPIO/axi_gpio_ext_jp/axi_gpio_ext_vitis/axi_gpio_ext_platform/ps7_cortexa9_0/standalone_domain/bsp/system.mss
TRACE::2026-09-20.18:20:49::SCWMssOS::DEBUG:  swdes dump  C:/Xilinx/ECE520/02-AXI_GPIO/axi_gpio_ext_jp/axi_gpio_ext_vitis/axi_gpio_ext_platform/zynq_fsbl/zynq_fsbl_bsp/system.mss|system||

TRACE::2026-09-20.18:20:49::SCWMssOS::No sw design opened at  C:/Xilinx/ECE520/02-AXI_GPIO/axi_gpio_ext_jp/axi_gpio_ext_vitis/axi_gpio_ext_platform/ps7_cortexa9_0/standalone_domain/bsp/system.mss
TRACE::2026-09-20.18:20:49::SCWMssOS::mss does not exists at C:/Xilinx/ECE520/02-AXI_GPIO/axi_gpio_ext_jp/axi_gpio_ext_vitis/axi_gpio_ext_platform/ps7_cortexa9_0/standalone_domain/bsp/system.mss
TRACE::2026-09-20.18:20:49::SCWMssOS::Creating sw design at  C:/Xilinx/ECE520/02-AXI_GPIO/axi_gpio_ext_jp/axi_gpio_ext_vitis/axi_gpio_ext_platform/ps7_cortexa9_0/standalone_domain/bsp/system.mss
TRACE::2026-09-20.18:20:49::SCWMssOS::Adding the swdes entry, created swdb C:/Xilinx/ECE520/02-AXI_GPIO/axi_gpio_ext_jp/axi_gpio_ext_vitis/axi_gpio_ext_platform/ps7_cortexa9_0/standalone_domain/bsp/system.mss with des name C:/Xilinx/ECE520/02-AXI_GPIO/axi_gpio_ext_jp/axi_gpio_ext_vitis/axi_gpio_ext_platform/ps7_cortexa9_0/standalone_domain/bsp/system.mss
TRACE::2026-09-20.18:20:49::SCWMssOS::updating the scw layer changes to swdes at   C:/Xilinx/ECE520/02-AXI_GPIO/axi_gpio_ext_jp/axi_gpio_ext_vitis/axi_gpio_ext_platform/ps7_cortexa9_0/standalone_domain/bsp/system.mss
TRACE::2026-09-20.18:20:49::SCWMssOS::Writing mss at C:/Xilinx/ECE520/02-AXI_GPIO/axi_gpio_ext_jp/axi_gpio_ext_vitis/axi_gpio_ext_platform/ps7_cortexa9_0/standalone_domain/bsp/system.mss
TRACE::2026-09-20.18:20:49::SCWMssOS::Completed writing the mss file at C:/Xilinx/ECE520/02-AXI_GPIO/axi_gpio_ext_jp/axi_gpio_ext_vitis/axi_gpio_ext_platform/ps7_cortexa9_0/standalone_domain/bsp
TRACE::2026-09-20.18:20:49::SCWMssOS::Picking up changes from newly written mss file into SCW Layer. 
TRACE::2026-09-20.18:20:49::SCWMssOS::Updated the changes from newly written mss file into SCW Layer. 
TRACE::2026-09-20.18:20:49::SCWMssOS::Completed writing the mss file at C:/Xilinx/ECE520/02-AXI_GPIO/axi_gpio_ext_jp/axi_gpio_ext_vitis/axi_gpio_ext_platform/ps7_cortexa9_0/standalone_domain/bsp
TRACE::2026-09-20.18:20:49::SCWMssOS::Forcing BSP Sources regeneration.
TRACE::2026-09-20.18:20:50::SCWMssOS::Saving the mss changes C:/Xilinx/ECE520/02-AXI_GPIO/axi_gpio_ext_jp/axi_gpio_ext_vitis/axi_gpio_ext_platform/zynq_fsbl/zynq_fsbl_bsp/system.mss
TRACE::2026-09-20.18:20:50::SCWMssOS::Found a swdesign opened with the mssfile.
TRACE::2026-09-20.18:20:50::SCWMssOS::Completed writemss as part of save.
TRACE::2026-09-20.18:20:50::SCWMssOS::Commit changes completed.
TRACE::2026-09-20.18:20:50::SCWMssOS::Saving the mss changes C:/Xilinx/ECE520/02-AXI_GPIO/axi_gpio_ext_jp/axi_gpio_ext_vitis/axi_gpio_ext_platform/ps7_cortexa9_0/standalone_domain/bsp/system.mss
TRACE::2026-09-20.18:20:50::SCWMssOS::Adding the swdes entry, mss present, able to open swdb C:/Xilinx/ECE520/02-AXI_GPIO/axi_gpio_ext_jp/axi_gpio_ext_vitis/axi_gpio_ext_platform/ps7_cortexa9_0/standalone_domain/bsp/system.mss with des name system_0
TRACE::2026-09-20.18:20:50::SCWMssOS::Writing the mss file completed C:/Xilinx/ECE520/02-AXI_GPIO/axi_gpio_ext_jp/axi_gpio_ext_vitis/axi_gpio_ext_platform/ps7_cortexa9_0/standalone_domain/bsp/system.mss
TRACE::2026-09-20.18:20:50::SCWMssOS::Commit changes completed.
TRACE::2026-09-20.18:20:50::SCWPlatform::Trying to open the hw design at C:/Xilinx/ECE520/02-AXI_GPIO/axi_gpio_ext_jp/axi_gpio_ext_vitis/axi_gpio_ext_platform/hw/axi_gpio_ext_jp_wrapper.xsa
TRACE::2026-09-20.18:20:50::SCWPlatform::DSA given C:/Xilinx/ECE520/02-AXI_GPIO/axi_gpio_ext_jp/axi_gpio_ext_vitis/axi_gpio_ext_platform/hw/axi_gpio_ext_jp_wrapper.xsa
TRACE::2026-09-20.18:20:50::SCWPlatform::DSA absoulate path C:/Xilinx/ECE520/02-AXI_GPIO/axi_gpio_ext_jp/axi_gpio_ext_vitis/axi_gpio_ext_platform/hw/axi_gpio_ext_jp_wrapper.xsa
TRACE::2026-09-20.18:20:50::SCWPlatform::DSA directory C:/Xilinx/ECE520/02-AXI_GPIO/axi_gpio_ext_jp/axi_gpio_ext_vitis/axi_gpio_ext_platform/hw
TRACE::2026-09-20.18:20:50::SCWPlatform:: Platform Path C:/Xilinx/ECE520/02-AXI_GPIO/axi_gpio_ext_jp/axi_gpio_ext_vitis/axi_gpio_ext_platform/hw/axi_gpio_ext_jp_wrapper.xsa
TRACE::2026-09-20.18:20:50::SCWPlatform:: Unique name xilinx:zybo-z7-10::0.0
TRACE::2026-09-20.18:20:50::SCWPlatform::Trying to set the existing hwdb with name axi_gpio_ext_jp_wrapper_0
TRACE::2026-09-20.18:20:50::SCWPlatform::Opened existing hwdb axi_gpio_ext_jp_wrapper_0
TRACE::2026-09-20.18:20:50::SCWPlatform::Found the Hw Db part of the input DSA
TRACE::2026-09-20.18:20:50::SCWMssOS::Checking the sw design at  C:/Xilinx/ECE520/02-AXI_GPIO/axi_gpio_ext_jp/axi_gpio_ext_vitis/axi_gpio_ext_platform/zynq_fsbl/zynq_fsbl_bsp/system.mss
TRACE::2026-09-20.18:20:50::SCWMssOS::DEBUG:  swdes dump  C:/Xilinx/ECE520/02-AXI_GPIO/axi_gpio_ext_jp/axi_gpio_ext_vitis/axi_gpio_ext_platform/ps7_cortexa9_0/standalone_domain/bsp/system.mss|system_0||
C:/Xilinx/ECE520/02-AXI_GPIO/axi_gpio_ext_jp/axi_gpio_ext_vitis/axi_gpio_ext_platform/zynq_fsbl/zynq_fsbl_bsp/system.mss|system||

TRACE::2026-09-20.18:20:50::SCWMssOS::Sw design exists and opened at  C:/Xilinx/ECE520/02-AXI_GPIO/axi_gpio_ext_jp/axi_gpio_ext_vitis/axi_gpio_ext_platform/zynq_fsbl/zynq_fsbl_bsp/system.mss
TRACE::2026-09-20.18:20:50::SCWPlatform::Trying to open the hw design at C:/Xilinx/ECE520/02-AXI_GPIO/axi_gpio_ext_jp/axi_gpio_ext_vitis/axi_gpio_ext_platform/hw/axi_gpio_ext_jp_wrapper.xsa
TRACE::2026-09-20.18:20:50::SCWPlatform::DSA given C:/Xilinx/ECE520/02-AXI_GPIO/axi_gpio_ext_jp/axi_gpio_ext_vitis/axi_gpio_ext_platform/hw/axi_gpio_ext_jp_wrapper.xsa
TRACE::2026-09-20.18:20:50::SCWPlatform::DSA absoulate path C:/Xilinx/ECE520/02-AXI_GPIO/axi_gpio_ext_jp/axi_gpio_ext_vitis/axi_gpio_ext_platform/hw/axi_gpio_ext_jp_wrapper.xsa
TRACE::2026-09-20.18:20:50::SCWPlatform::DSA directory C:/Xilinx/ECE520/02-AXI_GPIO/axi_gpio_ext_jp/axi_gpio_ext_vitis/axi_gpio_ext_platform/hw
TRACE::2026-09-20.18:20:50::SCWPlatform:: Platform Path C:/Xilinx/ECE520/02-AXI_GPIO/axi_gpio_ext_jp/axi_gpio_ext_vitis/axi_gpio_ext_platform/hw/axi_gpio_ext_jp_wrapper.xsa
TRACE::2026-09-20.18:20:50::SCWPlatform:: Unique name xilinx:zybo-z7-10::0.0
TRACE::2026-09-20.18:20:50::SCWPlatform::Trying to set the existing hwdb with name axi_gpio_ext_jp_wrapper_0
TRACE::2026-09-20.18:20:50::SCWPlatform::Opened existing hwdb axi_gpio_ext_jp_wrapper_0
TRACE::2026-09-20.18:20:50::SCWPlatform::Found the Hw Db part of the input DSA
TRACE::2026-09-20.18:20:50::SCWMssOS::Checking the sw design at  C:/Xilinx/ECE520/02-AXI_GPIO/axi_gpio_ext_jp/axi_gpio_ext_vitis/axi_gpio_ext_platform/zynq_fsbl/zynq_fsbl_bsp/system.mss
TRACE::2026-09-20.18:20:50::SCWMssOS::DEBUG:  swdes dump  C:/Xilinx/ECE520/02-AXI_GPIO/axi_gpio_ext_jp/axi_gpio_ext_vitis/axi_gpio_ext_platform/ps7_cortexa9_0/standalone_domain/bsp/system.mss|system_0||
C:/Xilinx/ECE520/02-AXI_GPIO/axi_gpio_ext_jp/axi_gpio_ext_vitis/axi_gpio_ext_platform/zynq_fsbl/zynq_fsbl_bsp/system.mss|system||

TRACE::2026-09-20.18:20:50::SCWMssOS::Sw design exists and opened at  C:/Xilinx/ECE520/02-AXI_GPIO/axi_gpio_ext_jp/axi_gpio_ext_vitis/axi_gpio_ext_platform/zynq_fsbl/zynq_fsbl_bsp/system.mss
TRACE::2026-09-20.18:20:50::SCWPlatform::Trying to open the hw design at C:/Xilinx/ECE520/02-AXI_GPIO/axi_gpio_ext_jp/axi_gpio_ext_vitis/axi_gpio_ext_platform/hw/axi_gpio_ext_jp_wrapper.xsa
TRACE::2026-09-20.18:20:50::SCWPlatform::DSA given C:/Xilinx/ECE520/02-AXI_GPIO/axi_gpio_ext_jp/axi_gpio_ext_vitis/axi_gpio_ext_platform/hw/axi_gpio_ext_jp_wrapper.xsa
TRACE::2026-09-20.18:20:50::SCWPlatform::DSA absoulate path C:/Xilinx/ECE520/02-AXI_GPIO/axi_gpio_ext_jp/axi_gpio_ext_vitis/axi_gpio_ext_platform/hw/axi_gpio_ext_jp_wrapper.xsa
TRACE::2026-09-20.18:20:50::SCWPlatform::DSA directory C:/Xilinx/ECE520/02-AXI_GPIO/axi_gpio_ext_jp/axi_gpio_ext_vitis/axi_gpio_ext_platform/hw
TRACE::2026-09-20.18:20:50::SCWPlatform:: Platform Path C:/Xilinx/ECE520/02-AXI_GPIO/axi_gpio_ext_jp/axi_gpio_ext_vitis/axi_gpio_ext_platform/hw/axi_gpio_ext_jp_wrapper.xsa
TRACE::2026-09-20.18:20:50::SCWPlatform:: Unique name xilinx:zybo-z7-10::0.0
TRACE::2026-09-20.18:20:50::SCWPlatform::Trying to set the existing hwdb with name axi_gpio_ext_jp_wrapper_0
TRACE::2026-09-20.18:20:50::SCWPlatform::Opened existing hwdb axi_gpio_ext_jp_wrapper_0
TRACE::2026-09-20.18:20:50::SCWPlatform::Found the Hw Db part of the input DSA
TRACE::2026-09-20.18:20:50::SCWMssOS::Checking the sw design at  C:/Xilinx/ECE520/02-AXI_GPIO/axi_gpio_ext_jp/axi_gpio_ext_vitis/axi_gpio_ext_platform/zynq_fsbl/zynq_fsbl_bsp/system.mss
TRACE::2026-09-20.18:20:50::SCWMssOS::DEBUG:  swdes dump  C:/Xilinx/ECE520/02-AXI_GPIO/axi_gpio_ext_jp/axi_gpio_ext_vitis/axi_gpio_ext_platform/ps7_cortexa9_0/standalone_domain/bsp/system.mss|system_0||
C:/Xilinx/ECE520/02-AXI_GPIO/axi_gpio_ext_jp/axi_gpio_ext_vitis/axi_gpio_ext_platform/zynq_fsbl/zynq_fsbl_bsp/system.mss|system||

TRACE::2026-09-20.18:20:50::SCWMssOS::Sw design exists and opened at  C:/Xilinx/ECE520/02-AXI_GPIO/axi_gpio_ext_jp/axi_gpio_ext_vitis/axi_gpio_ext_platform/zynq_fsbl/zynq_fsbl_bsp/system.mss
TRACE::2026-09-20.18:20:50::SCWPlatform::Trying to open the hw design at C:/Xilinx/ECE520/02-AXI_GPIO/axi_gpio_ext_jp/axi_gpio_ext_vitis/axi_gpio_ext_platform/hw/axi_gpio_ext_jp_wrapper.xsa
TRACE::2026-09-20.18:20:50::SCWPlatform::DSA given C:/Xilinx/ECE520/02-AXI_GPIO/axi_gpio_ext_jp/axi_gpio_ext_vitis/axi_gpio_ext_platform/hw/axi_gpio_ext_jp_wrapper.xsa
TRACE::2026-09-20.18:20:50::SCWPlatform::DSA absoulate path C:/Xilinx/ECE520/02-AXI_GPIO/axi_gpio_ext_jp/axi_gpio_ext_vitis/axi_gpio_ext_platform/hw/axi_gpio_ext_jp_wrapper.xsa
TRACE::2026-09-20.18:20:50::SCWPlatform::DSA directory C:/Xilinx/ECE520/02-AXI_GPIO/axi_gpio_ext_jp/axi_gpio_ext_vitis/axi_gpio_ext_platform/hw
TRACE::2026-09-20.18:20:50::SCWPlatform:: Platform Path C:/Xilinx/ECE520/02-AXI_GPIO/axi_gpio_ext_jp/axi_gpio_ext_vitis/axi_gpio_ext_platform/hw/axi_gpio_ext_jp_wrapper.xsa
TRACE::2026-09-20.18:20:50::SCWPlatform:: Unique name xilinx:zybo-z7-10::0.0
TRACE::2026-09-20.18:20:50::SCWPlatform::Trying to set the existing hwdb with name axi_gpio_ext_jp_wrapper_0
TRACE::2026-09-20.18:20:50::SCWPlatform::Opened existing hwdb axi_gpio_ext_jp_wrapper_0
TRACE::2026-09-20.18:20:50::SCWPlatform::Found the Hw Db part of the input DSA
TRACE::2026-09-20.18:20:50::SCWMssOS::Checking the sw design at  C:/Xilinx/ECE520/02-AXI_GPIO/axi_gpio_ext_jp/axi_gpio_ext_vitis/axi_gpio_ext_platform/ps7_cortexa9_0/standalone_domain/bsp/system.mss
TRACE::2026-09-20.18:20:50::SCWMssOS::DEBUG:  swdes dump  C:/Xilinx/ECE520/02-AXI_GPIO/axi_gpio_ext_jp/axi_gpio_ext_vitis/axi_gpio_ext_platform/ps7_cortexa9_0/standalone_domain/bsp/system.mss|system_0||
C:/Xilinx/ECE520/02-AXI_GPIO/axi_gpio_ext_jp/axi_gpio_ext_vitis/axi_gpio_ext_platform/zynq_fsbl/zynq_fsbl_bsp/system.mss|system||

TRACE::2026-09-20.18:20:50::SCWMssOS::Sw design exists and opened at  C:/Xilinx/ECE520/02-AXI_GPIO/axi_gpio_ext_jp/axi_gpio_ext_vitis/axi_gpio_ext_platform/ps7_cortexa9_0/standalone_domain/bsp/system.mss
TRACE::2026-09-20.18:20:50::SCWPlatform::Trying to open the hw design at C:/Xilinx/ECE520/02-AXI_GPIO/axi_gpio_ext_jp/axi_gpio_ext_vitis/axi_gpio_ext_platform/hw/axi_gpio_ext_jp_wrapper.xsa
TRACE::2026-09-20.18:20:50::SCWPlatform::DSA given C:/Xilinx/ECE520/02-AXI_GPIO/axi_gpio_ext_jp/axi_gpio_ext_vitis/axi_gpio_ext_platform/hw/axi_gpio_ext_jp_wrapper.xsa
TRACE::2026-09-20.18:20:50::SCWPlatform::DSA absoulate path C:/Xilinx/ECE520/02-AXI_GPIO/axi_gpio_ext_jp/axi_gpio_ext_vitis/axi_gpio_ext_platform/hw/axi_gpio_ext_jp_wrapper.xsa
TRACE::2026-09-20.18:20:50::SCWPlatform::DSA directory C:/Xilinx/ECE520/02-AXI_GPIO/axi_gpio_ext_jp/axi_gpio_ext_vitis/axi_gpio_ext_platform/hw
TRACE::2026-09-20.18:20:50::SCWPlatform:: Platform Path C:/Xilinx/ECE520/02-AXI_GPIO/axi_gpio_ext_jp/axi_gpio_ext_vitis/axi_gpio_ext_platform/hw/axi_gpio_ext_jp_wrapper.xsa
TRACE::2026-09-20.18:20:50::SCWPlatform:: Unique name xilinx:zybo-z7-10::0.0
TRACE::2026-09-20.18:20:50::SCWPlatform::Trying to set the existing hwdb with name axi_gpio_ext_jp_wrapper_0
TRACE::2026-09-20.18:20:50::SCWPlatform::Opened existing hwdb axi_gpio_ext_jp_wrapper_0
TRACE::2026-09-20.18:20:50::SCWPlatform::Found the Hw Db part of the input DSA
TRACE::2026-09-20.18:20:50::SCWMssOS::Checking the sw design at  C:/Xilinx/ECE520/02-AXI_GPIO/axi_gpio_ext_jp/axi_gpio_ext_vitis/axi_gpio_ext_platform/ps7_cortexa9_0/standalone_domain/bsp/system.mss
TRACE::2026-09-20.18:20:50::SCWMssOS::DEBUG:  swdes dump  C:/Xilinx/ECE520/02-AXI_GPIO/axi_gpio_ext_jp/axi_gpio_ext_vitis/axi_gpio_ext_platform/ps7_cortexa9_0/standalone_domain/bsp/system.mss|system_0||
C:/Xilinx/ECE520/02-AXI_GPIO/axi_gpio_ext_jp/axi_gpio_ext_vitis/axi_gpio_ext_platform/zynq_fsbl/zynq_fsbl_bsp/system.mss|system||

TRACE::2026-09-20.18:20:50::SCWMssOS::Sw design exists and opened at  C:/Xilinx/ECE520/02-AXI_GPIO/axi_gpio_ext_jp/axi_gpio_ext_vitis/axi_gpio_ext_platform/ps7_cortexa9_0/standalone_domain/bsp/system.mss
TRACE::2026-09-20.18:20:50::SCWPlatform::Trying to open the hw design at C:/Xilinx/ECE520/02-AXI_GPIO/axi_gpio_ext_jp/axi_gpio_ext_vitis/axi_gpio_ext_platform/hw/axi_gpio_ext_jp_wrapper.xsa
TRACE::2026-09-20.18:20:50::SCWPlatform::DSA given C:/Xilinx/ECE520/02-AXI_GPIO/axi_gpio_ext_jp/axi_gpio_ext_vitis/axi_gpio_ext_platform/hw/axi_gpio_ext_jp_wrapper.xsa
TRACE::2026-09-20.18:20:50::SCWPlatform::DSA absoulate path C:/Xilinx/ECE520/02-AXI_GPIO/axi_gpio_ext_jp/axi_gpio_ext_vitis/axi_gpio_ext_platform/hw/axi_gpio_ext_jp_wrapper.xsa
TRACE::2026-09-20.18:20:50::SCWPlatform::DSA directory C:/Xilinx/ECE520/02-AXI_GPIO/axi_gpio_ext_jp/axi_gpio_ext_vitis/axi_gpio_ext_platform/hw
TRACE::2026-09-20.18:20:50::SCWPlatform:: Platform Path C:/Xilinx/ECE520/02-AXI_GPIO/axi_gpio_ext_jp/axi_gpio_ext_vitis/axi_gpio_ext_platform/hw/axi_gpio_ext_jp_wrapper.xsa
TRACE::2026-09-20.18:20:50::SCWPlatform:: Unique name xilinx:zybo-z7-10::0.0
TRACE::2026-09-20.18:20:50::SCWPlatform::Trying to set the existing hwdb with name axi_gpio_ext_jp_wrapper_0
TRACE::2026-09-20.18:20:50::SCWPlatform::Opened existing hwdb axi_gpio_ext_jp_wrapper_0
TRACE::2026-09-20.18:20:50::SCWPlatform::Found the Hw Db part of the input DSA
TRACE::2026-09-20.18:20:50::SCWMssOS::Checking the sw design at  C:/Xilinx/ECE520/02-AXI_GPIO/axi_gpio_ext_jp/axi_gpio_ext_vitis/axi_gpio_ext_platform/ps7_cortexa9_0/standalone_domain/bsp/system.mss
TRACE::2026-09-20.18:20:50::SCWMssOS::DEBUG:  swdes dump  C:/Xilinx/ECE520/02-AXI_GPIO/axi_gpio_ext_jp/axi_gpio_ext_vitis/axi_gpio_ext_platform/ps7_cortexa9_0/standalone_domain/bsp/system.mss|system_0||
C:/Xilinx/ECE520/02-AXI_GPIO/axi_gpio_ext_jp/axi_gpio_ext_vitis/axi_gpio_ext_platform/zynq_fsbl/zynq_fsbl_bsp/system.mss|system||

TRACE::2026-09-20.18:20:50::SCWMssOS::Sw design exists and opened at  C:/Xilinx/ECE520/02-AXI_GPIO/axi_gpio_ext_jp/axi_gpio_ext_vitis/axi_gpio_ext_platform/ps7_cortexa9_0/standalone_domain/bsp/system.mss
TRACE::2026-09-20.18:20:50::SCWWriter::formatted JSON is {
	"platformName":	"axi_gpio_ext_platform",
	"sprVersion":	"2.0",
	"mode":	"gui",
	"dsaType":	"Fixed",
	"platformDesc":	"axi_gpio_ext_platform",
	"platHandOff":	"C:/Xilinx/ECE520/02-AXI_GPIO/axi_gpio_ext_jp/axi_gpio_ext_jp_wrapper.xsa",
	"platIntHandOff":	"<platformDir>/hw/axi_gpio_ext_jp_wrapper.xsa",
	"deviceType":	"zynq",
	"platIsPrebuiltAutogen":	"false",
	"platIsNoBootBsp":	"false",
	"platFsblTarget":	"ps7_cortexa9_0",
	"hasFsblMakeHasChanges":	"false",
	"hasPmufwMakeHasChanges":	"false",
	"fsblExtraCompilerFlags":	"-MMD -MP       -mcpu=cortex-a9 -mfpu=vfpv3 -mfloat-abi=hard ",
	"platPreBuiltFlag":	false,
	"platformSamplesDir":	"",
	"platActiveSys":	"axi_gpio_ext_platform",
	"systems":	[{
			"systemName":	"axi_gpio_ext_platform",
			"systemDesc":	"axi_gpio_ext_platform",
			"sysIsBootAutoGen":	"true",
			"systemDispName":	"axi_gpio_ext_platform",
			"sysActiveDom":	"standalone_domain",
			"sysDefaultDom":	"standalone_domain",
			"domains":	[{
					"domainName":	"zynq_fsbl",
					"domainDispName":	"zynq_fsbl",
					"domainDesc":	"FSBL Application BSP - Auto Generated.",
					"processors":	"ps7_cortexa9_0",
					"os":	"standalone",
					"sdxOs":	"standalone",
					"debugEnable":	"",
					"domRuntimes":	["cpp"],
					"swRepo":	"",
					"mssOsVer":	"8.1",
					"mssFile":	"",
					"md5Digest":	"65693ccea2e90031f2dc4733d5bd991b",
					"compatibleApp":	"zynq_fsbl",
					"domType":	"bootDomain",
					"arch":	"32-bit",
					"appSettings":	{
						"appCompilerFlags":	"",
						"appLinkerFlags":	""
					},
					"addedLibs":	["xilffs:5.0", "xilrsa:1.6"],
					"libOptions":	{
						"libsContainingOptions":	[]
					},
					"prebuiltLibs":	{
						"prebuiltIncPath":	[],
						"prebuiltLibPath":	[]
					},
					"isolation":	{
					}
				}, {
					"domainName":	"standalone_domain",
					"domainDispName":	"standalone_domain",
					"domainDesc":	"standalone_domain",
					"processors":	"ps7_cortexa9_0",
					"os":	"standalone",
					"sdxOs":	"standalone",
					"qemuArgs":	"<platformDir>/resources/axi_gpio_ext_platform/standalone_domain/qemu_args.txt",
					"qemuData":	"<platformDir>/resources/axi_gpio_ext_platform/standalone_domain/qemu",
					"debugEnable":	"False",
					"domRuntimes":	["cpp"],
					"swRepo":	"",
					"mssOsVer":	"8.1",
					"mssFile":	"",
					"md5Digest":	"a82e1019665bce3dce07707172bb4370",
					"compatibleApp":	"",
					"domType":	"mssDomain",
					"appSettings":	{
						"appCompilerFlags":	"",
						"appLinkerFlags":	""
					},
					"addedLibs":	[],
					"libOptions":	{
						"libsContainingOptions":	[]
					},
					"prebuiltLibs":	{
						"prebuiltIncPath":	[],
						"prebuiltLibPath":	[]
					},
					"isolation":	{
					}
				}]
		}]
}
LOG::2026-09-20.18:20:50::SCWPlatform::Started generating the artifacts platform axi_gpio_ext_platform
TRACE::2026-09-20.18:20:50::SCWPlatform::Sanity checking of platform is completed
LOG::2026-09-20.18:20:50::SCWPlatform::Started generating the artifacts for system configuration axi_gpio_ext_platform
LOG::2026-09-20.18:20:50::SCWSystem::Checking the domain zynq_fsbl
LOG::2026-09-20.18:20:50::SCWSystem::Doing application build for :  zynq_fsbl
TRACE::2026-09-20.18:20:50::SCWBDomain::Not a forced makefile updation, No changes are present. 
TRACE::2026-09-20.18:20:50::SCWDomain::Skipping the build for domain :  zynq_fsbl
LOG::2026-09-20.18:20:50::SCWSystem::Checking the domain standalone_domain
LOG::2026-09-20.18:20:50::SCWSystem::Not a boot domain 
LOG::2026-09-20.18:20:50::SCWSystem::Started Processing the domain standalone_domain
TRACE::2026-09-20.18:20:50::SCWDomain::Generating domain artifcats
TRACE::2026-09-20.18:20:50::SCWMssOS::Generating standalone artifcats
TRACE::2026-09-20.18:20:50::SCWMssOS::Copying the qemu file from  C:/Xilinx/ECE520/02-AXI_GPIO/axi_gpio_ext_jp/axi_gpio_ext_vitis/axi_gpio_ext_platform/resources/axi_gpio_ext_platform/standalone_domain/qemu_args.txt To C:/Xilinx/ECE520/02-AXI_GPIO/axi_gpio_ext_jp/axi_gpio_ext_vitis/axi_gpio_ext_platform/export/axi_gpio_ext_platform/sw/axi_gpio_ext_platform/qemu/
TRACE::2026-09-20.18:20:50::SCWMssOS::Copying the qemu file from  C:/Xilinx/ECE520/02-AXI_GPIO/axi_gpio_ext_jp/axi_gpio_ext_vitis/axi_gpio_ext_platform/resources/axi_gpio_ext_platform/standalone_domain/qemu_args.txt To C:/Xilinx/ECE520/02-AXI_GPIO/axi_gpio_ext_jp/axi_gpio_ext_vitis/axi_gpio_ext_platform/export/axi_gpio_ext_platform/sw/axi_gpio_ext_platform/standalone_domain/qemu/
TRACE::2026-09-20.18:20:50::SCWMssOS:: Copying the user libraries. 
TRACE::2026-09-20.18:20:50::SCWPlatform::Trying to open the hw design at C:/Xilinx/ECE520/02-AXI_GPIO/axi_gpio_ext_jp/axi_gpio_ext_vitis/axi_gpio_ext_platform/hw/axi_gpio_ext_jp_wrapper.xsa
TRACE::2026-09-20.18:20:50::SCWPlatform::DSA given C:/Xilinx/ECE520/02-AXI_GPIO/axi_gpio_ext_jp/axi_gpio_ext_vitis/axi_gpio_ext_platform/hw/axi_gpio_ext_jp_wrapper.xsa
TRACE::2026-09-20.18:20:50::SCWPlatform::DSA absoulate path C:/Xilinx/ECE520/02-AXI_GPIO/axi_gpio_ext_jp/axi_gpio_ext_vitis/axi_gpio_ext_platform/hw/axi_gpio_ext_jp_wrapper.xsa
TRACE::2026-09-20.18:20:50::SCWPlatform::DSA directory C:/Xilinx/ECE520/02-AXI_GPIO/axi_gpio_ext_jp/axi_gpio_ext_vitis/axi_gpio_ext_platform/hw
TRACE::2026-09-20.18:20:50::SCWPlatform:: Platform Path C:/Xilinx/ECE520/02-AXI_GPIO/axi_gpio_ext_jp/axi_gpio_ext_vitis/axi_gpio_ext_platform/hw/axi_gpio_ext_jp_wrapper.xsa
TRACE::2026-09-20.18:20:50::SCWPlatform:: Unique name xilinx:zybo-z7-10::0.0
TRACE::2026-09-20.18:20:50::SCWPlatform::Trying to set the existing hwdb with name axi_gpio_ext_jp_wrapper_0
TRACE::2026-09-20.18:20:50::SCWPlatform::Opened existing hwdb axi_gpio_ext_jp_wrapper_0
TRACE::2026-09-20.18:20:50::SCWPlatform::Found the Hw Db part of the input DSA
TRACE::2026-09-20.18:20:50::SCWMssOS::Checking the sw design at  C:/Xilinx/ECE520/02-AXI_GPIO/axi_gpio_ext_jp/axi_gpio_ext_vitis/axi_gpio_ext_platform/ps7_cortexa9_0/standalone_domain/bsp/system.mss
TRACE::2026-09-20.18:20:50::SCWMssOS::DEBUG:  swdes dump  C:/Xilinx/ECE520/02-AXI_GPIO/axi_gpio_ext_jp/axi_gpio_ext_vitis/axi_gpio_ext_platform/ps7_cortexa9_0/standalone_domain/bsp/system.mss|system_0||
C:/Xilinx/ECE520/02-AXI_GPIO/axi_gpio_ext_jp/axi_gpio_ext_vitis/axi_gpio_ext_platform/zynq_fsbl/zynq_fsbl_bsp/system.mss|system||

TRACE::2026-09-20.18:20:50::SCWMssOS::Sw design exists and opened at  C:/Xilinx/ECE520/02-AXI_GPIO/axi_gpio_ext_jp/axi_gpio_ext_vitis/axi_gpio_ext_platform/ps7_cortexa9_0/standalone_domain/bsp/system.mss
TRACE::2026-09-20.18:20:50::SCWMssOS::Completed writing the mss file at C:/Xilinx/ECE520/02-AXI_GPIO/axi_gpio_ext_jp/axi_gpio_ext_vitis/axi_gpio_ext_platform/ps7_cortexa9_0/standalone_domain/bsp
TRACE::2026-09-20.18:20:50::SCWMssOS::Mss edits present, copying mssfile into export location C:/Xilinx/ECE520/02-AXI_GPIO/axi_gpio_ext_jp/axi_gpio_ext_vitis/axi_gpio_ext_platform/ps7_cortexa9_0/standalone_domain/bsp/system.mss
TRACE::2026-09-20.18:20:50::SCWMssOS::bsp generated is upto date with the mss file. Skipping bsp generation.
TRACE::2026-09-20.18:20:50::SCWMssOS::BSP is already built. skipping the bsp build ... 
TRACE::2026-09-20.18:20:50::SCWDomain::Skipping the build for domain :  standalone_domain
TRACE::2026-09-20.18:20:50::SCWMssOS::skipping the bsp build ... 
TRACE::2026-09-20.18:20:50::SCWMssOS::Copying to export directory.
TRACE::2026-09-20.18:20:50::SCWMssOS:: Checking if to create the Supporting Applications
TRACE::2026-09-20.18:20:50::SCWMssOS:: No Linux domain exists, trying to generate FSBL 
TRACE::2026-09-20.18:20:50::SCWMssOS:: Completed Standalone Artifacts creation 
LOG::2026-09-20.18:20:50::SCWSystem::Completed Processing the domain standalone_domain
LOG::2026-09-20.18:20:50::SCWSystem::Completed Processing the sysconfig axi_gpio_ext_platform
LOG::2026-09-20.18:20:50::SCWPlatform::Completed generating the artifacts for system configuration axi_gpio_ext_platform
TRACE::2026-09-20.18:20:50::SCWPlatform::Started preparing the platform 
TRACE::2026-09-20.18:20:50::SCWSystem::Writing the bif file for system config axi_gpio_ext_platform
TRACE::2026-09-20.18:20:50::SCWSystem::dir created 
TRACE::2026-09-20.18:20:50::SCWSystem::Writing the bif 
TRACE::2026-09-20.18:20:50::SCWPlatform::Started writing the spfm file 
TRACE::2026-09-20.18:20:50::SCWPlatform::Started writing the xpfm file 
TRACE::2026-09-20.18:20:50::SCWPlatform::Completed generating the platform
TRACE::2026-09-20.18:20:50::SCWMssOS::Saving the mss changes C:/Xilinx/ECE520/02-AXI_GPIO/axi_gpio_ext_jp/axi_gpio_ext_vitis/axi_gpio_ext_platform/zynq_fsbl/zynq_fsbl_bsp/system.mss
TRACE::2026-09-20.18:20:50::SCWMssOS::Found a swdesign opened with the mssfile.
TRACE::2026-09-20.18:20:50::SCWMssOS::Completed writemss as part of save.
TRACE::2026-09-20.18:20:50::SCWMssOS::Commit changes completed.
TRACE::2026-09-20.18:20:50::SCWMssOS::Saving the mss changes C:/Xilinx/ECE520/02-AXI_GPIO/axi_gpio_ext_jp/axi_gpio_ext_vitis/axi_gpio_ext_platform/ps7_cortexa9_0/standalone_domain/bsp/system.mss
TRACE::2026-09-20.18:20:50::SCWMssOS::Found a swdesign opened with the mssfile.
TRACE::2026-09-20.18:20:50::SCWMssOS::Completed writemss as part of save.
TRACE::2026-09-20.18:20:50::SCWMssOS::Commit changes completed.
TRACE::2026-09-20.18:20:50::SCWPlatform::Trying to open the hw design at C:/Xilinx/ECE520/02-AXI_GPIO/axi_gpio_ext_jp/axi_gpio_ext_vitis/axi_gpio_ext_platform/hw/axi_gpio_ext_jp_wrapper.xsa
TRACE::2026-09-20.18:20:50::SCWPlatform::DSA given C:/Xilinx/ECE520/02-AXI_GPIO/axi_gpio_ext_jp/axi_gpio_ext_vitis/axi_gpio_ext_platform/hw/axi_gpio_ext_jp_wrapper.xsa
TRACE::2026-09-20.18:20:50::SCWPlatform::DSA absoulate path C:/Xilinx/ECE520/02-AXI_GPIO/axi_gpio_ext_jp/axi_gpio_ext_vitis/axi_gpio_ext_platform/hw/axi_gpio_ext_jp_wrapper.xsa
TRACE::2026-09-20.18:20:50::SCWPlatform::DSA directory C:/Xilinx/ECE520/02-AXI_GPIO/axi_gpio_ext_jp/axi_gpio_ext_vitis/axi_gpio_ext_platform/hw
TRACE::2026-09-20.18:20:50::SCWPlatform:: Platform Path C:/Xilinx/ECE520/02-AXI_GPIO/axi_gpio_ext_jp/axi_gpio_ext_vitis/axi_gpio_ext_platform/hw/axi_gpio_ext_jp_wrapper.xsa
TRACE::2026-09-20.18:20:50::SCWPlatform:: Unique name xilinx:zybo-z7-10::0.0
TRACE::2026-09-20.18:20:50::SCWPlatform::Trying to set the existing hwdb with name axi_gpio_ext_jp_wrapper_0
TRACE::2026-09-20.18:20:50::SCWPlatform::Opened existing hwdb axi_gpio_ext_jp_wrapper_0
TRACE::2026-09-20.18:20:50::SCWPlatform::Found the Hw Db part of the input DSA
TRACE::2026-09-20.18:20:50::SCWMssOS::Checking the sw design at  C:/Xilinx/ECE520/02-AXI_GPIO/axi_gpio_ext_jp/axi_gpio_ext_vitis/axi_gpio_ext_platform/zynq_fsbl/zynq_fsbl_bsp/system.mss
TRACE::2026-09-20.18:20:50::SCWMssOS::DEBUG:  swdes dump  C:/Xilinx/ECE520/02-AXI_GPIO/axi_gpio_ext_jp/axi_gpio_ext_vitis/axi_gpio_ext_platform/ps7_cortexa9_0/standalone_domain/bsp/system.mss|system_0||
C:/Xilinx/ECE520/02-AXI_GPIO/axi_gpio_ext_jp/axi_gpio_ext_vitis/axi_gpio_ext_platform/zynq_fsbl/zynq_fsbl_bsp/system.mss|system||

TRACE::2026-09-20.18:20:50::SCWMssOS::Sw design exists and opened at  C:/Xilinx/ECE520/02-AXI_GPIO/axi_gpio_ext_jp/axi_gpio_ext_vitis/axi_gpio_ext_platform/zynq_fsbl/zynq_fsbl_bsp/system.mss
TRACE::2026-09-20.18:20:50::SCWPlatform::Trying to open the hw design at C:/Xilinx/ECE520/02-AXI_GPIO/axi_gpio_ext_jp/axi_gpio_ext_vitis/axi_gpio_ext_platform/hw/axi_gpio_ext_jp_wrapper.xsa
TRACE::2026-09-20.18:20:50::SCWPlatform::DSA given C:/Xilinx/ECE520/02-AXI_GPIO/axi_gpio_ext_jp/axi_gpio_ext_vitis/axi_gpio_ext_platform/hw/axi_gpio_ext_jp_wrapper.xsa
TRACE::2026-09-20.18:20:50::SCWPlatform::DSA absoulate path C:/Xilinx/ECE520/02-AXI_GPIO/axi_gpio_ext_jp/axi_gpio_ext_vitis/axi_gpio_ext_platform/hw/axi_gpio_ext_jp_wrapper.xsa
TRACE::2026-09-20.18:20:50::SCWPlatform::DSA directory C:/Xilinx/ECE520/02-AXI_GPIO/axi_gpio_ext_jp/axi_gpio_ext_vitis/axi_gpio_ext_platform/hw
TRACE::2026-09-20.18:20:50::SCWPlatform:: Platform Path C:/Xilinx/ECE520/02-AXI_GPIO/axi_gpio_ext_jp/axi_gpio_ext_vitis/axi_gpio_ext_platform/hw/axi_gpio_ext_jp_wrapper.xsa
TRACE::2026-09-20.18:20:50::SCWPlatform:: Unique name xilinx:zybo-z7-10::0.0
TRACE::2026-09-20.18:20:50::SCWPlatform::Trying to set the existing hwdb with name axi_gpio_ext_jp_wrapper_0
TRACE::2026-09-20.18:20:50::SCWPlatform::Opened existing hwdb axi_gpio_ext_jp_wrapper_0
TRACE::2026-09-20.18:20:50::SCWPlatform::Found the Hw Db part of the input DSA
TRACE::2026-09-20.18:20:50::SCWMssOS::Checking the sw design at  C:/Xilinx/ECE520/02-AXI_GPIO/axi_gpio_ext_jp/axi_gpio_ext_vitis/axi_gpio_ext_platform/zynq_fsbl/zynq_fsbl_bsp/system.mss
TRACE::2026-09-20.18:20:50::SCWMssOS::DEBUG:  swdes dump  C:/Xilinx/ECE520/02-AXI_GPIO/axi_gpio_ext_jp/axi_gpio_ext_vitis/axi_gpio_ext_platform/ps7_cortexa9_0/standalone_domain/bsp/system.mss|system_0||
C:/Xilinx/ECE520/02-AXI_GPIO/axi_gpio_ext_jp/axi_gpio_ext_vitis/axi_gpio_ext_platform/zynq_fsbl/zynq_fsbl_bsp/system.mss|system||

TRACE::2026-09-20.18:20:50::SCWMssOS::Sw design exists and opened at  C:/Xilinx/ECE520/02-AXI_GPIO/axi_gpio_ext_jp/axi_gpio_ext_vitis/axi_gpio_ext_platform/zynq_fsbl/zynq_fsbl_bsp/system.mss
TRACE::2026-09-20.18:20:50::SCWPlatform::Trying to open the hw design at C:/Xilinx/ECE520/02-AXI_GPIO/axi_gpio_ext_jp/axi_gpio_ext_vitis/axi_gpio_ext_platform/hw/axi_gpio_ext_jp_wrapper.xsa
TRACE::2026-09-20.18:20:50::SCWPlatform::DSA given C:/Xilinx/ECE520/02-AXI_GPIO/axi_gpio_ext_jp/axi_gpio_ext_vitis/axi_gpio_ext_platform/hw/axi_gpio_ext_jp_wrapper.xsa
TRACE::2026-09-20.18:20:50::SCWPlatform::DSA absoulate path C:/Xilinx/ECE520/02-AXI_GPIO/axi_gpio_ext_jp/axi_gpio_ext_vitis/axi_gpio_ext_platform/hw/axi_gpio_ext_jp_wrapper.xsa
TRACE::2026-09-20.18:20:50::SCWPlatform::DSA directory C:/Xilinx/ECE520/02-AXI_GPIO/axi_gpio_ext_jp/axi_gpio_ext_vitis/axi_gpio_ext_platform/hw
TRACE::2026-09-20.18:20:50::SCWPlatform:: Platform Path C:/Xilinx/ECE520/02-AXI_GPIO/axi_gpio_ext_jp/axi_gpio_ext_vitis/axi_gpio_ext_platform/hw/axi_gpio_ext_jp_wrapper.xsa
TRACE::2026-09-20.18:20:50::SCWPlatform:: Unique name xilinx:zybo-z7-10::0.0
TRACE::2026-09-20.18:20:50::SCWPlatform::Trying to set the existing hwdb with name axi_gpio_ext_jp_wrapper_0
TRACE::2026-09-20.18:20:50::SCWPlatform::Opened existing hwdb axi_gpio_ext_jp_wrapper_0
TRACE::2026-09-20.18:20:50::SCWPlatform::Found the Hw Db part of the input DSA
TRACE::2026-09-20.18:20:50::SCWMssOS::Checking the sw design at  C:/Xilinx/ECE520/02-AXI_GPIO/axi_gpio_ext_jp/axi_gpio_ext_vitis/axi_gpio_ext_platform/zynq_fsbl/zynq_fsbl_bsp/system.mss
TRACE::2026-09-20.18:20:50::SCWMssOS::DEBUG:  swdes dump  C:/Xilinx/ECE520/02-AXI_GPIO/axi_gpio_ext_jp/axi_gpio_ext_vitis/axi_gpio_ext_platform/ps7_cortexa9_0/standalone_domain/bsp/system.mss|system_0||
C:/Xilinx/ECE520/02-AXI_GPIO/axi_gpio_ext_jp/axi_gpio_ext_vitis/axi_gpio_ext_platform/zynq_fsbl/zynq_fsbl_bsp/system.mss|system||

TRACE::2026-09-20.18:20:50::SCWMssOS::Sw design exists and opened at  C:/Xilinx/ECE520/02-AXI_GPIO/axi_gpio_ext_jp/axi_gpio_ext_vitis/axi_gpio_ext_platform/zynq_fsbl/zynq_fsbl_bsp/system.mss
TRACE::2026-09-20.18:20:50::SCWPlatform::Trying to open the hw design at C:/Xilinx/ECE520/02-AXI_GPIO/axi_gpio_ext_jp/axi_gpio_ext_vitis/axi_gpio_ext_platform/hw/axi_gpio_ext_jp_wrapper.xsa
TRACE::2026-09-20.18:20:50::SCWPlatform::DSA given C:/Xilinx/ECE520/02-AXI_GPIO/axi_gpio_ext_jp/axi_gpio_ext_vitis/axi_gpio_ext_platform/hw/axi_gpio_ext_jp_wrapper.xsa
TRACE::2026-09-20.18:20:50::SCWPlatform::DSA absoulate path C:/Xilinx/ECE520/02-AXI_GPIO/axi_gpio_ext_jp/axi_gpio_ext_vitis/axi_gpio_ext_platform/hw/axi_gpio_ext_jp_wrapper.xsa
TRACE::2026-09-20.18:20:50::SCWPlatform::DSA directory C:/Xilinx/ECE520/02-AXI_GPIO/axi_gpio_ext_jp/axi_gpio_ext_vitis/axi_gpio_ext_platform/hw
TRACE::2026-09-20.18:20:50::SCWPlatform:: Platform Path C:/Xilinx/ECE520/02-AXI_GPIO/axi_gpio_ext_jp/axi_gpio_ext_vitis/axi_gpio_ext_platform/hw/axi_gpio_ext_jp_wrapper.xsa
TRACE::2026-09-20.18:20:50::SCWPlatform:: Unique name xilinx:zybo-z7-10::0.0
TRACE::2026-09-20.18:20:50::SCWPlatform::Trying to set the existing hwdb with name axi_gpio_ext_jp_wrapper_0
TRACE::2026-09-20.18:20:50::SCWPlatform::Opened existing hwdb axi_gpio_ext_jp_wrapper_0
TRACE::2026-09-20.18:20:50::SCWPlatform::Found the Hw Db part of the input DSA
TRACE::2026-09-20.18:20:50::SCWMssOS::Checking the sw design at  C:/Xilinx/ECE520/02-AXI_GPIO/axi_gpio_ext_jp/axi_gpio_ext_vitis/axi_gpio_ext_platform/ps7_cortexa9_0/standalone_domain/bsp/system.mss
TRACE::2026-09-20.18:20:50::SCWMssOS::DEBUG:  swdes dump  C:/Xilinx/ECE520/02-AXI_GPIO/axi_gpio_ext_jp/axi_gpio_ext_vitis/axi_gpio_ext_platform/ps7_cortexa9_0/standalone_domain/bsp/system.mss|system_0||
C:/Xilinx/ECE520/02-AXI_GPIO/axi_gpio_ext_jp/axi_gpio_ext_vitis/axi_gpio_ext_platform/zynq_fsbl/zynq_fsbl_bsp/system.mss|system||

TRACE::2026-09-20.18:20:50::SCWMssOS::Sw design exists and opened at  C:/Xilinx/ECE520/02-AXI_GPIO/axi_gpio_ext_jp/axi_gpio_ext_vitis/axi_gpio_ext_platform/ps7_cortexa9_0/standalone_domain/bsp/system.mss
TRACE::2026-09-20.18:20:50::SCWPlatform::Trying to open the hw design at C:/Xilinx/ECE520/02-AXI_GPIO/axi_gpio_ext_jp/axi_gpio_ext_vitis/axi_gpio_ext_platform/hw/axi_gpio_ext_jp_wrapper.xsa
TRACE::2026-09-20.18:20:50::SCWPlatform::DSA given C:/Xilinx/ECE520/02-AXI_GPIO/axi_gpio_ext_jp/axi_gpio_ext_vitis/axi_gpio_ext_platform/hw/axi_gpio_ext_jp_wrapper.xsa
TRACE::2026-09-20.18:20:50::SCWPlatform::DSA absoulate path C:/Xilinx/ECE520/02-AXI_GPIO/axi_gpio_ext_jp/axi_gpio_ext_vitis/axi_gpio_ext_platform/hw/axi_gpio_ext_jp_wrapper.xsa
TRACE::2026-09-20.18:20:50::SCWPlatform::DSA directory C:/Xilinx/ECE520/02-AXI_GPIO/axi_gpio_ext_jp/axi_gpio_ext_vitis/axi_gpio_ext_platform/hw
TRACE::2026-09-20.18:20:50::SCWPlatform:: Platform Path C:/Xilinx/ECE520/02-AXI_GPIO/axi_gpio_ext_jp/axi_gpio_ext_vitis/axi_gpio_ext_platform/hw/axi_gpio_ext_jp_wrapper.xsa
TRACE::2026-09-20.18:20:50::SCWPlatform:: Unique name xilinx:zybo-z7-10::0.0
TRACE::2026-09-20.18:20:50::SCWPlatform::Trying to set the existing hwdb with name axi_gpio_ext_jp_wrapper_0
TRACE::2026-09-20.18:20:50::SCWPlatform::Opened existing hwdb axi_gpio_ext_jp_wrapper_0
TRACE::2026-09-20.18:20:50::SCWPlatform::Found the Hw Db part of the input DSA
TRACE::2026-09-20.18:20:50::SCWMssOS::Checking the sw design at  C:/Xilinx/ECE520/02-AXI_GPIO/axi_gpio_ext_jp/axi_gpio_ext_vitis/axi_gpio_ext_platform/ps7_cortexa9_0/standalone_domain/bsp/system.mss
TRACE::2026-09-20.18:20:50::SCWMssOS::DEBUG:  swdes dump  C:/Xilinx/ECE520/02-AXI_GPIO/axi_gpio_ext_jp/axi_gpio_ext_vitis/axi_gpio_ext_platform/ps7_cortexa9_0/standalone_domain/bsp/system.mss|system_0||
C:/Xilinx/ECE520/02-AXI_GPIO/axi_gpio_ext_jp/axi_gpio_ext_vitis/axi_gpio_ext_platform/zynq_fsbl/zynq_fsbl_bsp/system.mss|system||

TRACE::2026-09-20.18:20:50::SCWMssOS::Sw design exists and opened at  C:/Xilinx/ECE520/02-AXI_GPIO/axi_gpio_ext_jp/axi_gpio_ext_vitis/axi_gpio_ext_platform/ps7_cortexa9_0/standalone_domain/bsp/system.mss
TRACE::2026-09-20.18:20:50::SCWPlatform::Trying to open the hw design at C:/Xilinx/ECE520/02-AXI_GPIO/axi_gpio_ext_jp/axi_gpio_ext_vitis/axi_gpio_ext_platform/hw/axi_gpio_ext_jp_wrapper.xsa
TRACE::2026-09-20.18:20:50::SCWPlatform::DSA given C:/Xilinx/ECE520/02-AXI_GPIO/axi_gpio_ext_jp/axi_gpio_ext_vitis/axi_gpio_ext_platform/hw/axi_gpio_ext_jp_wrapper.xsa
TRACE::2026-09-20.18:20:50::SCWPlatform::DSA absoulate path C:/Xilinx/ECE520/02-AXI_GPIO/axi_gpio_ext_jp/axi_gpio_ext_vitis/axi_gpio_ext_platform/hw/axi_gpio_ext_jp_wrapper.xsa
TRACE::2026-09-20.18:20:50::SCWPlatform::DSA directory C:/Xilinx/ECE520/02-AXI_GPIO/axi_gpio_ext_jp/axi_gpio_ext_vitis/axi_gpio_ext_platform/hw
TRACE::2026-09-20.18:20:50::SCWPlatform:: Platform Path C:/Xilinx/ECE520/02-AXI_GPIO/axi_gpio_ext_jp/axi_gpio_ext_vitis/axi_gpio_ext_platform/hw/axi_gpio_ext_jp_wrapper.xsa
TRACE::2026-09-20.18:20:50::SCWPlatform:: Unique name xilinx:zybo-z7-10::0.0
TRACE::2026-09-20.18:20:50::SCWPlatform::Trying to set the existing hwdb with name axi_gpio_ext_jp_wrapper_0
TRACE::2026-09-20.18:20:50::SCWPlatform::Opened existing hwdb axi_gpio_ext_jp_wrapper_0
TRACE::2026-09-20.18:20:50::SCWPlatform::Found the Hw Db part of the input DSA
TRACE::2026-09-20.18:20:50::SCWMssOS::Checking the sw design at  C:/Xilinx/ECE520/02-AXI_GPIO/axi_gpio_ext_jp/axi_gpio_ext_vitis/axi_gpio_ext_platform/ps7_cortexa9_0/standalone_domain/bsp/system.mss
TRACE::2026-09-20.18:20:50::SCWMssOS::DEBUG:  swdes dump  C:/Xilinx/ECE520/02-AXI_GPIO/axi_gpio_ext_jp/axi_gpio_ext_vitis/axi_gpio_ext_platform/ps7_cortexa9_0/standalone_domain/bsp/system.mss|system_0||
C:/Xilinx/ECE520/02-AXI_GPIO/axi_gpio_ext_jp/axi_gpio_ext_vitis/axi_gpio_ext_platform/zynq_fsbl/zynq_fsbl_bsp/system.mss|system||

TRACE::2026-09-20.18:20:50::SCWMssOS::Sw design exists and opened at  C:/Xilinx/ECE520/02-AXI_GPIO/axi_gpio_ext_jp/axi_gpio_ext_vitis/axi_gpio_ext_platform/ps7_cortexa9_0/standalone_domain/bsp/system.mss
TRACE::2026-09-20.18:20:50::SCWWriter::formatted JSON is {
	"platformName":	"axi_gpio_ext_platform",
	"sprVersion":	"2.0",
	"mode":	"gui",
	"dsaType":	"Fixed",
	"platformDesc":	"axi_gpio_ext_platform",
	"platHandOff":	"C:/Xilinx/ECE520/02-AXI_GPIO/axi_gpio_ext_jp/axi_gpio_ext_jp_wrapper.xsa",
	"platIntHandOff":	"<platformDir>/hw/axi_gpio_ext_jp_wrapper.xsa",
	"deviceType":	"zynq",
	"platIsPrebuiltAutogen":	"false",
	"platIsNoBootBsp":	"false",
	"platFsblTarget":	"ps7_cortexa9_0",
	"hasFsblMakeHasChanges":	"false",
	"hasPmufwMakeHasChanges":	"false",
	"fsblExtraCompilerFlags":	"-MMD -MP       -mcpu=cortex-a9 -mfpu=vfpv3 -mfloat-abi=hard ",
	"platPreBuiltFlag":	false,
	"platformSamplesDir":	"",
	"platActiveSys":	"axi_gpio_ext_platform",
	"systems":	[{
			"systemName":	"axi_gpio_ext_platform",
			"systemDesc":	"axi_gpio_ext_platform",
			"sysIsBootAutoGen":	"true",
			"systemDispName":	"axi_gpio_ext_platform",
			"sysActiveDom":	"standalone_domain",
			"sysDefaultDom":	"standalone_domain",
			"domains":	[{
					"domainName":	"zynq_fsbl",
					"domainDispName":	"zynq_fsbl",
					"domainDesc":	"FSBL Application BSP - Auto Generated.",
					"processors":	"ps7_cortexa9_0",
					"os":	"standalone",
					"sdxOs":	"standalone",
					"debugEnable":	"",
					"domRuntimes":	["cpp"],
					"swRepo":	"",
					"mssOsVer":	"8.1",
					"mssFile":	"",
					"md5Digest":	"65693ccea2e90031f2dc4733d5bd991b",
					"compatibleApp":	"zynq_fsbl",
					"domType":	"bootDomain",
					"arch":	"32-bit",
					"appSettings":	{
						"appCompilerFlags":	"",
						"appLinkerFlags":	""
					},
					"addedLibs":	["xilffs:5.0", "xilrsa:1.6"],
					"libOptions":	{
						"libsContainingOptions":	[]
					},
					"prebuiltLibs":	{
						"prebuiltIncPath":	[],
						"prebuiltLibPath":	[]
					},
					"isolation":	{
					}
				}, {
					"domainName":	"standalone_domain",
					"domainDispName":	"standalone_domain",
					"domainDesc":	"standalone_domain",
					"processors":	"ps7_cortexa9_0",
					"os":	"standalone",
					"sdxOs":	"standalone",
					"qemuArgs":	"<platformDir>/resources/axi_gpio_ext_platform/standalone_domain/qemu_args.txt",
					"qemuData":	"<platformDir>/resources/axi_gpio_ext_platform/standalone_domain/qemu",
					"debugEnable":	"False",
					"domRuntimes":	["cpp"],
					"swRepo":	"",
					"mssOsVer":	"8.1",
					"mssFile":	"",
					"md5Digest":	"a82e1019665bce3dce07707172bb4370",
					"compatibleApp":	"",
					"domType":	"mssDomain",
					"appSettings":	{
						"appCompilerFlags":	"",
						"appLinkerFlags":	""
					},
					"addedLibs":	[],
					"libOptions":	{
						"libsContainingOptions":	[]
					},
					"prebuiltLibs":	{
						"prebuiltIncPath":	[],
						"prebuiltLibPath":	[]
					},
					"isolation":	{
					}
				}]
		}]
}
KEYINFO::2026-09-20.18:20:50::SCWPlatform::updated the xpfm file.
TRACE::2026-09-20.18:20:50::SCWPlatform::Trying to open the hw design at C:/Xilinx/ECE520/02-AXI_GPIO/axi_gpio_ext_jp/axi_gpio_ext_vitis/axi_gpio_ext_platform/hw/axi_gpio_ext_jp_wrapper.xsa
TRACE::2026-09-20.18:20:50::SCWPlatform::DSA given C:/Xilinx/ECE520/02-AXI_GPIO/axi_gpio_ext_jp/axi_gpio_ext_vitis/axi_gpio_ext_platform/hw/axi_gpio_ext_jp_wrapper.xsa
TRACE::2026-09-20.18:20:50::SCWPlatform::DSA absoulate path C:/Xilinx/ECE520/02-AXI_GPIO/axi_gpio_ext_jp/axi_gpio_ext_vitis/axi_gpio_ext_platform/hw/axi_gpio_ext_jp_wrapper.xsa
TRACE::2026-09-20.18:20:50::SCWPlatform::DSA directory C:/Xilinx/ECE520/02-AXI_GPIO/axi_gpio_ext_jp/axi_gpio_ext_vitis/axi_gpio_ext_platform/hw
TRACE::2026-09-20.18:20:50::SCWPlatform:: Platform Path C:/Xilinx/ECE520/02-AXI_GPIO/axi_gpio_ext_jp/axi_gpio_ext_vitis/axi_gpio_ext_platform/hw/axi_gpio_ext_jp_wrapper.xsa
TRACE::2026-09-20.18:20:50::SCWPlatform:: Unique name xilinx:zybo-z7-10::0.0
TRACE::2026-09-20.18:20:50::SCWPlatform::Trying to set the existing hwdb with name axi_gpio_ext_jp_wrapper_0
TRACE::2026-09-20.18:20:50::SCWPlatform::Opened existing hwdb axi_gpio_ext_jp_wrapper_0
TRACE::2026-09-20.18:20:50::SCWPlatform::Found the Hw Db part of the input DSA
TRACE::2026-09-20.18:20:50::SCWMssOS::Checking the sw design at  C:/Xilinx/ECE520/02-AXI_GPIO/axi_gpio_ext_jp/axi_gpio_ext_vitis/axi_gpio_ext_platform/ps7_cortexa9_0/standalone_domain/bsp/system.mss
TRACE::2026-09-20.18:20:50::SCWMssOS::DEBUG:  swdes dump  C:/Xilinx/ECE520/02-AXI_GPIO/axi_gpio_ext_jp/axi_gpio_ext_vitis/axi_gpio_ext_platform/ps7_cortexa9_0/standalone_domain/bsp/system.mss|system_0||
C:/Xilinx/ECE520/02-AXI_GPIO/axi_gpio_ext_jp/axi_gpio_ext_vitis/axi_gpio_ext_platform/zynq_fsbl/zynq_fsbl_bsp/system.mss|system||

TRACE::2026-09-20.18:20:50::SCWMssOS::Sw design exists and opened at  C:/Xilinx/ECE520/02-AXI_GPIO/axi_gpio_ext_jp/axi_gpio_ext_vitis/axi_gpio_ext_platform/ps7_cortexa9_0/standalone_domain/bsp/system.mss
TRACE::2026-09-20.18:20:50::SCWMssOS::Saving the mss changes C:/Xilinx/ECE520/02-AXI_GPIO/axi_gpio_ext_jp/axi_gpio_ext_vitis/axi_gpio_ext_platform/zynq_fsbl/zynq_fsbl_bsp/system.mss
TRACE::2026-09-20.18:20:50::SCWMssOS::Found a swdesign opened with the mssfile.
TRACE::2026-09-20.18:20:50::SCWMssOS::Completed writemss as part of save.
TRACE::2026-09-20.18:20:50::SCWMssOS::Commit changes completed.
TRACE::2026-09-20.18:20:50::SCWMssOS::Saving the mss changes C:/Xilinx/ECE520/02-AXI_GPIO/axi_gpio_ext_jp/axi_gpio_ext_vitis/axi_gpio_ext_platform/ps7_cortexa9_0/standalone_domain/bsp/system.mss
TRACE::2026-09-20.18:20:50::SCWMssOS::Found a swdesign opened with the mssfile.
TRACE::2026-09-20.18:20:50::SCWMssOS::Completed writemss as part of save.
TRACE::2026-09-20.18:20:50::SCWMssOS::Commit changes completed.
TRACE::2026-09-20.18:20:50::SCWPlatform::Trying to open the hw design at C:/Xilinx/ECE520/02-AXI_GPIO/axi_gpio_ext_jp/axi_gpio_ext_vitis/axi_gpio_ext_platform/hw/axi_gpio_ext_jp_wrapper.xsa
TRACE::2026-09-20.18:20:50::SCWPlatform::DSA given C:/Xilinx/ECE520/02-AXI_GPIO/axi_gpio_ext_jp/axi_gpio_ext_vitis/axi_gpio_ext_platform/hw/axi_gpio_ext_jp_wrapper.xsa
TRACE::2026-09-20.18:20:50::SCWPlatform::DSA absoulate path C:/Xilinx/ECE520/02-AXI_GPIO/axi_gpio_ext_jp/axi_gpio_ext_vitis/axi_gpio_ext_platform/hw/axi_gpio_ext_jp_wrapper.xsa
TRACE::2026-09-20.18:20:50::SCWPlatform::DSA directory C:/Xilinx/ECE520/02-AXI_GPIO/axi_gpio_ext_jp/axi_gpio_ext_vitis/axi_gpio_ext_platform/hw
TRACE::2026-09-20.18:20:50::SCWPlatform:: Platform Path C:/Xilinx/ECE520/02-AXI_GPIO/axi_gpio_ext_jp/axi_gpio_ext_vitis/axi_gpio_ext_platform/hw/axi_gpio_ext_jp_wrapper.xsa
TRACE::2026-09-20.18:20:50::SCWPlatform:: Unique name xilinx:zybo-z7-10::0.0
TRACE::2026-09-20.18:20:50::SCWPlatform::Trying to set the existing hwdb with name axi_gpio_ext_jp_wrapper_0
TRACE::2026-09-20.18:20:50::SCWPlatform::Opened existing hwdb axi_gpio_ext_jp_wrapper_0
TRACE::2026-09-20.18:20:50::SCWPlatform::Found the Hw Db part of the input DSA
TRACE::2026-09-20.18:20:50::SCWMssOS::Checking the sw design at  C:/Xilinx/ECE520/02-AXI_GPIO/axi_gpio_ext_jp/axi_gpio_ext_vitis/axi_gpio_ext_platform/zynq_fsbl/zynq_fsbl_bsp/system.mss
TRACE::2026-09-20.18:20:50::SCWMssOS::DEBUG:  swdes dump  C:/Xilinx/ECE520/02-AXI_GPIO/axi_gpio_ext_jp/axi_gpio_ext_vitis/axi_gpio_ext_platform/ps7_cortexa9_0/standalone_domain/bsp/system.mss|system_0||
C:/Xilinx/ECE520/02-AXI_GPIO/axi_gpio_ext_jp/axi_gpio_ext_vitis/axi_gpio_ext_platform/zynq_fsbl/zynq_fsbl_bsp/system.mss|system||

TRACE::2026-09-20.18:20:50::SCWMssOS::Sw design exists and opened at  C:/Xilinx/ECE520/02-AXI_GPIO/axi_gpio_ext_jp/axi_gpio_ext_vitis/axi_gpio_ext_platform/zynq_fsbl/zynq_fsbl_bsp/system.mss
TRACE::2026-09-20.18:20:50::SCWPlatform::Trying to open the hw design at C:/Xilinx/ECE520/02-AXI_GPIO/axi_gpio_ext_jp/axi_gpio_ext_vitis/axi_gpio_ext_platform/hw/axi_gpio_ext_jp_wrapper.xsa
TRACE::2026-09-20.18:20:50::SCWPlatform::DSA given C:/Xilinx/ECE520/02-AXI_GPIO/axi_gpio_ext_jp/axi_gpio_ext_vitis/axi_gpio_ext_platform/hw/axi_gpio_ext_jp_wrapper.xsa
TRACE::2026-09-20.18:20:50::SCWPlatform::DSA absoulate path C:/Xilinx/ECE520/02-AXI_GPIO/axi_gpio_ext_jp/axi_gpio_ext_vitis/axi_gpio_ext_platform/hw/axi_gpio_ext_jp_wrapper.xsa
TRACE::2026-09-20.18:20:50::SCWPlatform::DSA directory C:/Xilinx/ECE520/02-AXI_GPIO/axi_gpio_ext_jp/axi_gpio_ext_vitis/axi_gpio_ext_platform/hw
TRACE::2026-09-20.18:20:50::SCWPlatform:: Platform Path C:/Xilinx/ECE520/02-AXI_GPIO/axi_gpio_ext_jp/axi_gpio_ext_vitis/axi_gpio_ext_platform/hw/axi_gpio_ext_jp_wrapper.xsa
TRACE::2026-09-20.18:20:50::SCWPlatform:: Unique name xilinx:zybo-z7-10::0.0
TRACE::2026-09-20.18:20:50::SCWPlatform::Trying to set the existing hwdb with name axi_gpio_ext_jp_wrapper_0
TRACE::2026-09-20.18:20:50::SCWPlatform::Opened existing hwdb axi_gpio_ext_jp_wrapper_0
TRACE::2026-09-20.18:20:50::SCWPlatform::Found the Hw Db part of the input DSA
TRACE::2026-09-20.18:20:50::SCWMssOS::Checking the sw design at  C:/Xilinx/ECE520/02-AXI_GPIO/axi_gpio_ext_jp/axi_gpio_ext_vitis/axi_gpio_ext_platform/zynq_fsbl/zynq_fsbl_bsp/system.mss
TRACE::2026-09-20.18:20:50::SCWMssOS::DEBUG:  swdes dump  C:/Xilinx/ECE520/02-AXI_GPIO/axi_gpio_ext_jp/axi_gpio_ext_vitis/axi_gpio_ext_platform/ps7_cortexa9_0/standalone_domain/bsp/system.mss|system_0||
C:/Xilinx/ECE520/02-AXI_GPIO/axi_gpio_ext_jp/axi_gpio_ext_vitis/axi_gpio_ext_platform/zynq_fsbl/zynq_fsbl_bsp/system.mss|system||

TRACE::2026-09-20.18:20:50::SCWMssOS::Sw design exists and opened at  C:/Xilinx/ECE520/02-AXI_GPIO/axi_gpio_ext_jp/axi_gpio_ext_vitis/axi_gpio_ext_platform/zynq_fsbl/zynq_fsbl_bsp/system.mss
TRACE::2026-09-20.18:20:50::SCWPlatform::Trying to open the hw design at C:/Xilinx/ECE520/02-AXI_GPIO/axi_gpio_ext_jp/axi_gpio_ext_vitis/axi_gpio_ext_platform/hw/axi_gpio_ext_jp_wrapper.xsa
TRACE::2026-09-20.18:20:50::SCWPlatform::DSA given C:/Xilinx/ECE520/02-AXI_GPIO/axi_gpio_ext_jp/axi_gpio_ext_vitis/axi_gpio_ext_platform/hw/axi_gpio_ext_jp_wrapper.xsa
TRACE::2026-09-20.18:20:50::SCWPlatform::DSA absoulate path C:/Xilinx/ECE520/02-AXI_GPIO/axi_gpio_ext_jp/axi_gpio_ext_vitis/axi_gpio_ext_platform/hw/axi_gpio_ext_jp_wrapper.xsa
TRACE::2026-09-20.18:20:50::SCWPlatform::DSA directory C:/Xilinx/ECE520/02-AXI_GPIO/axi_gpio_ext_jp/axi_gpio_ext_vitis/axi_gpio_ext_platform/hw
TRACE::2026-09-20.18:20:50::SCWPlatform:: Platform Path C:/Xilinx/ECE520/02-AXI_GPIO/axi_gpio_ext_jp/axi_gpio_ext_vitis/axi_gpio_ext_platform/hw/axi_gpio_ext_jp_wrapper.xsa
TRACE::2026-09-20.18:20:50::SCWPlatform:: Unique name xilinx:zybo-z7-10::0.0
TRACE::2026-09-20.18:20:50::SCWPlatform::Trying to set the existing hwdb with name axi_gpio_ext_jp_wrapper_0
TRACE::2026-09-20.18:20:50::SCWPlatform::Opened existing hwdb axi_gpio_ext_jp_wrapper_0
TRACE::2026-09-20.18:20:50::SCWPlatform::Found the Hw Db part of the input DSA
TRACE::2026-09-20.18:20:50::SCWMssOS::Checking the sw design at  C:/Xilinx/ECE520/02-AXI_GPIO/axi_gpio_ext_jp/axi_gpio_ext_vitis/axi_gpio_ext_platform/zynq_fsbl/zynq_fsbl_bsp/system.mss
TRACE::2026-09-20.18:20:50::SCWMssOS::DEBUG:  swdes dump  C:/Xilinx/ECE520/02-AXI_GPIO/axi_gpio_ext_jp/axi_gpio_ext_vitis/axi_gpio_ext_platform/ps7_cortexa9_0/standalone_domain/bsp/system.mss|system_0||
C:/Xilinx/ECE520/02-AXI_GPIO/axi_gpio_ext_jp/axi_gpio_ext_vitis/axi_gpio_ext_platform/zynq_fsbl/zynq_fsbl_bsp/system.mss|system||

TRACE::2026-09-20.18:20:50::SCWMssOS::Sw design exists and opened at  C:/Xilinx/ECE520/02-AXI_GPIO/axi_gpio_ext_jp/axi_gpio_ext_vitis/axi_gpio_ext_platform/zynq_fsbl/zynq_fsbl_bsp/system.mss
TRACE::2026-09-20.18:20:50::SCWPlatform::Trying to open the hw design at C:/Xilinx/ECE520/02-AXI_GPIO/axi_gpio_ext_jp/axi_gpio_ext_vitis/axi_gpio_ext_platform/hw/axi_gpio_ext_jp_wrapper.xsa
TRACE::2026-09-20.18:20:50::SCWPlatform::DSA given C:/Xilinx/ECE520/02-AXI_GPIO/axi_gpio_ext_jp/axi_gpio_ext_vitis/axi_gpio_ext_platform/hw/axi_gpio_ext_jp_wrapper.xsa
TRACE::2026-09-20.18:20:50::SCWPlatform::DSA absoulate path C:/Xilinx/ECE520/02-AXI_GPIO/axi_gpio_ext_jp/axi_gpio_ext_vitis/axi_gpio_ext_platform/hw/axi_gpio_ext_jp_wrapper.xsa
TRACE::2026-09-20.18:20:50::SCWPlatform::DSA directory C:/Xilinx/ECE520/02-AXI_GPIO/axi_gpio_ext_jp/axi_gpio_ext_vitis/axi_gpio_ext_platform/hw
TRACE::2026-09-20.18:20:50::SCWPlatform:: Platform Path C:/Xilinx/ECE520/02-AXI_GPIO/axi_gpio_ext_jp/axi_gpio_ext_vitis/axi_gpio_ext_platform/hw/axi_gpio_ext_jp_wrapper.xsa
TRACE::2026-09-20.18:20:50::SCWPlatform:: Unique name xilinx:zybo-z7-10::0.0
TRACE::2026-09-20.18:20:50::SCWPlatform::Trying to set the existing hwdb with name axi_gpio_ext_jp_wrapper_0
TRACE::2026-09-20.18:20:50::SCWPlatform::Opened existing hwdb axi_gpio_ext_jp_wrapper_0
TRACE::2026-09-20.18:20:50::SCWPlatform::Found the Hw Db part of the input DSA
TRACE::2026-09-20.18:20:50::SCWMssOS::Checking the sw design at  C:/Xilinx/ECE520/02-AXI_GPIO/axi_gpio_ext_jp/axi_gpio_ext_vitis/axi_gpio_ext_platform/ps7_cortexa9_0/standalone_domain/bsp/system.mss
TRACE::2026-09-20.18:20:50::SCWMssOS::DEBUG:  swdes dump  C:/Xilinx/ECE520/02-AXI_GPIO/axi_gpio_ext_jp/axi_gpio_ext_vitis/axi_gpio_ext_platform/ps7_cortexa9_0/standalone_domain/bsp/system.mss|system_0||
C:/Xilinx/ECE520/02-AXI_GPIO/axi_gpio_ext_jp/axi_gpio_ext_vitis/axi_gpio_ext_platform/zynq_fsbl/zynq_fsbl_bsp/system.mss|system||

TRACE::2026-09-20.18:20:50::SCWMssOS::Sw design exists and opened at  C:/Xilinx/ECE520/02-AXI_GPIO/axi_gpio_ext_jp/axi_gpio_ext_vitis/axi_gpio_ext_platform/ps7_cortexa9_0/standalone_domain/bsp/system.mss
TRACE::2026-09-20.18:20:50::SCWPlatform::Trying to open the hw design at C:/Xilinx/ECE520/02-AXI_GPIO/axi_gpio_ext_jp/axi_gpio_ext_vitis/axi_gpio_ext_platform/hw/axi_gpio_ext_jp_wrapper.xsa
TRACE::2026-09-20.18:20:50::SCWPlatform::DSA given C:/Xilinx/ECE520/02-AXI_GPIO/axi_gpio_ext_jp/axi_gpio_ext_vitis/axi_gpio_ext_platform/hw/axi_gpio_ext_jp_wrapper.xsa
TRACE::2026-09-20.18:20:50::SCWPlatform::DSA absoulate path C:/Xilinx/ECE520/02-AXI_GPIO/axi_gpio_ext_jp/axi_gpio_ext_vitis/axi_gpio_ext_platform/hw/axi_gpio_ext_jp_wrapper.xsa
TRACE::2026-09-20.18:20:50::SCWPlatform::DSA directory C:/Xilinx/ECE520/02-AXI_GPIO/axi_gpio_ext_jp/axi_gpio_ext_vitis/axi_gpio_ext_platform/hw
TRACE::2026-09-20.18:20:50::SCWPlatform:: Platform Path C:/Xilinx/ECE520/02-AXI_GPIO/axi_gpio_ext_jp/axi_gpio_ext_vitis/axi_gpio_ext_platform/hw/axi_gpio_ext_jp_wrapper.xsa
TRACE::2026-09-20.18:20:50::SCWPlatform:: Unique name xilinx:zybo-z7-10::0.0
TRACE::2026-09-20.18:20:50::SCWPlatform::Trying to set the existing hwdb with name axi_gpio_ext_jp_wrapper_0
TRACE::2026-09-20.18:20:50::SCWPlatform::Opened existing hwdb axi_gpio_ext_jp_wrapper_0
TRACE::2026-09-20.18:20:50::SCWPlatform::Found the Hw Db part of the input DSA
TRACE::2026-09-20.18:20:50::SCWMssOS::Checking the sw design at  C:/Xilinx/ECE520/02-AXI_GPIO/axi_gpio_ext_jp/axi_gpio_ext_vitis/axi_gpio_ext_platform/ps7_cortexa9_0/standalone_domain/bsp/system.mss
TRACE::2026-09-20.18:20:50::SCWMssOS::DEBUG:  swdes dump  C:/Xilinx/ECE520/02-AXI_GPIO/axi_gpio_ext_jp/axi_gpio_ext_vitis/axi_gpio_ext_platform/ps7_cortexa9_0/standalone_domain/bsp/system.mss|system_0||
C:/Xilinx/ECE520/02-AXI_GPIO/axi_gpio_ext_jp/axi_gpio_ext_vitis/axi_gpio_ext_platform/zynq_fsbl/zynq_fsbl_bsp/system.mss|system||

TRACE::2026-09-20.18:20:50::SCWMssOS::Sw design exists and opened at  C:/Xilinx/ECE520/02-AXI_GPIO/axi_gpio_ext_jp/axi_gpio_ext_vitis/axi_gpio_ext_platform/ps7_cortexa9_0/standalone_domain/bsp/system.mss
TRACE::2026-09-20.18:20:50::SCWPlatform::Trying to open the hw design at C:/Xilinx/ECE520/02-AXI_GPIO/axi_gpio_ext_jp/axi_gpio_ext_vitis/axi_gpio_ext_platform/hw/axi_gpio_ext_jp_wrapper.xsa
TRACE::2026-09-20.18:20:50::SCWPlatform::DSA given C:/Xilinx/ECE520/02-AXI_GPIO/axi_gpio_ext_jp/axi_gpio_ext_vitis/axi_gpio_ext_platform/hw/axi_gpio_ext_jp_wrapper.xsa
TRACE::2026-09-20.18:20:50::SCWPlatform::DSA absoulate path C:/Xilinx/ECE520/02-AXI_GPIO/axi_gpio_ext_jp/axi_gpio_ext_vitis/axi_gpio_ext_platform/hw/axi_gpio_ext_jp_wrapper.xsa
TRACE::2026-09-20.18:20:50::SCWPlatform::DSA directory C:/Xilinx/ECE520/02-AXI_GPIO/axi_gpio_ext_jp/axi_gpio_ext_vitis/axi_gpio_ext_platform/hw
TRACE::2026-09-20.18:20:50::SCWPlatform:: Platform Path C:/Xilinx/ECE520/02-AXI_GPIO/axi_gpio_ext_jp/axi_gpio_ext_vitis/axi_gpio_ext_platform/hw/axi_gpio_ext_jp_wrapper.xsa
TRACE::2026-09-20.18:20:50::SCWPlatform:: Unique name xilinx:zybo-z7-10::0.0
TRACE::2026-09-20.18:20:50::SCWPlatform::Trying to set the existing hwdb with name axi_gpio_ext_jp_wrapper_0
TRACE::2026-09-20.18:20:50::SCWPlatform::Opened existing hwdb axi_gpio_ext_jp_wrapper_0
TRACE::2026-09-20.18:20:50::SCWPlatform::Found the Hw Db part of the input DSA
TRACE::2026-09-20.18:20:50::SCWMssOS::Checking the sw design at  C:/Xilinx/ECE520/02-AXI_GPIO/axi_gpio_ext_jp/axi_gpio_ext_vitis/axi_gpio_ext_platform/ps7_cortexa9_0/standalone_domain/bsp/system.mss
TRACE::2026-09-20.18:20:50::SCWMssOS::DEBUG:  swdes dump  C:/Xilinx/ECE520/02-AXI_GPIO/axi_gpio_ext_jp/axi_gpio_ext_vitis/axi_gpio_ext_platform/ps7_cortexa9_0/standalone_domain/bsp/system.mss|system_0||
C:/Xilinx/ECE520/02-AXI_GPIO/axi_gpio_ext_jp/axi_gpio_ext_vitis/axi_gpio_ext_platform/zynq_fsbl/zynq_fsbl_bsp/system.mss|system||

TRACE::2026-09-20.18:20:50::SCWMssOS::Sw design exists and opened at  C:/Xilinx/ECE520/02-AXI_GPIO/axi_gpio_ext_jp/axi_gpio_ext_vitis/axi_gpio_ext_platform/ps7_cortexa9_0/standalone_domain/bsp/system.mss
TRACE::2026-09-20.18:20:50::SCWWriter::formatted JSON is {
	"platformName":	"axi_gpio_ext_platform",
	"sprVersion":	"2.0",
	"mode":	"gui",
	"dsaType":	"Fixed",
	"platformDesc":	"axi_gpio_ext_platform",
	"platHandOff":	"C:/Xilinx/ECE520/02-AXI_GPIO/axi_gpio_ext_jp/axi_gpio_ext_jp_wrapper.xsa",
	"platIntHandOff":	"<platformDir>/hw/axi_gpio_ext_jp_wrapper.xsa",
	"deviceType":	"zynq",
	"platIsPrebuiltAutogen":	"false",
	"platIsNoBootBsp":	"false",
	"platFsblTarget":	"ps7_cortexa9_0",
	"hasFsblMakeHasChanges":	"false",
	"hasPmufwMakeHasChanges":	"false",
	"fsblExtraCompilerFlags":	"-MMD -MP       -mcpu=cortex-a9 -mfpu=vfpv3 -mfloat-abi=hard ",
	"platPreBuiltFlag":	false,
	"platformSamplesDir":	"",
	"platActiveSys":	"axi_gpio_ext_platform",
	"systems":	[{
			"systemName":	"axi_gpio_ext_platform",
			"systemDesc":	"axi_gpio_ext_platform",
			"sysIsBootAutoGen":	"true",
			"systemDispName":	"axi_gpio_ext_platform",
			"sysActiveDom":	"standalone_domain",
			"sysDefaultDom":	"standalone_domain",
			"domains":	[{
					"domainName":	"zynq_fsbl",
					"domainDispName":	"zynq_fsbl",
					"domainDesc":	"FSBL Application BSP - Auto Generated.",
					"processors":	"ps7_cortexa9_0",
					"os":	"standalone",
					"sdxOs":	"standalone",
					"debugEnable":	"",
					"domRuntimes":	["cpp"],
					"swRepo":	"",
					"mssOsVer":	"8.1",
					"mssFile":	"",
					"md5Digest":	"65693ccea2e90031f2dc4733d5bd991b",
					"compatibleApp":	"zynq_fsbl",
					"domType":	"bootDomain",
					"arch":	"32-bit",
					"appSettings":	{
						"appCompilerFlags":	"",
						"appLinkerFlags":	""
					},
					"addedLibs":	["xilffs:5.0", "xilrsa:1.6"],
					"libOptions":	{
						"libsContainingOptions":	[]
					},
					"prebuiltLibs":	{
						"prebuiltIncPath":	[],
						"prebuiltLibPath":	[]
					},
					"isolation":	{
					}
				}, {
					"domainName":	"standalone_domain",
					"domainDispName":	"standalone_domain",
					"domainDesc":	"standalone_domain",
					"processors":	"ps7_cortexa9_0",
					"os":	"standalone",
					"sdxOs":	"standalone",
					"qemuArgs":	"<platformDir>/resources/axi_gpio_ext_platform/standalone_domain/qemu_args.txt",
					"qemuData":	"<platformDir>/resources/axi_gpio_ext_platform/standalone_domain/qemu",
					"debugEnable":	"False",
					"domRuntimes":	["cpp"],
					"swRepo":	"",
					"mssOsVer":	"8.1",
					"mssFile":	"",
					"md5Digest":	"a82e1019665bce3dce07707172bb4370",
					"compatibleApp":	"",
					"domType":	"mssDomain",
					"appSettings":	{
						"appCompilerFlags":	"",
						"appLinkerFlags":	""
					},
					"addedLibs":	[],
					"libOptions":	{
						"libsContainingOptions":	[]
					},
					"prebuiltLibs":	{
						"prebuiltIncPath":	[],
						"prebuiltLibPath":	[]
					},
					"isolation":	{
					}
				}]
		}]
}
TRACE::2026-09-20.18:20:50::SCWPlatform::Trying to open the hw design at C:/Xilinx/ECE520/02-AXI_GPIO/axi_gpio_ext_jp/axi_gpio_ext_vitis/axi_gpio_ext_platform/hw/axi_gpio_ext_jp_wrapper.xsa
TRACE::2026-09-20.18:20:50::SCWPlatform::DSA given C:/Xilinx/ECE520/02-AXI_GPIO/axi_gpio_ext_jp/axi_gpio_ext_vitis/axi_gpio_ext_platform/hw/axi_gpio_ext_jp_wrapper.xsa
TRACE::2026-09-20.18:20:50::SCWPlatform::DSA absoulate path C:/Xilinx/ECE520/02-AXI_GPIO/axi_gpio_ext_jp/axi_gpio_ext_vitis/axi_gpio_ext_platform/hw/axi_gpio_ext_jp_wrapper.xsa
TRACE::2026-09-20.18:20:50::SCWPlatform::DSA directory C:/Xilinx/ECE520/02-AXI_GPIO/axi_gpio_ext_jp/axi_gpio_ext_vitis/axi_gpio_ext_platform/hw
TRACE::2026-09-20.18:20:50::SCWPlatform:: Platform Path C:/Xilinx/ECE520/02-AXI_GPIO/axi_gpio_ext_jp/axi_gpio_ext_vitis/axi_gpio_ext_platform/hw/axi_gpio_ext_jp_wrapper.xsa
TRACE::2026-09-20.18:20:50::SCWPlatform:: Unique name xilinx:zybo-z7-10::0.0
TRACE::2026-09-20.18:20:50::SCWPlatform::Trying to set the existing hwdb with name axi_gpio_ext_jp_wrapper_0
TRACE::2026-09-20.18:20:50::SCWPlatform::Opened existing hwdb axi_gpio_ext_jp_wrapper_0
TRACE::2026-09-20.18:20:50::SCWPlatform::Found the Hw Db part of the input DSA
TRACE::2026-09-20.18:20:50::SCWMssOS::Checking the sw design at  C:/Xilinx/ECE520/02-AXI_GPIO/axi_gpio_ext_jp/axi_gpio_ext_vitis/axi_gpio_ext_platform/ps7_cortexa9_0/standalone_domain/bsp/system.mss
TRACE::2026-09-20.18:20:50::SCWMssOS::DEBUG:  swdes dump  C:/Xilinx/ECE520/02-AXI_GPIO/axi_gpio_ext_jp/axi_gpio_ext_vitis/axi_gpio_ext_platform/ps7_cortexa9_0/standalone_domain/bsp/system.mss|system_0||
C:/Xilinx/ECE520/02-AXI_GPIO/axi_gpio_ext_jp/axi_gpio_ext_vitis/axi_gpio_ext_platform/zynq_fsbl/zynq_fsbl_bsp/system.mss|system||

TRACE::2026-09-20.18:20:50::SCWMssOS::Sw design exists and opened at  C:/Xilinx/ECE520/02-AXI_GPIO/axi_gpio_ext_jp/axi_gpio_ext_vitis/axi_gpio_ext_platform/ps7_cortexa9_0/standalone_domain/bsp/system.mss
TRACE::2026-09-20.18:20:50::SCWPlatform::Trying to open the hw design at C:/Xilinx/ECE520/02-AXI_GPIO/axi_gpio_ext_jp/axi_gpio_ext_vitis/axi_gpio_ext_platform/hw/axi_gpio_ext_jp_wrapper.xsa
TRACE::2026-09-20.18:20:50::SCWPlatform::DSA given C:/Xilinx/ECE520/02-AXI_GPIO/axi_gpio_ext_jp/axi_gpio_ext_vitis/axi_gpio_ext_platform/hw/axi_gpio_ext_jp_wrapper.xsa
TRACE::2026-09-20.18:20:50::SCWPlatform::DSA absoulate path C:/Xilinx/ECE520/02-AXI_GPIO/axi_gpio_ext_jp/axi_gpio_ext_vitis/axi_gpio_ext_platform/hw/axi_gpio_ext_jp_wrapper.xsa
TRACE::2026-09-20.18:20:50::SCWPlatform::DSA directory C:/Xilinx/ECE520/02-AXI_GPIO/axi_gpio_ext_jp/axi_gpio_ext_vitis/axi_gpio_ext_platform/hw
TRACE::2026-09-20.18:20:50::SCWPlatform:: Platform Path C:/Xilinx/ECE520/02-AXI_GPIO/axi_gpio_ext_jp/axi_gpio_ext_vitis/axi_gpio_ext_platform/hw/axi_gpio_ext_jp_wrapper.xsa
TRACE::2026-09-20.18:20:50::SCWPlatform:: Unique name xilinx:zybo-z7-10::0.0
TRACE::2026-09-20.18:20:50::SCWPlatform::Trying to set the existing hwdb with name axi_gpio_ext_jp_wrapper_0
TRACE::2026-09-20.18:20:50::SCWPlatform::Opened existing hwdb axi_gpio_ext_jp_wrapper_0
TRACE::2026-09-20.18:20:50::SCWPlatform::Found the Hw Db part of the input DSA
TRACE::2026-09-20.18:20:50::SCWMssOS::Checking the sw design at  C:/Xilinx/ECE520/02-AXI_GPIO/axi_gpio_ext_jp/axi_gpio_ext_vitis/axi_gpio_ext_platform/ps7_cortexa9_0/standalone_domain/bsp/system.mss
TRACE::2026-09-20.18:20:50::SCWMssOS::DEBUG:  swdes dump  C:/Xilinx/ECE520/02-AXI_GPIO/axi_gpio_ext_jp/axi_gpio_ext_vitis/axi_gpio_ext_platform/ps7_cortexa9_0/standalone_domain/bsp/system.mss|system_0||
C:/Xilinx/ECE520/02-AXI_GPIO/axi_gpio_ext_jp/axi_gpio_ext_vitis/axi_gpio_ext_platform/zynq_fsbl/zynq_fsbl_bsp/system.mss|system||

TRACE::2026-09-20.18:20:50::SCWMssOS::Sw design exists and opened at  C:/Xilinx/ECE520/02-AXI_GPIO/axi_gpio_ext_jp/axi_gpio_ext_vitis/axi_gpio_ext_platform/ps7_cortexa9_0/standalone_domain/bsp/system.mss
TRACE::2026-09-20.18:20:50::SCWPlatform::Trying to open the hw design at C:/Xilinx/ECE520/02-AXI_GPIO/axi_gpio_ext_jp/axi_gpio_ext_vitis/axi_gpio_ext_platform/hw/axi_gpio_ext_jp_wrapper.xsa
TRACE::2026-09-20.18:20:50::SCWPlatform::DSA given C:/Xilinx/ECE520/02-AXI_GPIO/axi_gpio_ext_jp/axi_gpio_ext_vitis/axi_gpio_ext_platform/hw/axi_gpio_ext_jp_wrapper.xsa
TRACE::2026-09-20.18:20:50::SCWPlatform::DSA absoulate path C:/Xilinx/ECE520/02-AXI_GPIO/axi_gpio_ext_jp/axi_gpio_ext_vitis/axi_gpio_ext_platform/hw/axi_gpio_ext_jp_wrapper.xsa
TRACE::2026-09-20.18:20:50::SCWPlatform::DSA directory C:/Xilinx/ECE520/02-AXI_GPIO/axi_gpio_ext_jp/axi_gpio_ext_vitis/axi_gpio_ext_platform/hw
TRACE::2026-09-20.18:20:50::SCWPlatform:: Platform Path C:/Xilinx/ECE520/02-AXI_GPIO/axi_gpio_ext_jp/axi_gpio_ext_vitis/axi_gpio_ext_platform/hw/axi_gpio_ext_jp_wrapper.xsa
TRACE::2026-09-20.18:20:50::SCWPlatform:: Unique name xilinx:zybo-z7-10::0.0
TRACE::2026-09-20.18:20:50::SCWPlatform::Trying to set the existing hwdb with name axi_gpio_ext_jp_wrapper_0
TRACE::2026-09-20.18:20:50::SCWPlatform::Opened existing hwdb axi_gpio_ext_jp_wrapper_0
TRACE::2026-09-20.18:20:50::SCWPlatform::Found the Hw Db part of the input DSA
TRACE::2026-09-20.18:20:50::SCWMssOS::Checking the sw design at  C:/Xilinx/ECE520/02-AXI_GPIO/axi_gpio_ext_jp/axi_gpio_ext_vitis/axi_gpio_ext_platform/ps7_cortexa9_0/standalone_domain/bsp/system.mss
TRACE::2026-09-20.18:20:50::SCWMssOS::DEBUG:  swdes dump  C:/Xilinx/ECE520/02-AXI_GPIO/axi_gpio_ext_jp/axi_gpio_ext_vitis/axi_gpio_ext_platform/ps7_cortexa9_0/standalone_domain/bsp/system.mss|system_0||
C:/Xilinx/ECE520/02-AXI_GPIO/axi_gpio_ext_jp/axi_gpio_ext_vitis/axi_gpio_ext_platform/zynq_fsbl/zynq_fsbl_bsp/system.mss|system||

TRACE::2026-09-20.18:20:50::SCWMssOS::Sw design exists and opened at  C:/Xilinx/ECE520/02-AXI_GPIO/axi_gpio_ext_jp/axi_gpio_ext_vitis/axi_gpio_ext_platform/ps7_cortexa9_0/standalone_domain/bsp/system.mss
TRACE::2026-09-20.18:20:50::SCWMssOS::Saving the mss changes C:/Xilinx/ECE520/02-AXI_GPIO/axi_gpio_ext_jp/axi_gpio_ext_vitis/axi_gpio_ext_platform/zynq_fsbl/zynq_fsbl_bsp/system.mss
TRACE::2026-09-20.18:20:50::SCWMssOS::Found a swdesign opened with the mssfile.
TRACE::2026-09-20.18:20:50::SCWMssOS::Completed writemss as part of save.
TRACE::2026-09-20.18:20:50::SCWMssOS::Commit changes completed.
TRACE::2026-09-20.18:20:50::SCWMssOS::Saving the mss changes C:/Xilinx/ECE520/02-AXI_GPIO/axi_gpio_ext_jp/axi_gpio_ext_vitis/axi_gpio_ext_platform/ps7_cortexa9_0/standalone_domain/bsp/system.mss
TRACE::2026-09-20.18:20:50::SCWMssOS::Found a swdesign opened with the mssfile.
TRACE::2026-09-20.18:20:50::SCWMssOS::Completed writemss as part of save.
TRACE::2026-09-20.18:20:50::SCWMssOS::Commit changes completed.
TRACE::2026-09-20.18:20:50::SCWPlatform::Trying to open the hw design at C:/Xilinx/ECE520/02-AXI_GPIO/axi_gpio_ext_jp/axi_gpio_ext_vitis/axi_gpio_ext_platform/hw/axi_gpio_ext_jp_wrapper.xsa
TRACE::2026-09-20.18:20:50::SCWPlatform::DSA given C:/Xilinx/ECE520/02-AXI_GPIO/axi_gpio_ext_jp/axi_gpio_ext_vitis/axi_gpio_ext_platform/hw/axi_gpio_ext_jp_wrapper.xsa
TRACE::2026-09-20.18:20:50::SCWPlatform::DSA absoulate path C:/Xilinx/ECE520/02-AXI_GPIO/axi_gpio_ext_jp/axi_gpio_ext_vitis/axi_gpio_ext_platform/hw/axi_gpio_ext_jp_wrapper.xsa
TRACE::2026-09-20.18:20:50::SCWPlatform::DSA directory C:/Xilinx/ECE520/02-AXI_GPIO/axi_gpio_ext_jp/axi_gpio_ext_vitis/axi_gpio_ext_platform/hw
TRACE::2026-09-20.18:20:50::SCWPlatform:: Platform Path C:/Xilinx/ECE520/02-AXI_GPIO/axi_gpio_ext_jp/axi_gpio_ext_vitis/axi_gpio_ext_platform/hw/axi_gpio_ext_jp_wrapper.xsa
TRACE::2026-09-20.18:20:50::SCWPlatform:: Unique name xilinx:zybo-z7-10::0.0
TRACE::2026-09-20.18:20:50::SCWPlatform::Trying to set the existing hwdb with name axi_gpio_ext_jp_wrapper_0
TRACE::2026-09-20.18:20:50::SCWPlatform::Opened existing hwdb axi_gpio_ext_jp_wrapper_0
TRACE::2026-09-20.18:20:50::SCWPlatform::Found the Hw Db part of the input DSA
TRACE::2026-09-20.18:20:50::SCWMssOS::Checking the sw design at  C:/Xilinx/ECE520/02-AXI_GPIO/axi_gpio_ext_jp/axi_gpio_ext_vitis/axi_gpio_ext_platform/zynq_fsbl/zynq_fsbl_bsp/system.mss
TRACE::2026-09-20.18:20:50::SCWMssOS::DEBUG:  swdes dump  C:/Xilinx/ECE520/02-AXI_GPIO/axi_gpio_ext_jp/axi_gpio_ext_vitis/axi_gpio_ext_platform/ps7_cortexa9_0/standalone_domain/bsp/system.mss|system_0||
C:/Xilinx/ECE520/02-AXI_GPIO/axi_gpio_ext_jp/axi_gpio_ext_vitis/axi_gpio_ext_platform/zynq_fsbl/zynq_fsbl_bsp/system.mss|system||

TRACE::2026-09-20.18:20:50::SCWMssOS::Sw design exists and opened at  C:/Xilinx/ECE520/02-AXI_GPIO/axi_gpio_ext_jp/axi_gpio_ext_vitis/axi_gpio_ext_platform/zynq_fsbl/zynq_fsbl_bsp/system.mss
TRACE::2026-09-20.18:20:50::SCWPlatform::Trying to open the hw design at C:/Xilinx/ECE520/02-AXI_GPIO/axi_gpio_ext_jp/axi_gpio_ext_vitis/axi_gpio_ext_platform/hw/axi_gpio_ext_jp_wrapper.xsa
TRACE::2026-09-20.18:20:50::SCWPlatform::DSA given C:/Xilinx/ECE520/02-AXI_GPIO/axi_gpio_ext_jp/axi_gpio_ext_vitis/axi_gpio_ext_platform/hw/axi_gpio_ext_jp_wrapper.xsa
TRACE::2026-09-20.18:20:50::SCWPlatform::DSA absoulate path C:/Xilinx/ECE520/02-AXI_GPIO/axi_gpio_ext_jp/axi_gpio_ext_vitis/axi_gpio_ext_platform/hw/axi_gpio_ext_jp_wrapper.xsa
TRACE::2026-09-20.18:20:50::SCWPlatform::DSA directory C:/Xilinx/ECE520/02-AXI_GPIO/axi_gpio_ext_jp/axi_gpio_ext_vitis/axi_gpio_ext_platform/hw
TRACE::2026-09-20.18:20:50::SCWPlatform:: Platform Path C:/Xilinx/ECE520/02-AXI_GPIO/axi_gpio_ext_jp/axi_gpio_ext_vitis/axi_gpio_ext_platform/hw/axi_gpio_ext_jp_wrapper.xsa
TRACE::2026-09-20.18:20:50::SCWPlatform:: Unique name xilinx:zybo-z7-10::0.0
TRACE::2026-09-20.18:20:50::SCWPlatform::Trying to set the existing hwdb with name axi_gpio_ext_jp_wrapper_0
TRACE::2026-09-20.18:20:50::SCWPlatform::Opened existing hwdb axi_gpio_ext_jp_wrapper_0
TRACE::2026-09-20.18:20:50::SCWPlatform::Found the Hw Db part of the input DSA
TRACE::2026-09-20.18:20:50::SCWMssOS::Checking the sw design at  C:/Xilinx/ECE520/02-AXI_GPIO/axi_gpio_ext_jp/axi_gpio_ext_vitis/axi_gpio_ext_platform/zynq_fsbl/zynq_fsbl_bsp/system.mss
TRACE::2026-09-20.18:20:50::SCWMssOS::DEBUG:  swdes dump  C:/Xilinx/ECE520/02-AXI_GPIO/axi_gpio_ext_jp/axi_gpio_ext_vitis/axi_gpio_ext_platform/ps7_cortexa9_0/standalone_domain/bsp/system.mss|system_0||
C:/Xilinx/ECE520/02-AXI_GPIO/axi_gpio_ext_jp/axi_gpio_ext_vitis/axi_gpio_ext_platform/zynq_fsbl/zynq_fsbl_bsp/system.mss|system||

TRACE::2026-09-20.18:20:50::SCWMssOS::Sw design exists and opened at  C:/Xilinx/ECE520/02-AXI_GPIO/axi_gpio_ext_jp/axi_gpio_ext_vitis/axi_gpio_ext_platform/zynq_fsbl/zynq_fsbl_bsp/system.mss
TRACE::2026-09-20.18:20:50::SCWPlatform::Trying to open the hw design at C:/Xilinx/ECE520/02-AXI_GPIO/axi_gpio_ext_jp/axi_gpio_ext_vitis/axi_gpio_ext_platform/hw/axi_gpio_ext_jp_wrapper.xsa
TRACE::2026-09-20.18:20:50::SCWPlatform::DSA given C:/Xilinx/ECE520/02-AXI_GPIO/axi_gpio_ext_jp/axi_gpio_ext_vitis/axi_gpio_ext_platform/hw/axi_gpio_ext_jp_wrapper.xsa
TRACE::2026-09-20.18:20:50::SCWPlatform::DSA absoulate path C:/Xilinx/ECE520/02-AXI_GPIO/axi_gpio_ext_jp/axi_gpio_ext_vitis/axi_gpio_ext_platform/hw/axi_gpio_ext_jp_wrapper.xsa
TRACE::2026-09-20.18:20:50::SCWPlatform::DSA directory C:/Xilinx/ECE520/02-AXI_GPIO/axi_gpio_ext_jp/axi_gpio_ext_vitis/axi_gpio_ext_platform/hw
TRACE::2026-09-20.18:20:50::SCWPlatform:: Platform Path C:/Xilinx/ECE520/02-AXI_GPIO/axi_gpio_ext_jp/axi_gpio_ext_vitis/axi_gpio_ext_platform/hw/axi_gpio_ext_jp_wrapper.xsa
TRACE::2026-09-20.18:20:50::SCWPlatform:: Unique name xilinx:zybo-z7-10::0.0
TRACE::2026-09-20.18:20:50::SCWPlatform::Trying to set the existing hwdb with name axi_gpio_ext_jp_wrapper_0
TRACE::2026-09-20.18:20:50::SCWPlatform::Opened existing hwdb axi_gpio_ext_jp_wrapper_0
TRACE::2026-09-20.18:20:50::SCWPlatform::Found the Hw Db part of the input DSA
TRACE::2026-09-20.18:20:50::SCWMssOS::Checking the sw design at  C:/Xilinx/ECE520/02-AXI_GPIO/axi_gpio_ext_jp/axi_gpio_ext_vitis/axi_gpio_ext_platform/zynq_fsbl/zynq_fsbl_bsp/system.mss
TRACE::2026-09-20.18:20:50::SCWMssOS::DEBUG:  swdes dump  C:/Xilinx/ECE520/02-AXI_GPIO/axi_gpio_ext_jp/axi_gpio_ext_vitis/axi_gpio_ext_platform/ps7_cortexa9_0/standalone_domain/bsp/system.mss|system_0||
C:/Xilinx/ECE520/02-AXI_GPIO/axi_gpio_ext_jp/axi_gpio_ext_vitis/axi_gpio_ext_platform/zynq_fsbl/zynq_fsbl_bsp/system.mss|system||

TRACE::2026-09-20.18:20:50::SCWMssOS::Sw design exists and opened at  C:/Xilinx/ECE520/02-AXI_GPIO/axi_gpio_ext_jp/axi_gpio_ext_vitis/axi_gpio_ext_platform/zynq_fsbl/zynq_fsbl_bsp/system.mss
TRACE::2026-09-20.18:20:50::SCWPlatform::Trying to open the hw design at C:/Xilinx/ECE520/02-AXI_GPIO/axi_gpio_ext_jp/axi_gpio_ext_vitis/axi_gpio_ext_platform/hw/axi_gpio_ext_jp_wrapper.xsa
TRACE::2026-09-20.18:20:50::SCWPlatform::DSA given C:/Xilinx/ECE520/02-AXI_GPIO/axi_gpio_ext_jp/axi_gpio_ext_vitis/axi_gpio_ext_platform/hw/axi_gpio_ext_jp_wrapper.xsa
TRACE::2026-09-20.18:20:50::SCWPlatform::DSA absoulate path C:/Xilinx/ECE520/02-AXI_GPIO/axi_gpio_ext_jp/axi_gpio_ext_vitis/axi_gpio_ext_platform/hw/axi_gpio_ext_jp_wrapper.xsa
TRACE::2026-09-20.18:20:50::SCWPlatform::DSA directory C:/Xilinx/ECE520/02-AXI_GPIO/axi_gpio_ext_jp/axi_gpio_ext_vitis/axi_gpio_ext_platform/hw
TRACE::2026-09-20.18:20:50::SCWPlatform:: Platform Path C:/Xilinx/ECE520/02-AXI_GPIO/axi_gpio_ext_jp/axi_gpio_ext_vitis/axi_gpio_ext_platform/hw/axi_gpio_ext_jp_wrapper.xsa
TRACE::2026-09-20.18:20:50::SCWPlatform:: Unique name xilinx:zybo-z7-10::0.0
TRACE::2026-09-20.18:20:50::SCWPlatform::Trying to set the existing hwdb with name axi_gpio_ext_jp_wrapper_0
TRACE::2026-09-20.18:20:50::SCWPlatform::Opened existing hwdb axi_gpio_ext_jp_wrapper_0
TRACE::2026-09-20.18:20:50::SCWPlatform::Found the Hw Db part of the input DSA
TRACE::2026-09-20.18:20:50::SCWMssOS::Checking the sw design at  C:/Xilinx/ECE520/02-AXI_GPIO/axi_gpio_ext_jp/axi_gpio_ext_vitis/axi_gpio_ext_platform/ps7_cortexa9_0/standalone_domain/bsp/system.mss
TRACE::2026-09-20.18:20:50::SCWMssOS::DEBUG:  swdes dump  C:/Xilinx/ECE520/02-AXI_GPIO/axi_gpio_ext_jp/axi_gpio_ext_vitis/axi_gpio_ext_platform/ps7_cortexa9_0/standalone_domain/bsp/system.mss|system_0||
C:/Xilinx/ECE520/02-AXI_GPIO/axi_gpio_ext_jp/axi_gpio_ext_vitis/axi_gpio_ext_platform/zynq_fsbl/zynq_fsbl_bsp/system.mss|system||

TRACE::2026-09-20.18:20:50::SCWMssOS::Sw design exists and opened at  C:/Xilinx/ECE520/02-AXI_GPIO/axi_gpio_ext_jp/axi_gpio_ext_vitis/axi_gpio_ext_platform/ps7_cortexa9_0/standalone_domain/bsp/system.mss
TRACE::2026-09-20.18:20:50::SCWPlatform::Trying to open the hw design at C:/Xilinx/ECE520/02-AXI_GPIO/axi_gpio_ext_jp/axi_gpio_ext_vitis/axi_gpio_ext_platform/hw/axi_gpio_ext_jp_wrapper.xsa
TRACE::2026-09-20.18:20:50::SCWPlatform::DSA given C:/Xilinx/ECE520/02-AXI_GPIO/axi_gpio_ext_jp/axi_gpio_ext_vitis/axi_gpio_ext_platform/hw/axi_gpio_ext_jp_wrapper.xsa
TRACE::2026-09-20.18:20:50::SCWPlatform::DSA absoulate path C:/Xilinx/ECE520/02-AXI_GPIO/axi_gpio_ext_jp/axi_gpio_ext_vitis/axi_gpio_ext_platform/hw/axi_gpio_ext_jp_wrapper.xsa
TRACE::2026-09-20.18:20:50::SCWPlatform::DSA directory C:/Xilinx/ECE520/02-AXI_GPIO/axi_gpio_ext_jp/axi_gpio_ext_vitis/axi_gpio_ext_platform/hw
TRACE::2026-09-20.18:20:50::SCWPlatform:: Platform Path C:/Xilinx/ECE520/02-AXI_GPIO/axi_gpio_ext_jp/axi_gpio_ext_vitis/axi_gpio_ext_platform/hw/axi_gpio_ext_jp_wrapper.xsa
TRACE::2026-09-20.18:20:50::SCWPlatform:: Unique name xilinx:zybo-z7-10::0.0
TRACE::2026-09-20.18:20:50::SCWPlatform::Trying to set the existing hwdb with name axi_gpio_ext_jp_wrapper_0
TRACE::2026-09-20.18:20:50::SCWPlatform::Opened existing hwdb axi_gpio_ext_jp_wrapper_0
TRACE::2026-09-20.18:20:50::SCWPlatform::Found the Hw Db part of the input DSA
TRACE::2026-09-20.18:20:50::SCWMssOS::Checking the sw design at  C:/Xilinx/ECE520/02-AXI_GPIO/axi_gpio_ext_jp/axi_gpio_ext_vitis/axi_gpio_ext_platform/ps7_cortexa9_0/standalone_domain/bsp/system.mss
TRACE::2026-09-20.18:20:50::SCWMssOS::DEBUG:  swdes dump  C:/Xilinx/ECE520/02-AXI_GPIO/axi_gpio_ext_jp/axi_gpio_ext_vitis/axi_gpio_ext_platform/ps7_cortexa9_0/standalone_domain/bsp/system.mss|system_0||
C:/Xilinx/ECE520/02-AXI_GPIO/axi_gpio_ext_jp/axi_gpio_ext_vitis/axi_gpio_ext_platform/zynq_fsbl/zynq_fsbl_bsp/system.mss|system||

TRACE::2026-09-20.18:20:50::SCWMssOS::Sw design exists and opened at  C:/Xilinx/ECE520/02-AXI_GPIO/axi_gpio_ext_jp/axi_gpio_ext_vitis/axi_gpio_ext_platform/ps7_cortexa9_0/standalone_domain/bsp/system.mss
TRACE::2026-09-20.18:20:50::SCWPlatform::Trying to open the hw design at C:/Xilinx/ECE520/02-AXI_GPIO/axi_gpio_ext_jp/axi_gpio_ext_vitis/axi_gpio_ext_platform/hw/axi_gpio_ext_jp_wrapper.xsa
TRACE::2026-09-20.18:20:50::SCWPlatform::DSA given C:/Xilinx/ECE520/02-AXI_GPIO/axi_gpio_ext_jp/axi_gpio_ext_vitis/axi_gpio_ext_platform/hw/axi_gpio_ext_jp_wrapper.xsa
TRACE::2026-09-20.18:20:50::SCWPlatform::DSA absoulate path C:/Xilinx/ECE520/02-AXI_GPIO/axi_gpio_ext_jp/axi_gpio_ext_vitis/axi_gpio_ext_platform/hw/axi_gpio_ext_jp_wrapper.xsa
TRACE::2026-09-20.18:20:50::SCWPlatform::DSA directory C:/Xilinx/ECE520/02-AXI_GPIO/axi_gpio_ext_jp/axi_gpio_ext_vitis/axi_gpio_ext_platform/hw
TRACE::2026-09-20.18:20:50::SCWPlatform:: Platform Path C:/Xilinx/ECE520/02-AXI_GPIO/axi_gpio_ext_jp/axi_gpio_ext_vitis/axi_gpio_ext_platform/hw/axi_gpio_ext_jp_wrapper.xsa
TRACE::2026-09-20.18:20:50::SCWPlatform:: Unique name xilinx:zybo-z7-10::0.0
TRACE::2026-09-20.18:20:50::SCWPlatform::Trying to set the existing hwdb with name axi_gpio_ext_jp_wrapper_0
TRACE::2026-09-20.18:20:50::SCWPlatform::Opened existing hwdb axi_gpio_ext_jp_wrapper_0
TRACE::2026-09-20.18:20:50::SCWPlatform::Found the Hw Db part of the input DSA
TRACE::2026-09-20.18:20:50::SCWMssOS::Checking the sw design at  C:/Xilinx/ECE520/02-AXI_GPIO/axi_gpio_ext_jp/axi_gpio_ext_vitis/axi_gpio_ext_platform/ps7_cortexa9_0/standalone_domain/bsp/system.mss
TRACE::2026-09-20.18:20:50::SCWMssOS::DEBUG:  swdes dump  C:/Xilinx/ECE520/02-AXI_GPIO/axi_gpio_ext_jp/axi_gpio_ext_vitis/axi_gpio_ext_platform/ps7_cortexa9_0/standalone_domain/bsp/system.mss|system_0||
C:/Xilinx/ECE520/02-AXI_GPIO/axi_gpio_ext_jp/axi_gpio_ext_vitis/axi_gpio_ext_platform/zynq_fsbl/zynq_fsbl_bsp/system.mss|system||

TRACE::2026-09-20.18:20:50::SCWMssOS::Sw design exists and opened at  C:/Xilinx/ECE520/02-AXI_GPIO/axi_gpio_ext_jp/axi_gpio_ext_vitis/axi_gpio_ext_platform/ps7_cortexa9_0/standalone_domain/bsp/system.mss
TRACE::2026-09-20.18:20:50::SCWWriter::formatted JSON is {
	"platformName":	"axi_gpio_ext_platform",
	"sprVersion":	"2.0",
	"mode":	"gui",
	"dsaType":	"Fixed",
	"platformDesc":	"axi_gpio_ext_platform",
	"platHandOff":	"C:/Xilinx/ECE520/02-AXI_GPIO/axi_gpio_ext_jp/axi_gpio_ext_jp_wrapper.xsa",
	"platIntHandOff":	"<platformDir>/hw/axi_gpio_ext_jp_wrapper.xsa",
	"deviceType":	"zynq",
	"platIsPrebuiltAutogen":	"false",
	"platIsNoBootBsp":	"false",
	"platFsblTarget":	"ps7_cortexa9_0",
	"hasFsblMakeHasChanges":	"false",
	"hasPmufwMakeHasChanges":	"false",
	"fsblExtraCompilerFlags":	"-MMD -MP       -mcpu=cortex-a9 -mfpu=vfpv3 -mfloat-abi=hard ",
	"platPreBuiltFlag":	false,
	"platformSamplesDir":	"",
	"platActiveSys":	"axi_gpio_ext_platform",
	"systems":	[{
			"systemName":	"axi_gpio_ext_platform",
			"systemDesc":	"axi_gpio_ext_platform",
			"sysIsBootAutoGen":	"true",
			"systemDispName":	"axi_gpio_ext_platform",
			"sysActiveDom":	"standalone_domain",
			"sysDefaultDom":	"standalone_domain",
			"domains":	[{
					"domainName":	"zynq_fsbl",
					"domainDispName":	"zynq_fsbl",
					"domainDesc":	"FSBL Application BSP - Auto Generated.",
					"processors":	"ps7_cortexa9_0",
					"os":	"standalone",
					"sdxOs":	"standalone",
					"debugEnable":	"",
					"domRuntimes":	["cpp"],
					"swRepo":	"",
					"mssOsVer":	"8.1",
					"mssFile":	"",
					"md5Digest":	"65693ccea2e90031f2dc4733d5bd991b",
					"compatibleApp":	"zynq_fsbl",
					"domType":	"bootDomain",
					"arch":	"32-bit",
					"appSettings":	{
						"appCompilerFlags":	"",
						"appLinkerFlags":	""
					},
					"addedLibs":	["xilffs:5.0", "xilrsa:1.6"],
					"libOptions":	{
						"libsContainingOptions":	[]
					},
					"prebuiltLibs":	{
						"prebuiltIncPath":	[],
						"prebuiltLibPath":	[]
					},
					"isolation":	{
					}
				}, {
					"domainName":	"standalone_domain",
					"domainDispName":	"standalone on ps7_cortexa9_0",
					"domainDesc":	"standalone_domain",
					"processors":	"ps7_cortexa9_0",
					"os":	"standalone",
					"sdxOs":	"standalone",
					"qemuArgs":	"<platformDir>/resources/axi_gpio_ext_platform/standalone_domain/qemu_args.txt",
					"qemuData":	"<platformDir>/resources/axi_gpio_ext_platform/standalone_domain/qemu",
					"debugEnable":	"False",
					"domRuntimes":	["cpp"],
					"swRepo":	"",
					"mssOsVer":	"8.1",
					"mssFile":	"",
					"md5Digest":	"a82e1019665bce3dce07707172bb4370",
					"compatibleApp":	"",
					"domType":	"mssDomain",
					"appSettings":	{
						"appCompilerFlags":	"",
						"appLinkerFlags":	""
					},
					"addedLibs":	[],
					"libOptions":	{
						"libsContainingOptions":	[]
					},
					"prebuiltLibs":	{
						"prebuiltIncPath":	[],
						"prebuiltLibPath":	[]
					},
					"isolation":	{
					}
				}]
		}]
}
TRACE::2026-09-20.18:20:50::SCWMssOS::Saving the mss changes C:/Xilinx/ECE520/02-AXI_GPIO/axi_gpio_ext_jp/axi_gpio_ext_vitis/axi_gpio_ext_platform/zynq_fsbl/zynq_fsbl_bsp/system.mss
TRACE::2026-09-20.18:20:50::SCWMssOS::Found a swdesign opened with the mssfile.
TRACE::2026-09-20.18:20:50::SCWMssOS::Completed writemss as part of save.
TRACE::2026-09-20.18:20:50::SCWMssOS::Commit changes completed.
TRACE::2026-09-20.18:20:50::SCWMssOS::Saving the mss changes C:/Xilinx/ECE520/02-AXI_GPIO/axi_gpio_ext_jp/axi_gpio_ext_vitis/axi_gpio_ext_platform/ps7_cortexa9_0/standalone_domain/bsp/system.mss
TRACE::2026-09-20.18:20:50::SCWMssOS::Found a swdesign opened with the mssfile.
TRACE::2026-09-20.18:20:50::SCWMssOS::Completed writemss as part of save.
TRACE::2026-09-20.18:20:50::SCWMssOS::Commit changes completed.
TRACE::2026-09-20.18:20:50::SCWPlatform::Trying to open the hw design at C:/Xilinx/ECE520/02-AXI_GPIO/axi_gpio_ext_jp/axi_gpio_ext_vitis/axi_gpio_ext_platform/hw/axi_gpio_ext_jp_wrapper.xsa
TRACE::2026-09-20.18:20:50::SCWPlatform::DSA given C:/Xilinx/ECE520/02-AXI_GPIO/axi_gpio_ext_jp/axi_gpio_ext_vitis/axi_gpio_ext_platform/hw/axi_gpio_ext_jp_wrapper.xsa
TRACE::2026-09-20.18:20:50::SCWPlatform::DSA absoulate path C:/Xilinx/ECE520/02-AXI_GPIO/axi_gpio_ext_jp/axi_gpio_ext_vitis/axi_gpio_ext_platform/hw/axi_gpio_ext_jp_wrapper.xsa
TRACE::2026-09-20.18:20:50::SCWPlatform::DSA directory C:/Xilinx/ECE520/02-AXI_GPIO/axi_gpio_ext_jp/axi_gpio_ext_vitis/axi_gpio_ext_platform/hw
TRACE::2026-09-20.18:20:50::SCWPlatform:: Platform Path C:/Xilinx/ECE520/02-AXI_GPIO/axi_gpio_ext_jp/axi_gpio_ext_vitis/axi_gpio_ext_platform/hw/axi_gpio_ext_jp_wrapper.xsa
TRACE::2026-09-20.18:20:50::SCWPlatform:: Unique name xilinx:zybo-z7-10::0.0
TRACE::2026-09-20.18:20:50::SCWPlatform::Trying to set the existing hwdb with name axi_gpio_ext_jp_wrapper_0
TRACE::2026-09-20.18:20:50::SCWPlatform::Opened existing hwdb axi_gpio_ext_jp_wrapper_0
TRACE::2026-09-20.18:20:50::SCWPlatform::Found the Hw Db part of the input DSA
TRACE::2026-09-20.18:20:50::SCWMssOS::Checking the sw design at  C:/Xilinx/ECE520/02-AXI_GPIO/axi_gpio_ext_jp/axi_gpio_ext_vitis/axi_gpio_ext_platform/zynq_fsbl/zynq_fsbl_bsp/system.mss
TRACE::2026-09-20.18:20:50::SCWMssOS::DEBUG:  swdes dump  C:/Xilinx/ECE520/02-AXI_GPIO/axi_gpio_ext_jp/axi_gpio_ext_vitis/axi_gpio_ext_platform/ps7_cortexa9_0/standalone_domain/bsp/system.mss|system_0||
C:/Xilinx/ECE520/02-AXI_GPIO/axi_gpio_ext_jp/axi_gpio_ext_vitis/axi_gpio_ext_platform/zynq_fsbl/zynq_fsbl_bsp/system.mss|system||

TRACE::2026-09-20.18:20:50::SCWMssOS::Sw design exists and opened at  C:/Xilinx/ECE520/02-AXI_GPIO/axi_gpio_ext_jp/axi_gpio_ext_vitis/axi_gpio_ext_platform/zynq_fsbl/zynq_fsbl_bsp/system.mss
TRACE::2026-09-20.18:20:50::SCWPlatform::Trying to open the hw design at C:/Xilinx/ECE520/02-AXI_GPIO/axi_gpio_ext_jp/axi_gpio_ext_vitis/axi_gpio_ext_platform/hw/axi_gpio_ext_jp_wrapper.xsa
TRACE::2026-09-20.18:20:50::SCWPlatform::DSA given C:/Xilinx/ECE520/02-AXI_GPIO/axi_gpio_ext_jp/axi_gpio_ext_vitis/axi_gpio_ext_platform/hw/axi_gpio_ext_jp_wrapper.xsa
TRACE::2026-09-20.18:20:50::SCWPlatform::DSA absoulate path C:/Xilinx/ECE520/02-AXI_GPIO/axi_gpio_ext_jp/axi_gpio_ext_vitis/axi_gpio_ext_platform/hw/axi_gpio_ext_jp_wrapper.xsa
TRACE::2026-09-20.18:20:50::SCWPlatform::DSA directory C:/Xilinx/ECE520/02-AXI_GPIO/axi_gpio_ext_jp/axi_gpio_ext_vitis/axi_gpio_ext_platform/hw
TRACE::2026-09-20.18:20:50::SCWPlatform:: Platform Path C:/Xilinx/ECE520/02-AXI_GPIO/axi_gpio_ext_jp/axi_gpio_ext_vitis/axi_gpio_ext_platform/hw/axi_gpio_ext_jp_wrapper.xsa
TRACE::2026-09-20.18:20:50::SCWPlatform:: Unique name xilinx:zybo-z7-10::0.0
TRACE::2026-09-20.18:20:50::SCWPlatform::Trying to set the existing hwdb with name axi_gpio_ext_jp_wrapper_0
TRACE::2026-09-20.18:20:50::SCWPlatform::Opened existing hwdb axi_gpio_ext_jp_wrapper_0
TRACE::2026-09-20.18:20:50::SCWPlatform::Found the Hw Db part of the input DSA
TRACE::2026-09-20.18:20:50::SCWMssOS::Checking the sw design at  C:/Xilinx/ECE520/02-AXI_GPIO/axi_gpio_ext_jp/axi_gpio_ext_vitis/axi_gpio_ext_platform/zynq_fsbl/zynq_fsbl_bsp/system.mss
TRACE::2026-09-20.18:20:50::SCWMssOS::DEBUG:  swdes dump  C:/Xilinx/ECE520/02-AXI_GPIO/axi_gpio_ext_jp/axi_gpio_ext_vitis/axi_gpio_ext_platform/ps7_cortexa9_0/standalone_domain/bsp/system.mss|system_0||
C:/Xilinx/ECE520/02-AXI_GPIO/axi_gpio_ext_jp/axi_gpio_ext_vitis/axi_gpio_ext_platform/zynq_fsbl/zynq_fsbl_bsp/system.mss|system||

TRACE::2026-09-20.18:20:50::SCWMssOS::Sw design exists and opened at  C:/Xilinx/ECE520/02-AXI_GPIO/axi_gpio_ext_jp/axi_gpio_ext_vitis/axi_gpio_ext_platform/zynq_fsbl/zynq_fsbl_bsp/system.mss
TRACE::2026-09-20.18:20:50::SCWPlatform::Trying to open the hw design at C:/Xilinx/ECE520/02-AXI_GPIO/axi_gpio_ext_jp/axi_gpio_ext_vitis/axi_gpio_ext_platform/hw/axi_gpio_ext_jp_wrapper.xsa
TRACE::2026-09-20.18:20:50::SCWPlatform::DSA given C:/Xilinx/ECE520/02-AXI_GPIO/axi_gpio_ext_jp/axi_gpio_ext_vitis/axi_gpio_ext_platform/hw/axi_gpio_ext_jp_wrapper.xsa
TRACE::2026-09-20.18:20:50::SCWPlatform::DSA absoulate path C:/Xilinx/ECE520/02-AXI_GPIO/axi_gpio_ext_jp/axi_gpio_ext_vitis/axi_gpio_ext_platform/hw/axi_gpio_ext_jp_wrapper.xsa
TRACE::2026-09-20.18:20:50::SCWPlatform::DSA directory C:/Xilinx/ECE520/02-AXI_GPIO/axi_gpio_ext_jp/axi_gpio_ext_vitis/axi_gpio_ext_platform/hw
TRACE::2026-09-20.18:20:50::SCWPlatform:: Platform Path C:/Xilinx/ECE520/02-AXI_GPIO/axi_gpio_ext_jp/axi_gpio_ext_vitis/axi_gpio_ext_platform/hw/axi_gpio_ext_jp_wrapper.xsa
TRACE::2026-09-20.18:20:50::SCWPlatform:: Unique name xilinx:zybo-z7-10::0.0
TRACE::2026-09-20.18:20:50::SCWPlatform::Trying to set the existing hwdb with name axi_gpio_ext_jp_wrapper_0
TRACE::2026-09-20.18:20:50::SCWPlatform::Opened existing hwdb axi_gpio_ext_jp_wrapper_0
TRACE::2026-09-20.18:20:50::SCWPlatform::Found the Hw Db part of the input DSA
TRACE::2026-09-20.18:20:50::SCWMssOS::Checking the sw design at  C:/Xilinx/ECE520/02-AXI_GPIO/axi_gpio_ext_jp/axi_gpio_ext_vitis/axi_gpio_ext_platform/zynq_fsbl/zynq_fsbl_bsp/system.mss
TRACE::2026-09-20.18:20:50::SCWMssOS::DEBUG:  swdes dump  C:/Xilinx/ECE520/02-AXI_GPIO/axi_gpio_ext_jp/axi_gpio_ext_vitis/axi_gpio_ext_platform/ps7_cortexa9_0/standalone_domain/bsp/system.mss|system_0||
C:/Xilinx/ECE520/02-AXI_GPIO/axi_gpio_ext_jp/axi_gpio_ext_vitis/axi_gpio_ext_platform/zynq_fsbl/zynq_fsbl_bsp/system.mss|system||

TRACE::2026-09-20.18:20:50::SCWMssOS::Sw design exists and opened at  C:/Xilinx/ECE520/02-AXI_GPIO/axi_gpio_ext_jp/axi_gpio_ext_vitis/axi_gpio_ext_platform/zynq_fsbl/zynq_fsbl_bsp/system.mss
TRACE::2026-09-20.18:20:50::SCWPlatform::Trying to open the hw design at C:/Xilinx/ECE520/02-AXI_GPIO/axi_gpio_ext_jp/axi_gpio_ext_vitis/axi_gpio_ext_platform/hw/axi_gpio_ext_jp_wrapper.xsa
TRACE::2026-09-20.18:20:50::SCWPlatform::DSA given C:/Xilinx/ECE520/02-AXI_GPIO/axi_gpio_ext_jp/axi_gpio_ext_vitis/axi_gpio_ext_platform/hw/axi_gpio_ext_jp_wrapper.xsa
TRACE::2026-09-20.18:20:50::SCWPlatform::DSA absoulate path C:/Xilinx/ECE520/02-AXI_GPIO/axi_gpio_ext_jp/axi_gpio_ext_vitis/axi_gpio_ext_platform/hw/axi_gpio_ext_jp_wrapper.xsa
TRACE::2026-09-20.18:20:50::SCWPlatform::DSA directory C:/Xilinx/ECE520/02-AXI_GPIO/axi_gpio_ext_jp/axi_gpio_ext_vitis/axi_gpio_ext_platform/hw
TRACE::2026-09-20.18:20:50::SCWPlatform:: Platform Path C:/Xilinx/ECE520/02-AXI_GPIO/axi_gpio_ext_jp/axi_gpio_ext_vitis/axi_gpio_ext_platform/hw/axi_gpio_ext_jp_wrapper.xsa
TRACE::2026-09-20.18:20:50::SCWPlatform:: Unique name xilinx:zybo-z7-10::0.0
TRACE::2026-09-20.18:20:50::SCWPlatform::Trying to set the existing hwdb with name axi_gpio_ext_jp_wrapper_0
TRACE::2026-09-20.18:20:50::SCWPlatform::Opened existing hwdb axi_gpio_ext_jp_wrapper_0
TRACE::2026-09-20.18:20:50::SCWPlatform::Found the Hw Db part of the input DSA
TRACE::2026-09-20.18:20:50::SCWMssOS::Checking the sw design at  C:/Xilinx/ECE520/02-AXI_GPIO/axi_gpio_ext_jp/axi_gpio_ext_vitis/axi_gpio_ext_platform/ps7_cortexa9_0/standalone_domain/bsp/system.mss
TRACE::2026-09-20.18:20:50::SCWMssOS::DEBUG:  swdes dump  C:/Xilinx/ECE520/02-AXI_GPIO/axi_gpio_ext_jp/axi_gpio_ext_vitis/axi_gpio_ext_platform/ps7_cortexa9_0/standalone_domain/bsp/system.mss|system_0||
C:/Xilinx/ECE520/02-AXI_GPIO/axi_gpio_ext_jp/axi_gpio_ext_vitis/axi_gpio_ext_platform/zynq_fsbl/zynq_fsbl_bsp/system.mss|system||

TRACE::2026-09-20.18:20:50::SCWMssOS::Sw design exists and opened at  C:/Xilinx/ECE520/02-AXI_GPIO/axi_gpio_ext_jp/axi_gpio_ext_vitis/axi_gpio_ext_platform/ps7_cortexa9_0/standalone_domain/bsp/system.mss
TRACE::2026-09-20.18:20:50::SCWPlatform::Trying to open the hw design at C:/Xilinx/ECE520/02-AXI_GPIO/axi_gpio_ext_jp/axi_gpio_ext_vitis/axi_gpio_ext_platform/hw/axi_gpio_ext_jp_wrapper.xsa
TRACE::2026-09-20.18:20:50::SCWPlatform::DSA given C:/Xilinx/ECE520/02-AXI_GPIO/axi_gpio_ext_jp/axi_gpio_ext_vitis/axi_gpio_ext_platform/hw/axi_gpio_ext_jp_wrapper.xsa
TRACE::2026-09-20.18:20:50::SCWPlatform::DSA absoulate path C:/Xilinx/ECE520/02-AXI_GPIO/axi_gpio_ext_jp/axi_gpio_ext_vitis/axi_gpio_ext_platform/hw/axi_gpio_ext_jp_wrapper.xsa
TRACE::2026-09-20.18:20:50::SCWPlatform::DSA directory C:/Xilinx/ECE520/02-AXI_GPIO/axi_gpio_ext_jp/axi_gpio_ext_vitis/axi_gpio_ext_platform/hw
TRACE::2026-09-20.18:20:50::SCWPlatform:: Platform Path C:/Xilinx/ECE520/02-AXI_GPIO/axi_gpio_ext_jp/axi_gpio_ext_vitis/axi_gpio_ext_platform/hw/axi_gpio_ext_jp_wrapper.xsa
TRACE::2026-09-20.18:20:50::SCWPlatform:: Unique name xilinx:zybo-z7-10::0.0
TRACE::2026-09-20.18:20:50::SCWPlatform::Trying to set the existing hwdb with name axi_gpio_ext_jp_wrapper_0
TRACE::2026-09-20.18:20:50::SCWPlatform::Opened existing hwdb axi_gpio_ext_jp_wrapper_0
TRACE::2026-09-20.18:20:50::SCWPlatform::Found the Hw Db part of the input DSA
TRACE::2026-09-20.18:20:50::SCWMssOS::Checking the sw design at  C:/Xilinx/ECE520/02-AXI_GPIO/axi_gpio_ext_jp/axi_gpio_ext_vitis/axi_gpio_ext_platform/ps7_cortexa9_0/standalone_domain/bsp/system.mss
TRACE::2026-09-20.18:20:50::SCWMssOS::DEBUG:  swdes dump  C:/Xilinx/ECE520/02-AXI_GPIO/axi_gpio_ext_jp/axi_gpio_ext_vitis/axi_gpio_ext_platform/ps7_cortexa9_0/standalone_domain/bsp/system.mss|system_0||
C:/Xilinx/ECE520/02-AXI_GPIO/axi_gpio_ext_jp/axi_gpio_ext_vitis/axi_gpio_ext_platform/zynq_fsbl/zynq_fsbl_bsp/system.mss|system||

TRACE::2026-09-20.18:20:50::SCWMssOS::Sw design exists and opened at  C:/Xilinx/ECE520/02-AXI_GPIO/axi_gpio_ext_jp/axi_gpio_ext_vitis/axi_gpio_ext_platform/ps7_cortexa9_0/standalone_domain/bsp/system.mss
TRACE::2026-09-20.18:20:50::SCWPlatform::Trying to open the hw design at C:/Xilinx/ECE520/02-AXI_GPIO/axi_gpio_ext_jp/axi_gpio_ext_vitis/axi_gpio_ext_platform/hw/axi_gpio_ext_jp_wrapper.xsa
TRACE::2026-09-20.18:20:50::SCWPlatform::DSA given C:/Xilinx/ECE520/02-AXI_GPIO/axi_gpio_ext_jp/axi_gpio_ext_vitis/axi_gpio_ext_platform/hw/axi_gpio_ext_jp_wrapper.xsa
TRACE::2026-09-20.18:20:50::SCWPlatform::DSA absoulate path C:/Xilinx/ECE520/02-AXI_GPIO/axi_gpio_ext_jp/axi_gpio_ext_vitis/axi_gpio_ext_platform/hw/axi_gpio_ext_jp_wrapper.xsa
TRACE::2026-09-20.18:20:50::SCWPlatform::DSA directory C:/Xilinx/ECE520/02-AXI_GPIO/axi_gpio_ext_jp/axi_gpio_ext_vitis/axi_gpio_ext_platform/hw
TRACE::2026-09-20.18:20:50::SCWPlatform:: Platform Path C:/Xilinx/ECE520/02-AXI_GPIO/axi_gpio_ext_jp/axi_gpio_ext_vitis/axi_gpio_ext_platform/hw/axi_gpio_ext_jp_wrapper.xsa
TRACE::2026-09-20.18:20:50::SCWPlatform:: Unique name xilinx:zybo-z7-10::0.0
TRACE::2026-09-20.18:20:50::SCWPlatform::Trying to set the existing hwdb with name axi_gpio_ext_jp_wrapper_0
TRACE::2026-09-20.18:20:50::SCWPlatform::Opened existing hwdb axi_gpio_ext_jp_wrapper_0
TRACE::2026-09-20.18:20:50::SCWPlatform::Found the Hw Db part of the input DSA
TRACE::2026-09-20.18:20:50::SCWMssOS::Checking the sw design at  C:/Xilinx/ECE520/02-AXI_GPIO/axi_gpio_ext_jp/axi_gpio_ext_vitis/axi_gpio_ext_platform/ps7_cortexa9_0/standalone_domain/bsp/system.mss
TRACE::2026-09-20.18:20:50::SCWMssOS::DEBUG:  swdes dump  C:/Xilinx/ECE520/02-AXI_GPIO/axi_gpio_ext_jp/axi_gpio_ext_vitis/axi_gpio_ext_platform/ps7_cortexa9_0/standalone_domain/bsp/system.mss|system_0||
C:/Xilinx/ECE520/02-AXI_GPIO/axi_gpio_ext_jp/axi_gpio_ext_vitis/axi_gpio_ext_platform/zynq_fsbl/zynq_fsbl_bsp/system.mss|system||

TRACE::2026-09-20.18:20:50::SCWMssOS::Sw design exists and opened at  C:/Xilinx/ECE520/02-AXI_GPIO/axi_gpio_ext_jp/axi_gpio_ext_vitis/axi_gpio_ext_platform/ps7_cortexa9_0/standalone_domain/bsp/system.mss
TRACE::2026-09-20.18:20:50::SCWWriter::formatted JSON is {
	"platformName":	"axi_gpio_ext_platform",
	"sprVersion":	"2.0",
	"mode":	"gui",
	"dsaType":	"Fixed",
	"platformDesc":	"axi_gpio_ext_platform",
	"platHandOff":	"C:/Xilinx/ECE520/02-AXI_GPIO/axi_gpio_ext_jp/axi_gpio_ext_jp_wrapper.xsa",
	"platIntHandOff":	"<platformDir>/hw/axi_gpio_ext_jp_wrapper.xsa",
	"deviceType":	"zynq",
	"platIsPrebuiltAutogen":	"false",
	"platIsNoBootBsp":	"false",
	"platFsblTarget":	"ps7_cortexa9_0",
	"hasFsblMakeHasChanges":	"false",
	"hasPmufwMakeHasChanges":	"false",
	"fsblExtraCompilerFlags":	"-MMD -MP       -mcpu=cortex-a9 -mfpu=vfpv3 -mfloat-abi=hard ",
	"platPreBuiltFlag":	false,
	"platformSamplesDir":	"",
	"platActiveSys":	"axi_gpio_ext_platform",
	"systems":	[{
			"systemName":	"axi_gpio_ext_platform",
			"systemDesc":	"axi_gpio_ext_platform",
			"sysIsBootAutoGen":	"true",
			"systemDispName":	"axi_gpio_ext_platform",
			"sysActiveDom":	"standalone_domain",
			"sysDefaultDom":	"standalone_domain",
			"domains":	[{
					"domainName":	"zynq_fsbl",
					"domainDispName":	"zynq_fsbl",
					"domainDesc":	"FSBL Application BSP - Auto Generated.",
					"processors":	"ps7_cortexa9_0",
					"os":	"standalone",
					"sdxOs":	"standalone",
					"debugEnable":	"",
					"domRuntimes":	["cpp"],
					"swRepo":	"",
					"mssOsVer":	"8.1",
					"mssFile":	"",
					"md5Digest":	"65693ccea2e90031f2dc4733d5bd991b",
					"compatibleApp":	"zynq_fsbl",
					"domType":	"bootDomain",
					"arch":	"32-bit",
					"appSettings":	{
						"appCompilerFlags":	"",
						"appLinkerFlags":	""
					},
					"addedLibs":	["xilffs:5.0", "xilrsa:1.6"],
					"libOptions":	{
						"libsContainingOptions":	[]
					},
					"prebuiltLibs":	{
						"prebuiltIncPath":	[],
						"prebuiltLibPath":	[]
					},
					"isolation":	{
					}
				}, {
					"domainName":	"standalone_domain",
					"domainDispName":	"standalone on ps7_cortexa9_0",
					"domainDesc":	"standalone_domain",
					"processors":	"ps7_cortexa9_0",
					"os":	"standalone",
					"sdxOs":	"standalone",
					"qemuArgs":	"<platformDir>/resources/axi_gpio_ext_platform/standalone_domain/qemu_args.txt",
					"qemuData":	"<platformDir>/resources/axi_gpio_ext_platform/standalone_domain/qemu",
					"debugEnable":	"False",
					"domRuntimes":	["cpp"],
					"swRepo":	"",
					"mssOsVer":	"8.1",
					"mssFile":	"",
					"md5Digest":	"a82e1019665bce3dce07707172bb4370",
					"compatibleApp":	"",
					"domType":	"mssDomain",
					"appSettings":	{
						"appCompilerFlags":	"",
						"appLinkerFlags":	""
					},
					"addedLibs":	[],
					"libOptions":	{
						"libsContainingOptions":	[]
					},
					"prebuiltLibs":	{
						"prebuiltIncPath":	[],
						"prebuiltLibPath":	[]
					},
					"isolation":	{
					}
				}]
		}]
}
TRACE::2026-09-20.18:20:51::SCWPlatform::Clearing the existing platform
TRACE::2026-09-20.18:20:51::SCWSystem::Clearing the existing sysconfig
TRACE::2026-09-20.18:20:51::SCWBDomain::clearing the fsbl build
TRACE::2026-09-20.18:20:51::SCWMssOS::Removing the swdes entry for  C:/Xilinx/ECE520/02-AXI_GPIO/axi_gpio_ext_jp/axi_gpio_ext_vitis/axi_gpio_ext_platform/zynq_fsbl/zynq_fsbl_bsp/system.mss
TRACE::2026-09-20.18:20:51::SCWMssOS::Removing the swdes entry for  C:/Xilinx/ECE520/02-AXI_GPIO/axi_gpio_ext_jp/axi_gpio_ext_vitis/axi_gpio_ext_platform/ps7_cortexa9_0/standalone_domain/bsp/system.mss
TRACE::2026-09-20.18:20:51::SCWSystem::Clearing the domains completed.
TRACE::2026-09-20.18:20:51::SCWPlatform::Clearing the opened hw db.
TRACE::2026-09-20.18:20:51::SCWPlatform::DSA given C:/Xilinx/ECE520/02-AXI_GPIO/axi_gpio_ext_jp/axi_gpio_ext_vitis/axi_gpio_ext_platform/hw/axi_gpio_ext_jp_wrapper.xsa
TRACE::2026-09-20.18:20:51::SCWPlatform::DSA absoulate path C:/Xilinx/ECE520/02-AXI_GPIO/axi_gpio_ext_jp/axi_gpio_ext_vitis/axi_gpio_ext_platform/hw/axi_gpio_ext_jp_wrapper.xsa
TRACE::2026-09-20.18:20:51::SCWPlatform:: Platform location is C:/Xilinx/ECE520/02-AXI_GPIO/axi_gpio_ext_jp/axi_gpio_ext_vitis/axi_gpio_ext_platform/hw
TRACE::2026-09-20.18:20:51::SCWPlatform:: Platform Path C:/Xilinx/ECE520/02-AXI_GPIO/axi_gpio_ext_jp/axi_gpio_ext_vitis/axi_gpio_ext_platform/hw/axi_gpio_ext_jp_wrapper.xsa
TRACE::2026-09-20.18:20:51::SCWPlatform:: Unique name xilinx:zybo-z7-10::0.0
TRACE::2026-09-20.18:20:51::SCWPlatform::Removing the HwDB with name C:/Xilinx/ECE520/02-AXI_GPIO/axi_gpio_ext_jp/axi_gpio_ext_vitis/axi_gpio_ext_platform/hw/axi_gpio_ext_jp_wrapper.xsa
TRACE::2026-09-20.18:20:51::SCWPlatform::Trying to open the hw design at C:/Xilinx/ECE520/02-AXI_GPIO/axi_gpio_ext_jp/axi_gpio_ext_vitis/axi_gpio_ext_platform/hw/axi_gpio_ext_jp_wrapper.xsa
TRACE::2026-09-20.18:20:51::SCWPlatform::DSA given C:/Xilinx/ECE520/02-AXI_GPIO/axi_gpio_ext_jp/axi_gpio_ext_vitis/axi_gpio_ext_platform/hw/axi_gpio_ext_jp_wrapper.xsa
TRACE::2026-09-20.18:20:51::SCWPlatform::DSA absoulate path C:/Xilinx/ECE520/02-AXI_GPIO/axi_gpio_ext_jp/axi_gpio_ext_vitis/axi_gpio_ext_platform/hw/axi_gpio_ext_jp_wrapper.xsa
TRACE::2026-09-20.18:20:51::SCWPlatform::DSA directory C:/Xilinx/ECE520/02-AXI_GPIO/axi_gpio_ext_jp/axi_gpio_ext_vitis/axi_gpio_ext_platform/hw
TRACE::2026-09-20.18:20:51::SCWPlatform:: Platform Path C:/Xilinx/ECE520/02-AXI_GPIO/axi_gpio_ext_jp/axi_gpio_ext_vitis/axi_gpio_ext_platform/hw/axi_gpio_ext_jp_wrapper.xsa
TRACE::2026-09-20.18:20:51::SCWPlatform:: Unique name xilinx:zybo-z7-10::0.0
TRACE::2026-09-20.18:20:51::SCWPlatform::Do not have an existing db opened. 
TRACE::2026-09-20.18:20:52::SCWPlatform::Opened new HwDB with name axi_gpio_ext_jp_wrapper_1
TRACE::2026-09-20.18:20:52::SCWReader::Active system found as  axi_gpio_ext_platform
TRACE::2026-09-20.18:20:52::SCWReader::Handling sysconfig axi_gpio_ext_platform
TRACE::2026-09-20.18:20:52::SCWDomain::checking for install qemu data   : 
TRACE::2026-09-20.18:20:52::SCWDomain:: Using the QEMU Data from install at  : C:/Xilinx/Vitis/2023.1/data/emulation/platforms/zynq/sw/a9_standalone/qemu/
TRACE::2026-09-20.18:20:52::SCWDomain:: Using the QEMU args  from install at  : C:/Xilinx/Vitis/2023.1/data/emulation/platforms/zynq/sw/a9_standalone/qemu/qemu_args.txt
TRACE::2026-09-20.18:20:52::SCWPlatform::Trying to open the hw design at C:/Xilinx/ECE520/02-AXI_GPIO/axi_gpio_ext_jp/axi_gpio_ext_vitis/axi_gpio_ext_platform/hw/axi_gpio_ext_jp_wrapper.xsa
TRACE::2026-09-20.18:20:52::SCWPlatform::DSA given C:/Xilinx/ECE520/02-AXI_GPIO/axi_gpio_ext_jp/axi_gpio_ext_vitis/axi_gpio_ext_platform/hw/axi_gpio_ext_jp_wrapper.xsa
TRACE::2026-09-20.18:20:52::SCWPlatform::DSA absoulate path C:/Xilinx/ECE520/02-AXI_GPIO/axi_gpio_ext_jp/axi_gpio_ext_vitis/axi_gpio_ext_platform/hw/axi_gpio_ext_jp_wrapper.xsa
TRACE::2026-09-20.18:20:52::SCWPlatform::DSA directory C:/Xilinx/ECE520/02-AXI_GPIO/axi_gpio_ext_jp/axi_gpio_ext_vitis/axi_gpio_ext_platform/hw
TRACE::2026-09-20.18:20:52::SCWPlatform:: Platform Path C:/Xilinx/ECE520/02-AXI_GPIO/axi_gpio_ext_jp/axi_gpio_ext_vitis/axi_gpio_ext_platform/hw/axi_gpio_ext_jp_wrapper.xsa
TRACE::2026-09-20.18:20:52::SCWPlatform:: Unique name xilinx:zybo-z7-10::0.0
TRACE::2026-09-20.18:20:52::SCWPlatform::Trying to set the existing hwdb with name axi_gpio_ext_jp_wrapper_1
TRACE::2026-09-20.18:20:52::SCWPlatform::Opened existing hwdb axi_gpio_ext_jp_wrapper_1
TRACE::2026-09-20.18:20:52::SCWPlatform::Found the Hw Db part of the input DSA
TRACE::2026-09-20.18:20:52::SCWPlatform::Trying to open the hw design at C:/Xilinx/ECE520/02-AXI_GPIO/axi_gpio_ext_jp/axi_gpio_ext_vitis/axi_gpio_ext_platform/hw/axi_gpio_ext_jp_wrapper.xsa
TRACE::2026-09-20.18:20:52::SCWPlatform::DSA given C:/Xilinx/ECE520/02-AXI_GPIO/axi_gpio_ext_jp/axi_gpio_ext_vitis/axi_gpio_ext_platform/hw/axi_gpio_ext_jp_wrapper.xsa
TRACE::2026-09-20.18:20:52::SCWPlatform::DSA absoulate path C:/Xilinx/ECE520/02-AXI_GPIO/axi_gpio_ext_jp/axi_gpio_ext_vitis/axi_gpio_ext_platform/hw/axi_gpio_ext_jp_wrapper.xsa
TRACE::2026-09-20.18:20:52::SCWPlatform::DSA directory C:/Xilinx/ECE520/02-AXI_GPIO/axi_gpio_ext_jp/axi_gpio_ext_vitis/axi_gpio_ext_platform/hw
TRACE::2026-09-20.18:20:52::SCWPlatform:: Platform Path C:/Xilinx/ECE520/02-AXI_GPIO/axi_gpio_ext_jp/axi_gpio_ext_vitis/axi_gpio_ext_platform/hw/axi_gpio_ext_jp_wrapper.xsa
TRACE::2026-09-20.18:20:52::SCWPlatform:: Unique name xilinx:zybo-z7-10::0.0
TRACE::2026-09-20.18:20:52::SCWPlatform::Trying to set the existing hwdb with name axi_gpio_ext_jp_wrapper_1
TRACE::2026-09-20.18:20:52::SCWPlatform::Opened existing hwdb axi_gpio_ext_jp_wrapper_1
TRACE::2026-09-20.18:20:52::SCWPlatform::Found the Hw Db part of the input DSA
TRACE::2026-09-20.18:20:52::SCWPlatform::Trying to open the hw design at C:/Xilinx/ECE520/02-AXI_GPIO/axi_gpio_ext_jp/axi_gpio_ext_vitis/axi_gpio_ext_platform/hw/axi_gpio_ext_jp_wrapper.xsa
TRACE::2026-09-20.18:20:52::SCWPlatform::DSA given C:/Xilinx/ECE520/02-AXI_GPIO/axi_gpio_ext_jp/axi_gpio_ext_vitis/axi_gpio_ext_platform/hw/axi_gpio_ext_jp_wrapper.xsa
TRACE::2026-09-20.18:20:52::SCWPlatform::DSA absoulate path C:/Xilinx/ECE520/02-AXI_GPIO/axi_gpio_ext_jp/axi_gpio_ext_vitis/axi_gpio_ext_platform/hw/axi_gpio_ext_jp_wrapper.xsa
TRACE::2026-09-20.18:20:52::SCWPlatform::DSA directory C:/Xilinx/ECE520/02-AXI_GPIO/axi_gpio_ext_jp/axi_gpio_ext_vitis/axi_gpio_ext_platform/hw
TRACE::2026-09-20.18:20:52::SCWPlatform:: Platform Path C:/Xilinx/ECE520/02-AXI_GPIO/axi_gpio_ext_jp/axi_gpio_ext_vitis/axi_gpio_ext_platform/hw/axi_gpio_ext_jp_wrapper.xsa
TRACE::2026-09-20.18:20:52::SCWPlatform:: Unique name xilinx:zybo-z7-10::0.0
TRACE::2026-09-20.18:20:52::SCWPlatform::Trying to set the existing hwdb with name axi_gpio_ext_jp_wrapper_1
TRACE::2026-09-20.18:20:52::SCWPlatform::Opened existing hwdb axi_gpio_ext_jp_wrapper_1
TRACE::2026-09-20.18:20:52::SCWPlatform::Found the Hw Db part of the input DSA
TRACE::2026-09-20.18:20:52::SCWReader::Boot application domain added for zynq_fsbl
TRACE::2026-09-20.18:20:52::SCWPlatform::Trying to open the hw design at C:/Xilinx/ECE520/02-AXI_GPIO/axi_gpio_ext_jp/axi_gpio_ext_vitis/axi_gpio_ext_platform/hw/axi_gpio_ext_jp_wrapper.xsa
TRACE::2026-09-20.18:20:52::SCWPlatform::DSA given C:/Xilinx/ECE520/02-AXI_GPIO/axi_gpio_ext_jp/axi_gpio_ext_vitis/axi_gpio_ext_platform/hw/axi_gpio_ext_jp_wrapper.xsa
TRACE::2026-09-20.18:20:52::SCWPlatform::DSA absoulate path C:/Xilinx/ECE520/02-AXI_GPIO/axi_gpio_ext_jp/axi_gpio_ext_vitis/axi_gpio_ext_platform/hw/axi_gpio_ext_jp_wrapper.xsa
TRACE::2026-09-20.18:20:52::SCWPlatform::DSA directory C:/Xilinx/ECE520/02-AXI_GPIO/axi_gpio_ext_jp/axi_gpio_ext_vitis/axi_gpio_ext_platform/hw
TRACE::2026-09-20.18:20:52::SCWPlatform:: Platform Path C:/Xilinx/ECE520/02-AXI_GPIO/axi_gpio_ext_jp/axi_gpio_ext_vitis/axi_gpio_ext_platform/hw/axi_gpio_ext_jp_wrapper.xsa
TRACE::2026-09-20.18:20:52::SCWPlatform:: Unique name xilinx:zybo-z7-10::0.0
TRACE::2026-09-20.18:20:52::SCWPlatform::Trying to set the existing hwdb with name axi_gpio_ext_jp_wrapper_1
TRACE::2026-09-20.18:20:52::SCWPlatform::Opened existing hwdb axi_gpio_ext_jp_wrapper_1
TRACE::2026-09-20.18:20:52::SCWPlatform::Found the Hw Db part of the input DSA
TRACE::2026-09-20.18:20:52::SCWMssOS::Checking the sw design at  C:/Xilinx/ECE520/02-AXI_GPIO/axi_gpio_ext_jp/axi_gpio_ext_vitis/axi_gpio_ext_platform/zynq_fsbl/zynq_fsbl_bsp/system.mss
TRACE::2026-09-20.18:20:52::SCWMssOS::DEBUG:  swdes dump  
TRACE::2026-09-20.18:20:52::SCWMssOS::No sw design opened at  C:/Xilinx/ECE520/02-AXI_GPIO/axi_gpio_ext_jp/axi_gpio_ext_vitis/axi_gpio_ext_platform/zynq_fsbl/zynq_fsbl_bsp/system.mss
TRACE::2026-09-20.18:20:52::SCWMssOS::mss exists loading the mss file  C:/Xilinx/ECE520/02-AXI_GPIO/axi_gpio_ext_jp/axi_gpio_ext_vitis/axi_gpio_ext_platform/zynq_fsbl/zynq_fsbl_bsp/system.mss
TRACE::2026-09-20.18:20:52::SCWMssOS::Opened the sw design from mss  C:/Xilinx/ECE520/02-AXI_GPIO/axi_gpio_ext_jp/axi_gpio_ext_vitis/axi_gpio_ext_platform/zynq_fsbl/zynq_fsbl_bsp/system.mss
TRACE::2026-09-20.18:20:52::SCWMssOS::Adding the swdes entry C:/Xilinx/ECE520/02-AXI_GPIO/axi_gpio_ext_jp/axi_gpio_ext_vitis/axi_gpio_ext_platform/zynq_fsbl/zynq_fsbl_bsp/system.mss with des name system
TRACE::2026-09-20.18:20:52::SCWMssOS::updating the scw layer about changes
TRACE::2026-09-20.18:20:52::SCWMssOS::Opened the sw design.  C:/Xilinx/ECE520/02-AXI_GPIO/axi_gpio_ext_jp/axi_gpio_ext_vitis/axi_gpio_ext_platform/zynq_fsbl/zynq_fsbl_bsp/system.mss
TRACE::2026-09-20.18:20:52::SCWPlatform::Trying to open the hw design at C:/Xilinx/ECE520/02-AXI_GPIO/axi_gpio_ext_jp/axi_gpio_ext_vitis/axi_gpio_ext_platform/hw/axi_gpio_ext_jp_wrapper.xsa
TRACE::2026-09-20.18:20:52::SCWPlatform::DSA given C:/Xilinx/ECE520/02-AXI_GPIO/axi_gpio_ext_jp/axi_gpio_ext_vitis/axi_gpio_ext_platform/hw/axi_gpio_ext_jp_wrapper.xsa
TRACE::2026-09-20.18:20:52::SCWPlatform::DSA absoulate path C:/Xilinx/ECE520/02-AXI_GPIO/axi_gpio_ext_jp/axi_gpio_ext_vitis/axi_gpio_ext_platform/hw/axi_gpio_ext_jp_wrapper.xsa
TRACE::2026-09-20.18:20:52::SCWPlatform::DSA directory C:/Xilinx/ECE520/02-AXI_GPIO/axi_gpio_ext_jp/axi_gpio_ext_vitis/axi_gpio_ext_platform/hw
TRACE::2026-09-20.18:20:52::SCWPlatform:: Platform Path C:/Xilinx/ECE520/02-AXI_GPIO/axi_gpio_ext_jp/axi_gpio_ext_vitis/axi_gpio_ext_platform/hw/axi_gpio_ext_jp_wrapper.xsa
TRACE::2026-09-20.18:20:52::SCWPlatform:: Unique name xilinx:zybo-z7-10::0.0
TRACE::2026-09-20.18:20:52::SCWPlatform::Trying to set the existing hwdb with name axi_gpio_ext_jp_wrapper_1
TRACE::2026-09-20.18:20:52::SCWPlatform::Opened existing hwdb axi_gpio_ext_jp_wrapper_1
TRACE::2026-09-20.18:20:52::SCWPlatform::Found the Hw Db part of the input DSA
TRACE::2026-09-20.18:20:52::SCWMssOS::Checking the sw design at  C:/Xilinx/ECE520/02-AXI_GPIO/axi_gpio_ext_jp/axi_gpio_ext_vitis/axi_gpio_ext_platform/zynq_fsbl/zynq_fsbl_bsp/system.mss
TRACE::2026-09-20.18:20:52::SCWMssOS::DEBUG:  swdes dump  C:/Xilinx/ECE520/02-AXI_GPIO/axi_gpio_ext_jp/axi_gpio_ext_vitis/axi_gpio_ext_platform/zynq_fsbl/zynq_fsbl_bsp/system.mss|system||

TRACE::2026-09-20.18:20:52::SCWMssOS::Sw design exists and opened at  C:/Xilinx/ECE520/02-AXI_GPIO/axi_gpio_ext_jp/axi_gpio_ext_vitis/axi_gpio_ext_platform/zynq_fsbl/zynq_fsbl_bsp/system.mss
TRACE::2026-09-20.18:20:52::SCWMssOS:: library already available in sw design:  xilffs:5.0
TRACE::2026-09-20.18:20:52::SCWPlatform::Trying to open the hw design at C:/Xilinx/ECE520/02-AXI_GPIO/axi_gpio_ext_jp/axi_gpio_ext_vitis/axi_gpio_ext_platform/hw/axi_gpio_ext_jp_wrapper.xsa
TRACE::2026-09-20.18:20:52::SCWPlatform::DSA given C:/Xilinx/ECE520/02-AXI_GPIO/axi_gpio_ext_jp/axi_gpio_ext_vitis/axi_gpio_ext_platform/hw/axi_gpio_ext_jp_wrapper.xsa
TRACE::2026-09-20.18:20:52::SCWPlatform::DSA absoulate path C:/Xilinx/ECE520/02-AXI_GPIO/axi_gpio_ext_jp/axi_gpio_ext_vitis/axi_gpio_ext_platform/hw/axi_gpio_ext_jp_wrapper.xsa
TRACE::2026-09-20.18:20:52::SCWPlatform::DSA directory C:/Xilinx/ECE520/02-AXI_GPIO/axi_gpio_ext_jp/axi_gpio_ext_vitis/axi_gpio_ext_platform/hw
TRACE::2026-09-20.18:20:52::SCWPlatform:: Platform Path C:/Xilinx/ECE520/02-AXI_GPIO/axi_gpio_ext_jp/axi_gpio_ext_vitis/axi_gpio_ext_platform/hw/axi_gpio_ext_jp_wrapper.xsa
TRACE::2026-09-20.18:20:52::SCWPlatform:: Unique name xilinx:zybo-z7-10::0.0
TRACE::2026-09-20.18:20:52::SCWPlatform::Trying to set the existing hwdb with name axi_gpio_ext_jp_wrapper_1
TRACE::2026-09-20.18:20:52::SCWPlatform::Opened existing hwdb axi_gpio_ext_jp_wrapper_1
TRACE::2026-09-20.18:20:52::SCWPlatform::Found the Hw Db part of the input DSA
TRACE::2026-09-20.18:20:52::SCWMssOS::Checking the sw design at  C:/Xilinx/ECE520/02-AXI_GPIO/axi_gpio_ext_jp/axi_gpio_ext_vitis/axi_gpio_ext_platform/zynq_fsbl/zynq_fsbl_bsp/system.mss
TRACE::2026-09-20.18:20:52::SCWMssOS::DEBUG:  swdes dump  C:/Xilinx/ECE520/02-AXI_GPIO/axi_gpio_ext_jp/axi_gpio_ext_vitis/axi_gpio_ext_platform/zynq_fsbl/zynq_fsbl_bsp/system.mss|system||

TRACE::2026-09-20.18:20:52::SCWMssOS::Sw design exists and opened at  C:/Xilinx/ECE520/02-AXI_GPIO/axi_gpio_ext_jp/axi_gpio_ext_vitis/axi_gpio_ext_platform/zynq_fsbl/zynq_fsbl_bsp/system.mss
TRACE::2026-09-20.18:20:52::SCWMssOS:: library already available in sw design:  xilrsa:1.6
TRACE::2026-09-20.18:20:52::SCWMssOS::Saving the mss changes C:/Xilinx/ECE520/02-AXI_GPIO/axi_gpio_ext_jp/axi_gpio_ext_vitis/axi_gpio_ext_platform/zynq_fsbl/zynq_fsbl_bsp/system.mss
TRACE::2026-09-20.18:20:52::SCWMssOS::Found a swdesign opened with the mssfile.
TRACE::2026-09-20.18:20:52::SCWMssOS::Completed writemss as part of save.
TRACE::2026-09-20.18:20:52::SCWMssOS::Commit changes completed.
TRACE::2026-09-20.18:20:52::SCWReader::Adding prebuilt librarypaths as   
TRACE::2026-09-20.18:20:52::SCWReader::Adding prebuilt incpaths  as   
TRACE::2026-09-20.18:20:52::SCWPlatform::Trying to open the hw design at C:/Xilinx/ECE520/02-AXI_GPIO/axi_gpio_ext_jp/axi_gpio_ext_vitis/axi_gpio_ext_platform/hw/axi_gpio_ext_jp_wrapper.xsa
TRACE::2026-09-20.18:20:52::SCWPlatform::DSA given C:/Xilinx/ECE520/02-AXI_GPIO/axi_gpio_ext_jp/axi_gpio_ext_vitis/axi_gpio_ext_platform/hw/axi_gpio_ext_jp_wrapper.xsa
TRACE::2026-09-20.18:20:52::SCWPlatform::DSA absoulate path C:/Xilinx/ECE520/02-AXI_GPIO/axi_gpio_ext_jp/axi_gpio_ext_vitis/axi_gpio_ext_platform/hw/axi_gpio_ext_jp_wrapper.xsa
TRACE::2026-09-20.18:20:52::SCWPlatform::DSA directory C:/Xilinx/ECE520/02-AXI_GPIO/axi_gpio_ext_jp/axi_gpio_ext_vitis/axi_gpio_ext_platform/hw
TRACE::2026-09-20.18:20:52::SCWPlatform:: Platform Path C:/Xilinx/ECE520/02-AXI_GPIO/axi_gpio_ext_jp/axi_gpio_ext_vitis/axi_gpio_ext_platform/hw/axi_gpio_ext_jp_wrapper.xsa
TRACE::2026-09-20.18:20:52::SCWPlatform:: Unique name xilinx:zybo-z7-10::0.0
TRACE::2026-09-20.18:20:52::SCWPlatform::Trying to set the existing hwdb with name axi_gpio_ext_jp_wrapper_1
TRACE::2026-09-20.18:20:52::SCWPlatform::Opened existing hwdb axi_gpio_ext_jp_wrapper_1
TRACE::2026-09-20.18:20:52::SCWPlatform::Found the Hw Db part of the input DSA
TRACE::2026-09-20.18:20:52::SCWMssOS::Checking the sw design at  C:/Xilinx/ECE520/02-AXI_GPIO/axi_gpio_ext_jp/axi_gpio_ext_vitis/axi_gpio_ext_platform/zynq_fsbl/zynq_fsbl_bsp/system.mss
TRACE::2026-09-20.18:20:52::SCWMssOS::DEBUG:  swdes dump  C:/Xilinx/ECE520/02-AXI_GPIO/axi_gpio_ext_jp/axi_gpio_ext_vitis/axi_gpio_ext_platform/zynq_fsbl/zynq_fsbl_bsp/system.mss|system||

TRACE::2026-09-20.18:20:52::SCWMssOS::Sw design exists and opened at  C:/Xilinx/ECE520/02-AXI_GPIO/axi_gpio_ext_jp/axi_gpio_ext_vitis/axi_gpio_ext_platform/zynq_fsbl/zynq_fsbl_bsp/system.mss
TRACE::2026-09-20.18:20:52::SCWReader::No isolation master present  
TRACE::2026-09-20.18:20:52::SCWDomain::checking for install qemu data   : 
TRACE::2026-09-20.18:20:52::SCWDomain:: Using the QEMU Data from install at  : C:/Xilinx/Vitis/2023.1/data/emulation/platforms/zynq/sw/a9_standalone/qemu/
TRACE::2026-09-20.18:20:52::SCWDomain:: Using the QEMU args  from install at  : C:/Xilinx/Vitis/2023.1/data/emulation/platforms/zynq/sw/a9_standalone/qemu/qemu_args.txt
TRACE::2026-09-20.18:20:52::SCWPlatform::Trying to open the hw design at C:/Xilinx/ECE520/02-AXI_GPIO/axi_gpio_ext_jp/axi_gpio_ext_vitis/axi_gpio_ext_platform/hw/axi_gpio_ext_jp_wrapper.xsa
TRACE::2026-09-20.18:20:52::SCWPlatform::DSA given C:/Xilinx/ECE520/02-AXI_GPIO/axi_gpio_ext_jp/axi_gpio_ext_vitis/axi_gpio_ext_platform/hw/axi_gpio_ext_jp_wrapper.xsa
TRACE::2026-09-20.18:20:52::SCWPlatform::DSA absoulate path C:/Xilinx/ECE520/02-AXI_GPIO/axi_gpio_ext_jp/axi_gpio_ext_vitis/axi_gpio_ext_platform/hw/axi_gpio_ext_jp_wrapper.xsa
TRACE::2026-09-20.18:20:52::SCWPlatform::DSA directory C:/Xilinx/ECE520/02-AXI_GPIO/axi_gpio_ext_jp/axi_gpio_ext_vitis/axi_gpio_ext_platform/hw
TRACE::2026-09-20.18:20:52::SCWPlatform:: Platform Path C:/Xilinx/ECE520/02-AXI_GPIO/axi_gpio_ext_jp/axi_gpio_ext_vitis/axi_gpio_ext_platform/hw/axi_gpio_ext_jp_wrapper.xsa
TRACE::2026-09-20.18:20:52::SCWPlatform:: Unique name xilinx:zybo-z7-10::0.0
TRACE::2026-09-20.18:20:52::SCWPlatform::Trying to set the existing hwdb with name axi_gpio_ext_jp_wrapper_1
TRACE::2026-09-20.18:20:52::SCWPlatform::Opened existing hwdb axi_gpio_ext_jp_wrapper_1
TRACE::2026-09-20.18:20:52::SCWPlatform::Found the Hw Db part of the input DSA
TRACE::2026-09-20.18:20:52::SCWPlatform::Trying to open the hw design at C:/Xilinx/ECE520/02-AXI_GPIO/axi_gpio_ext_jp/axi_gpio_ext_vitis/axi_gpio_ext_platform/hw/axi_gpio_ext_jp_wrapper.xsa
TRACE::2026-09-20.18:20:52::SCWPlatform::DSA given C:/Xilinx/ECE520/02-AXI_GPIO/axi_gpio_ext_jp/axi_gpio_ext_vitis/axi_gpio_ext_platform/hw/axi_gpio_ext_jp_wrapper.xsa
TRACE::2026-09-20.18:20:52::SCWPlatform::DSA absoulate path C:/Xilinx/ECE520/02-AXI_GPIO/axi_gpio_ext_jp/axi_gpio_ext_vitis/axi_gpio_ext_platform/hw/axi_gpio_ext_jp_wrapper.xsa
TRACE::2026-09-20.18:20:52::SCWPlatform::DSA directory C:/Xilinx/ECE520/02-AXI_GPIO/axi_gpio_ext_jp/axi_gpio_ext_vitis/axi_gpio_ext_platform/hw
TRACE::2026-09-20.18:20:52::SCWPlatform:: Platform Path C:/Xilinx/ECE520/02-AXI_GPIO/axi_gpio_ext_jp/axi_gpio_ext_vitis/axi_gpio_ext_platform/hw/axi_gpio_ext_jp_wrapper.xsa
TRACE::2026-09-20.18:20:52::SCWPlatform:: Unique name xilinx:zybo-z7-10::0.0
TRACE::2026-09-20.18:20:52::SCWPlatform::Trying to set the existing hwdb with name axi_gpio_ext_jp_wrapper_1
TRACE::2026-09-20.18:20:52::SCWPlatform::Opened existing hwdb axi_gpio_ext_jp_wrapper_1
TRACE::2026-09-20.18:20:52::SCWPlatform::Found the Hw Db part of the input DSA
TRACE::2026-09-20.18:20:52::SCWPlatform::Trying to open the hw design at C:/Xilinx/ECE520/02-AXI_GPIO/axi_gpio_ext_jp/axi_gpio_ext_vitis/axi_gpio_ext_platform/hw/axi_gpio_ext_jp_wrapper.xsa
TRACE::2026-09-20.18:20:52::SCWPlatform::DSA given C:/Xilinx/ECE520/02-AXI_GPIO/axi_gpio_ext_jp/axi_gpio_ext_vitis/axi_gpio_ext_platform/hw/axi_gpio_ext_jp_wrapper.xsa
TRACE::2026-09-20.18:20:52::SCWPlatform::DSA absoulate path C:/Xilinx/ECE520/02-AXI_GPIO/axi_gpio_ext_jp/axi_gpio_ext_vitis/axi_gpio_ext_platform/hw/axi_gpio_ext_jp_wrapper.xsa
TRACE::2026-09-20.18:20:52::SCWPlatform::DSA directory C:/Xilinx/ECE520/02-AXI_GPIO/axi_gpio_ext_jp/axi_gpio_ext_vitis/axi_gpio_ext_platform/hw
TRACE::2026-09-20.18:20:52::SCWPlatform:: Platform Path C:/Xilinx/ECE520/02-AXI_GPIO/axi_gpio_ext_jp/axi_gpio_ext_vitis/axi_gpio_ext_platform/hw/axi_gpio_ext_jp_wrapper.xsa
TRACE::2026-09-20.18:20:52::SCWPlatform:: Unique name xilinx:zybo-z7-10::0.0
TRACE::2026-09-20.18:20:52::SCWPlatform::Trying to set the existing hwdb with name axi_gpio_ext_jp_wrapper_1
TRACE::2026-09-20.18:20:52::SCWPlatform::Opened existing hwdb axi_gpio_ext_jp_wrapper_1
TRACE::2026-09-20.18:20:52::SCWPlatform::Found the Hw Db part of the input DSA
TRACE::2026-09-20.18:20:52::SCWMssOS::Checking the sw design at  C:/Xilinx/ECE520/02-AXI_GPIO/axi_gpio_ext_jp/axi_gpio_ext_vitis/axi_gpio_ext_platform/ps7_cortexa9_0/standalone_domain/bsp/system.mss
TRACE::2026-09-20.18:20:52::SCWMssOS::DEBUG:  swdes dump  C:/Xilinx/ECE520/02-AXI_GPIO/axi_gpio_ext_jp/axi_gpio_ext_vitis/axi_gpio_ext_platform/zynq_fsbl/zynq_fsbl_bsp/system.mss|system||

TRACE::2026-09-20.18:20:52::SCWMssOS::No sw design opened at  C:/Xilinx/ECE520/02-AXI_GPIO/axi_gpio_ext_jp/axi_gpio_ext_vitis/axi_gpio_ext_platform/ps7_cortexa9_0/standalone_domain/bsp/system.mss
TRACE::2026-09-20.18:20:52::SCWMssOS::mss exists loading the mss file  C:/Xilinx/ECE520/02-AXI_GPIO/axi_gpio_ext_jp/axi_gpio_ext_vitis/axi_gpio_ext_platform/ps7_cortexa9_0/standalone_domain/bsp/system.mss
TRACE::2026-09-20.18:20:52::SCWMssOS::Opened the sw design from mss  C:/Xilinx/ECE520/02-AXI_GPIO/axi_gpio_ext_jp/axi_gpio_ext_vitis/axi_gpio_ext_platform/ps7_cortexa9_0/standalone_domain/bsp/system.mss
TRACE::2026-09-20.18:20:52::SCWMssOS::Adding the swdes entry C:/Xilinx/ECE520/02-AXI_GPIO/axi_gpio_ext_jp/axi_gpio_ext_vitis/axi_gpio_ext_platform/ps7_cortexa9_0/standalone_domain/bsp/system.mss with des name system_0
TRACE::2026-09-20.18:20:52::SCWMssOS::updating the scw layer about changes
TRACE::2026-09-20.18:20:52::SCWMssOS::Opened the sw design.  C:/Xilinx/ECE520/02-AXI_GPIO/axi_gpio_ext_jp/axi_gpio_ext_vitis/axi_gpio_ext_platform/ps7_cortexa9_0/standalone_domain/bsp/system.mss
TRACE::2026-09-20.18:20:52::SCWMssOS::Saving the mss changes C:/Xilinx/ECE520/02-AXI_GPIO/axi_gpio_ext_jp/axi_gpio_ext_vitis/axi_gpio_ext_platform/ps7_cortexa9_0/standalone_domain/bsp/system.mss
TRACE::2026-09-20.18:20:52::SCWMssOS::Found a swdesign opened with the mssfile.
TRACE::2026-09-20.18:20:52::SCWMssOS::Completed writemss as part of save.
TRACE::2026-09-20.18:20:52::SCWMssOS::Commit changes completed.
TRACE::2026-09-20.18:20:52::SCWReader::Adding prebuilt librarypaths as   
TRACE::2026-09-20.18:20:52::SCWReader::Adding prebuilt incpaths  as   
TRACE::2026-09-20.18:20:52::SCWPlatform::Trying to open the hw design at C:/Xilinx/ECE520/02-AXI_GPIO/axi_gpio_ext_jp/axi_gpio_ext_vitis/axi_gpio_ext_platform/hw/axi_gpio_ext_jp_wrapper.xsa
TRACE::2026-09-20.18:20:52::SCWPlatform::DSA given C:/Xilinx/ECE520/02-AXI_GPIO/axi_gpio_ext_jp/axi_gpio_ext_vitis/axi_gpio_ext_platform/hw/axi_gpio_ext_jp_wrapper.xsa
TRACE::2026-09-20.18:20:52::SCWPlatform::DSA absoulate path C:/Xilinx/ECE520/02-AXI_GPIO/axi_gpio_ext_jp/axi_gpio_ext_vitis/axi_gpio_ext_platform/hw/axi_gpio_ext_jp_wrapper.xsa
TRACE::2026-09-20.18:20:52::SCWPlatform::DSA directory C:/Xilinx/ECE520/02-AXI_GPIO/axi_gpio_ext_jp/axi_gpio_ext_vitis/axi_gpio_ext_platform/hw
TRACE::2026-09-20.18:20:52::SCWPlatform:: Platform Path C:/Xilinx/ECE520/02-AXI_GPIO/axi_gpio_ext_jp/axi_gpio_ext_vitis/axi_gpio_ext_platform/hw/axi_gpio_ext_jp_wrapper.xsa
TRACE::2026-09-20.18:20:52::SCWPlatform:: Unique name xilinx:zybo-z7-10::0.0
TRACE::2026-09-20.18:20:52::SCWPlatform::Trying to set the existing hwdb with name axi_gpio_ext_jp_wrapper_1
TRACE::2026-09-20.18:20:52::SCWPlatform::Opened existing hwdb axi_gpio_ext_jp_wrapper_1
TRACE::2026-09-20.18:20:52::SCWPlatform::Found the Hw Db part of the input DSA
TRACE::2026-09-20.18:20:52::SCWMssOS::Checking the sw design at  C:/Xilinx/ECE520/02-AXI_GPIO/axi_gpio_ext_jp/axi_gpio_ext_vitis/axi_gpio_ext_platform/ps7_cortexa9_0/standalone_domain/bsp/system.mss
TRACE::2026-09-20.18:20:52::SCWMssOS::DEBUG:  swdes dump  C:/Xilinx/ECE520/02-AXI_GPIO/axi_gpio_ext_jp/axi_gpio_ext_vitis/axi_gpio_ext_platform/ps7_cortexa9_0/standalone_domain/bsp/system.mss|system_0||
C:/Xilinx/ECE520/02-AXI_GPIO/axi_gpio_ext_jp/axi_gpio_ext_vitis/axi_gpio_ext_platform/zynq_fsbl/zynq_fsbl_bsp/system.mss|system||

TRACE::2026-09-20.18:20:52::SCWMssOS::Sw design exists and opened at  C:/Xilinx/ECE520/02-AXI_GPIO/axi_gpio_ext_jp/axi_gpio_ext_vitis/axi_gpio_ext_platform/ps7_cortexa9_0/standalone_domain/bsp/system.mss
TRACE::2026-09-20.18:20:52::SCWReader::No isolation master present  
LOG::2026-09-20.18:22:21::SCWPlatform::Started generating the artifacts platform axi_gpio_ext_platform
TRACE::2026-09-20.18:22:21::SCWPlatform::Sanity checking of platform is completed
LOG::2026-09-20.18:22:21::SCWPlatform::Started generating the artifacts for system configuration axi_gpio_ext_platform
LOG::2026-09-20.18:22:21::SCWSystem::Checking the domain zynq_fsbl
LOG::2026-09-20.18:22:21::SCWSystem::Doing application build for :  zynq_fsbl
TRACE::2026-09-20.18:22:21::SCWBDomain::Not a forced makefile updation, No changes are present. 
TRACE::2026-09-20.18:22:21::SCWDomain::Building the domain as part of full build :  zynq_fsbl
TRACE::2026-09-20.18:22:21::SCWPlatform::Trying to open the hw design at C:/Xilinx/ECE520/02-AXI_GPIO/axi_gpio_ext_jp/axi_gpio_ext_vitis/axi_gpio_ext_platform/hw/axi_gpio_ext_jp_wrapper.xsa
TRACE::2026-09-20.18:22:21::SCWPlatform::DSA given C:/Xilinx/ECE520/02-AXI_GPIO/axi_gpio_ext_jp/axi_gpio_ext_vitis/axi_gpio_ext_platform/hw/axi_gpio_ext_jp_wrapper.xsa
TRACE::2026-09-20.18:22:21::SCWPlatform::DSA absoulate path C:/Xilinx/ECE520/02-AXI_GPIO/axi_gpio_ext_jp/axi_gpio_ext_vitis/axi_gpio_ext_platform/hw/axi_gpio_ext_jp_wrapper.xsa
TRACE::2026-09-20.18:22:21::SCWPlatform::DSA directory C:/Xilinx/ECE520/02-AXI_GPIO/axi_gpio_ext_jp/axi_gpio_ext_vitis/axi_gpio_ext_platform/hw
TRACE::2026-09-20.18:22:21::SCWPlatform:: Platform Path C:/Xilinx/ECE520/02-AXI_GPIO/axi_gpio_ext_jp/axi_gpio_ext_vitis/axi_gpio_ext_platform/hw/axi_gpio_ext_jp_wrapper.xsa
TRACE::2026-09-20.18:22:21::SCWPlatform:: Unique name xilinx:zybo-z7-10::0.0
TRACE::2026-09-20.18:22:21::SCWPlatform::Trying to set the existing hwdb with name axi_gpio_ext_jp_wrapper_1
TRACE::2026-09-20.18:22:21::SCWPlatform::Opened existing hwdb axi_gpio_ext_jp_wrapper_1
TRACE::2026-09-20.18:22:21::SCWPlatform::Found the Hw Db part of the input DSA
TRACE::2026-09-20.18:22:21::SCWMssOS::Checking the sw design at  C:/Xilinx/ECE520/02-AXI_GPIO/axi_gpio_ext_jp/axi_gpio_ext_vitis/axi_gpio_ext_platform/zynq_fsbl/zynq_fsbl_bsp/system.mss
TRACE::2026-09-20.18:22:21::SCWMssOS::DEBUG:  swdes dump  C:/Xilinx/ECE520/02-AXI_GPIO/axi_gpio_ext_jp/axi_gpio_ext_vitis/axi_gpio_ext_platform/ps7_cortexa9_0/standalone_domain/bsp/system.mss|system_0||
C:/Xilinx/ECE520/02-AXI_GPIO/axi_gpio_ext_jp/axi_gpio_ext_vitis/axi_gpio_ext_platform/zynq_fsbl/zynq_fsbl_bsp/system.mss|system||

TRACE::2026-09-20.18:22:21::SCWMssOS::Sw design exists and opened at  C:/Xilinx/ECE520/02-AXI_GPIO/axi_gpio_ext_jp/axi_gpio_ext_vitis/axi_gpio_ext_platform/zynq_fsbl/zynq_fsbl_bsp/system.mss
TRACE::2026-09-20.18:22:21::SCWBDomain::Completed writing the mss file at C:/Xilinx/ECE520/02-AXI_GPIO/axi_gpio_ext_jp/axi_gpio_ext_vitis/axi_gpio_ext_platform/zynq_fsbl/zynq_fsbl_bsp
TRACE::2026-09-20.18:22:21::SCWBDomain::bsp generated is upto date with the mss file. Skipping bsp generation.
TRACE::2026-09-20.18:22:21::SCWBDomain::Not a forced makefile updation, No changes are present. 
TRACE::2026-09-20.18:22:21::SCWBDomain::System Command Ran  C:&  cd  C:/Xilinx/ECE520/02-AXI_GPIO/axi_gpio_ext_jp/axi_gpio_ext_vitis/axi_gpio_ext_platform/zynq_fsbl& make -C  zynq_fsbl_bsp & make 
TRACE::2026-09-20.18:22:21::SCWBDomain::make: Entering directory 'C:/Xilinx/ECE520/02-AXI_GPIO/axi_gpio_ext_jp/axi_gpio_ext_vitis/axi_gpio_ext_platform/zynq_fsbl/zynq_
TRACE::2026-09-20.18:22:21::SCWBDomain::fsbl_bsp'

TRACE::2026-09-20.18:22:21::SCWBDomain::make --no-print-directory seq_libs

TRACE::2026-09-20.18:22:21::SCWBDomain::"Running Make include in ps7_cortexa9_0/libsrc/coresightps_dcc_v1_8/src"

TRACE::2026-09-20.18:22:21::SCWBDomain::make -C ps7_cortexa9_0/libsrc/coresightps_dcc_v1_8/src -s include  "SHELL=CMD" "COMPILER=arm-none-eabi-gcc" "ASSEMBLER=arm-none
TRACE::2026-09-20.18:22:21::SCWBDomain::-eabi-as" "ARCHIVER=arm-none-eabi-ar" "COMPILER_FLAGS=  -O2 -c" "EXTRA_COMPILER_FLAGS=-mcpu=cortex-a9 -mfpu=vfpv3 -mfloat-abi=h
TRACE::2026-09-20.18:22:21::SCWBDomain::ard -nostartfiles -g -Wall -Wextra -fno-tree-loop-distribute-patterns"

TRACE::2026-09-20.18:22:21::SCWBDomain::"Running Make include in ps7_cortexa9_0/libsrc/cpu_cortexa9_v2_11/src"

TRACE::2026-09-20.18:22:21::SCWBDomain::make -C ps7_cortexa9_0/libsrc/cpu_cortexa9_v2_11/src -s include  "SHELL=CMD" "COMPILER=arm-none-eabi-gcc" "ASSEMBLER=arm-none-e
TRACE::2026-09-20.18:22:21::SCWBDomain::abi-as" "ARCHIVER=arm-none-eabi-ar" "COMPILER_FLAGS=  -O2 -c" "EXTRA_COMPILER_FLAGS=-mcpu=cortex-a9 -mfpu=vfpv3 -mfloat-abi=har
TRACE::2026-09-20.18:22:21::SCWBDomain::d -nostartfiles -g -Wall -Wextra -fno-tree-loop-distribute-patterns"

TRACE::2026-09-20.18:22:21::SCWBDomain::"Running Make include in ps7_cortexa9_0/libsrc/ddrps_v1_2/src"

TRACE::2026-09-20.18:22:21::SCWBDomain::make -C ps7_cortexa9_0/libsrc/ddrps_v1_2/src -s include  "SHELL=CMD" "COMPILER=arm-none-eabi-gcc" "ASSEMBLER=arm-none-eabi-as" 
TRACE::2026-09-20.18:22:21::SCWBDomain::"ARCHIVER=arm-none-eabi-ar" "COMPILER_FLAGS=  -O2 -c" "EXTRA_COMPILER_FLAGS=-mcpu=cortex-a9 -mfpu=vfpv3 -mfloat-abi=hard -nosta
TRACE::2026-09-20.18:22:21::SCWBDomain::rtfiles -g -Wall -Wextra -fno-tree-loop-distribute-patterns"

TRACE::2026-09-20.18:22:21::SCWBDomain::"Running Make include in ps7_cortexa9_0/libsrc/devcfg_v3_7/src"

TRACE::2026-09-20.18:22:21::SCWBDomain::make -C ps7_cortexa9_0/libsrc/devcfg_v3_7/src -s include  "SHELL=CMD" "COMPILER=arm-none-eabi-gcc" "ASSEMBLER=arm-none-eabi-as"
TRACE::2026-09-20.18:22:21::SCWBDomain:: "ARCHIVER=arm-none-eabi-ar" "COMPILER_FLAGS=  -O2 -c" "EXTRA_COMPILER_FLAGS=-mcpu=cortex-a9 -mfpu=vfpv3 -mfloat-abi=hard -nost
TRACE::2026-09-20.18:22:21::SCWBDomain::artfiles -g -Wall -Wextra -fno-tree-loop-distribute-patterns"

TRACE::2026-09-20.18:22:21::SCWBDomain::"Running Make include in ps7_cortexa9_0/libsrc/dmaps_v2_8/src"

TRACE::2026-09-20.18:22:21::SCWBDomain::make -C ps7_cortexa9_0/libsrc/dmaps_v2_8/src -s include  "SHELL=CMD" "COMPILER=arm-none-eabi-gcc" "ASSEMBLER=arm-none-eabi-as" 
TRACE::2026-09-20.18:22:21::SCWBDomain::"ARCHIVER=arm-none-eabi-ar" "COMPILER_FLAGS=  -O2 -c" "EXTRA_COMPILER_FLAGS=-mcpu=cortex-a9 -mfpu=vfpv3 -mfloat-abi=hard -nosta
TRACE::2026-09-20.18:22:21::SCWBDomain::rtfiles -g -Wall -Wextra -fno-tree-loop-distribute-patterns"

TRACE::2026-09-20.18:22:21::SCWBDomain::"Running Make include in ps7_cortexa9_0/libsrc/emacps_v3_18/src"

TRACE::2026-09-20.18:22:21::SCWBDomain::make -C ps7_cortexa9_0/libsrc/emacps_v3_18/src -s include  "SHELL=CMD" "COMPILER=arm-none-eabi-gcc" "ASSEMBLER=arm-none-eabi-as
TRACE::2026-09-20.18:22:21::SCWBDomain::" "ARCHIVER=arm-none-eabi-ar" "COMPILER_FLAGS=  -O2 -c" "EXTRA_COMPILER_FLAGS=-mcpu=cortex-a9 -mfpu=vfpv3 -mfloat-abi=hard -nos
TRACE::2026-09-20.18:22:21::SCWBDomain::tartfiles -g -Wall -Wextra -fno-tree-loop-distribute-patterns"

TRACE::2026-09-20.18:22:22::SCWBDomain::"Running Make include in ps7_cortexa9_0/libsrc/gpiops_v3_11/src"

TRACE::2026-09-20.18:22:22::SCWBDomain::make -C ps7_cortexa9_0/libsrc/gpiops_v3_11/src -s include  "SHELL=CMD" "COMPILER=arm-none-eabi-gcc" "ASSEMBLER=arm-none-eabi-as
TRACE::2026-09-20.18:22:22::SCWBDomain::" "ARCHIVER=arm-none-eabi-ar" "COMPILER_FLAGS=  -O2 -c" "EXTRA_COMPILER_FLAGS=-mcpu=cortex-a9 -mfpu=vfpv3 -mfloat-abi=hard -nos
TRACE::2026-09-20.18:22:22::SCWBDomain::tartfiles -g -Wall -Wextra -fno-tree-loop-distribute-patterns"

TRACE::2026-09-20.18:22:22::SCWBDomain::"Running Make include in ps7_cortexa9_0/libsrc/gpio_v4_9/src"

TRACE::2026-09-20.18:22:22::SCWBDomain::make -C ps7_cortexa9_0/libsrc/gpio_v4_9/src -s include  "SHELL=CMD" "COMPILER=arm-none-eabi-gcc" "ASSEMBLER=arm-none-eabi-as" "
TRACE::2026-09-20.18:22:22::SCWBDomain::ARCHIVER=arm-none-eabi-ar" "COMPILER_FLAGS=  -O2 -c" "EXTRA_COMPILER_FLAGS=-mcpu=cortex-a9 -mfpu=vfpv3 -mfloat-abi=hard -nostar
TRACE::2026-09-20.18:22:22::SCWBDomain::tfiles -g -Wall -Wextra -fno-tree-loop-distribute-patterns"

TRACE::2026-09-20.18:22:22::SCWBDomain::"Running Make include in ps7_cortexa9_0/libsrc/qspips_v3_10/src"

TRACE::2026-09-20.18:22:22::SCWBDomain::make -C ps7_cortexa9_0/libsrc/qspips_v3_10/src -s include  "SHELL=CMD" "COMPILER=arm-none-eabi-gcc" "ASSEMBLER=arm-none-eabi-as
TRACE::2026-09-20.18:22:22::SCWBDomain::" "ARCHIVER=arm-none-eabi-ar" "COMPILER_FLAGS=  -O2 -c" "EXTRA_COMPILER_FLAGS=-mcpu=cortex-a9 -mfpu=vfpv3 -mfloat-abi=hard -nos
TRACE::2026-09-20.18:22:22::SCWBDomain::tartfiles -g -Wall -Wextra -fno-tree-loop-distribute-patterns"

TRACE::2026-09-20.18:22:22::SCWBDomain::"Running Make include in ps7_cortexa9_0/libsrc/scugic_v5_1/src"

TRACE::2026-09-20.18:22:22::SCWBDomain::make -C ps7_cortexa9_0/libsrc/scugic_v5_1/src -s include  "SHELL=CMD" "COMPILER=arm-none-eabi-gcc" "ASSEMBLER=arm-none-eabi-as"
TRACE::2026-09-20.18:22:22::SCWBDomain:: "ARCHIVER=arm-none-eabi-ar" "COMPILER_FLAGS=  -O2 -c" "EXTRA_COMPILER_FLAGS=-mcpu=cortex-a9 -mfpu=vfpv3 -mfloat-abi=hard -nost
TRACE::2026-09-20.18:22:22::SCWBDomain::artfiles -g -Wall -Wextra -fno-tree-loop-distribute-patterns"

TRACE::2026-09-20.18:22:22::SCWBDomain::"Running Make include in ps7_cortexa9_0/libsrc/scutimer_v2_4/src"

TRACE::2026-09-20.18:22:22::SCWBDomain::make -C ps7_cortexa9_0/libsrc/scutimer_v2_4/src -s include  "SHELL=CMD" "COMPILER=arm-none-eabi-gcc" "ASSEMBLER=arm-none-eabi-a
TRACE::2026-09-20.18:22:22::SCWBDomain::s" "ARCHIVER=arm-none-eabi-ar" "COMPILER_FLAGS=  -O2 -c" "EXTRA_COMPILER_FLAGS=-mcpu=cortex-a9 -mfpu=vfpv3 -mfloat-abi=hard -no
TRACE::2026-09-20.18:22:22::SCWBDomain::startfiles -g -Wall -Wextra -fno-tree-loop-distribute-patterns"

TRACE::2026-09-20.18:22:23::SCWBDomain::"Running Make include in ps7_cortexa9_0/libsrc/scuwdt_v2_4/src"

TRACE::2026-09-20.18:22:23::SCWBDomain::make -C ps7_cortexa9_0/libsrc/scuwdt_v2_4/src -s include  "SHELL=CMD" "COMPILER=arm-none-eabi-gcc" "ASSEMBLER=arm-none-eabi-as"
TRACE::2026-09-20.18:22:23::SCWBDomain:: "ARCHIVER=arm-none-eabi-ar" "COMPILER_FLAGS=  -O2 -c" "EXTRA_COMPILER_FLAGS=-mcpu=cortex-a9 -mfpu=vfpv3 -mfloat-abi=hard -nost
TRACE::2026-09-20.18:22:23::SCWBDomain::artfiles -g -Wall -Wextra -fno-tree-loop-distribute-patterns"

TRACE::2026-09-20.18:22:23::SCWBDomain::"Running Make include in ps7_cortexa9_0/libsrc/sdps_v4_1/src"

TRACE::2026-09-20.18:22:23::SCWBDomain::make -C ps7_cortexa9_0/libsrc/sdps_v4_1/src -s include  "SHELL=CMD" "COMPILER=arm-none-eabi-gcc" "ASSEMBLER=arm-none-eabi-as" "
TRACE::2026-09-20.18:22:23::SCWBDomain::ARCHIVER=arm-none-eabi-ar" "COMPILER_FLAGS=  -O2 -c" "EXTRA_COMPILER_FLAGS=-mcpu=cortex-a9 -mfpu=vfpv3 -mfloat-abi=hard -nostar
TRACE::2026-09-20.18:22:23::SCWBDomain::tfiles -g -Wall -Wextra -fno-tree-loop-distribute-patterns"

TRACE::2026-09-20.18:22:23::SCWBDomain::"Running Make include in ps7_cortexa9_0/libsrc/standalone_v8_1/src"

TRACE::2026-09-20.18:22:23::SCWBDomain::make -C ps7_cortexa9_0/libsrc/standalone_v8_1/src -s include  "SHELL=CMD" "COMPILER=arm-none-eabi-gcc" "ASSEMBLER=arm-none-eabi
TRACE::2026-09-20.18:22:23::SCWBDomain::-as" "ARCHIVER=arm-none-eabi-ar" "COMPILER_FLAGS=  -O2 -c" "EXTRA_COMPILER_FLAGS=-mcpu=cortex-a9 -mfpu=vfpv3 -mfloat-abi=hard -
TRACE::2026-09-20.18:22:23::SCWBDomain::nostartfiles -g -Wall -Wextra -fno-tree-loop-distribute-patterns"

TRACE::2026-09-20.18:22:24::SCWBDomain::"Running Make include in ps7_cortexa9_0/libsrc/uartps_v3_12/src"

TRACE::2026-09-20.18:22:24::SCWBDomain::make -C ps7_cortexa9_0/libsrc/uartps_v3_12/src -s include  "SHELL=CMD" "COMPILER=arm-none-eabi-gcc" "ASSEMBLER=arm-none-eabi-as
TRACE::2026-09-20.18:22:24::SCWBDomain::" "ARCHIVER=arm-none-eabi-ar" "COMPILER_FLAGS=  -O2 -c" "EXTRA_COMPILER_FLAGS=-mcpu=cortex-a9 -mfpu=vfpv3 -mfloat-abi=hard -nos
TRACE::2026-09-20.18:22:24::SCWBDomain::tartfiles -g -Wall -Wextra -fno-tree-loop-distribute-patterns"

TRACE::2026-09-20.18:22:25::SCWBDomain::"Running Make include in ps7_cortexa9_0/libsrc/usbps_v2_7/src"

TRACE::2026-09-20.18:22:25::SCWBDomain::make -C ps7_cortexa9_0/libsrc/usbps_v2_7/src -s include  "SHELL=CMD" "COMPILER=arm-none-eabi-gcc" "ASSEMBLER=arm-none-eabi-as" 
TRACE::2026-09-20.18:22:25::SCWBDomain::"ARCHIVER=arm-none-eabi-ar" "COMPILER_FLAGS=  -O2 -c" "EXTRA_COMPILER_FLAGS=-mcpu=cortex-a9 -mfpu=vfpv3 -mfloat-abi=hard -nosta
TRACE::2026-09-20.18:22:25::SCWBDomain::rtfiles -g -Wall -Wextra -fno-tree-loop-distribute-patterns"

TRACE::2026-09-20.18:22:25::SCWBDomain::"Running Make include in ps7_cortexa9_0/libsrc/xadcps_v2_6/src"

TRACE::2026-09-20.18:22:25::SCWBDomain::make -C ps7_cortexa9_0/libsrc/xadcps_v2_6/src -s include  "SHELL=CMD" "COMPILER=arm-none-eabi-gcc" "ASSEMBLER=arm-none-eabi-as"
TRACE::2026-09-20.18:22:25::SCWBDomain:: "ARCHIVER=arm-none-eabi-ar" "COMPILER_FLAGS=  -O2 -c" "EXTRA_COMPILER_FLAGS=-mcpu=cortex-a9 -mfpu=vfpv3 -mfloat-abi=hard -nost
TRACE::2026-09-20.18:22:25::SCWBDomain::artfiles -g -Wall -Wextra -fno-tree-loop-distribute-patterns"

TRACE::2026-09-20.18:22:25::SCWBDomain::"Running Make include in ps7_cortexa9_0/libsrc/xilffs_v5_0/src"

TRACE::2026-09-20.18:22:25::SCWBDomain::make -C ps7_cortexa9_0/libsrc/xilffs_v5_0/src -s include  "SHELL=CMD" "COMPILER=arm-none-eabi-gcc" "ASSEMBLER=arm-none-eabi-as"
TRACE::2026-09-20.18:22:25::SCWBDomain:: "ARCHIVER=arm-none-eabi-ar" "COMPILER_FLAGS=  -O2 -c" "EXTRA_COMPILER_FLAGS=-mcpu=cortex-a9 -mfpu=vfpv3 -mfloat-abi=hard -nost
TRACE::2026-09-20.18:22:25::SCWBDomain::artfiles -g -Wall -Wextra -fno-tree-loop-distribute-patterns"

TRACE::2026-09-20.18:22:25::SCWBDomain::"Running Make include in ps7_cortexa9_0/libsrc/xilrsa_v1_6/src"

TRACE::2026-09-20.18:22:25::SCWBDomain::make -C ps7_cortexa9_0/libsrc/xilrsa_v1_6/src -s include  "SHELL=CMD" "COMPILER=arm-none-eabi-gcc" "ASSEMBLER=arm-none-eabi-as"
TRACE::2026-09-20.18:22:25::SCWBDomain:: "ARCHIVER=arm-none-eabi-ar" "COMPILER_FLAGS=  -O2 -c" "EXTRA_COMPILER_FLAGS=-mcpu=cortex-a9 -mfpu=vfpv3 -mfloat-abi=hard -nost
TRACE::2026-09-20.18:22:25::SCWBDomain::artfiles -g -Wall -Wextra -fno-tree-loop-distribute-patterns"

TRACE::2026-09-20.18:22:25::SCWBDomain::"Running Make libs in ps7_cortexa9_0/libsrc/xilrsa_v1_6/src"

TRACE::2026-09-20.18:22:25::SCWBDomain::make -C ps7_cortexa9_0/libsrc/xilrsa_v1_6/src -s libs  "SHELL=CMD" "COMPILER=arm-none-eabi-gcc" "ASSEMBLER=arm-none-eabi-as" "A
TRACE::2026-09-20.18:22:25::SCWBDomain::RCHIVER=arm-none-eabi-ar" "COMPILER_FLAGS=  -O2 -c" "EXTRA_COMPILER_FLAGS=-mcpu=cortex-a9 -mfpu=vfpv3 -mfloat-abi=hard -nostart
TRACE::2026-09-20.18:22:25::SCWBDomain::files -g -Wall -Wextra -fno-tree-loop-distribute-patterns"

TRACE::2026-09-20.18:22:25::SCWBDomain::'Finished building libraries sequentially.'

TRACE::2026-09-20.18:22:25::SCWBDomain::make -j 14 --no-print-directory par_libs

TRACE::2026-09-20.18:22:25::SCWBDomain::"Running Make include in ps7_cortexa9_0/libsrc/coresightps_dcc_v1_8/src"

TRACE::2026-09-20.18:22:25::SCWBDomain::make -C ps7_cortexa9_0/libsrc/coresightps_dcc_v1_8/src -s include  "SHELL=CMD" "COMPILER=arm-none-eabi-gcc" "ASSEMBLER=arm-none
TRACE::2026-09-20.18:22:25::SCWBDomain::-eabi-as" "ARCHIVER=arm-none-eabi-ar" "COMPILER_FLAGS=  -O2 -c" "EXTRA_COMPILER_FLAGS=-mcpu=cortex-a9 -mfpu=vfpv3 -mfloat-abi=h
TRACE::2026-09-20.18:22:25::SCWBDomain::ard -nostartfiles -g -Wall -Wextra -fno-tree-loop-distribute-patterns"

TRACE::2026-09-20.18:22:25::SCWBDomain::"Running Make include in ps7_cortexa9_0/libsrc/cpu_cortexa9_v2_11/src"

TRACE::2026-09-20.18:22:25::SCWBDomain::make -C ps7_cortexa9_0/libsrc/cpu_cortexa9_v2_11/src -s include  "SHELL=CMD" "COMPILER=arm-none-eabi-gcc" "ASSEMBLER=arm-none-e
TRACE::2026-09-20.18:22:25::SCWBDomain::abi-as" "ARCHIVER=arm-none-eabi-ar" "COMPILER_FLAGS=  -O2 -c" "EXTRA_COMPILER_FLAGS=-mcpu=cortex-a9 -mfpu=vfpv3 -mfloat-abi=har
TRACE::2026-09-20.18:22:25::SCWBDomain::d -nostartfiles -g -Wall -Wextra -fno-tree-loop-distribute-patterns"

TRACE::2026-09-20.18:22:25::SCWBDomain::"Running Make include in ps7_cortexa9_0/libsrc/ddrps_v1_2/src"

TRACE::2026-09-20.18:22:25::SCWBDomain::make -C ps7_cortexa9_0/libsrc/ddrps_v1_2/src -s include  "SHELL=CMD" "COMPILER=arm-none-eabi-gcc" "ASSEMBLER=arm-none-eabi-as" 
TRACE::2026-09-20.18:22:25::SCWBDomain::"ARCHIVER=arm-none-eabi-ar" "COMPILER_FLAGS=  -O2 -c" "EXTRA_COMPILER_FLAGS=-mcpu=cortex-a9 -mfpu=vfpv3 -mfloat-abi=hard -nosta
TRACE::2026-09-20.18:22:25::SCWBDomain::rtfiles -g -Wall -Wextra -fno-tree-loop-distribute-patterns"

TRACE::2026-09-20.18:22:26::SCWBDomain::"Running Make include in ps7_cortexa9_0/libsrc/devcfg_v3_7/src"

TRACE::2026-09-20.18:22:26::SCWBDomain::make -C ps7_cortexa9_0/libsrc/devcfg_v3_7/src -s include  "SHELL=CMD" "COMPILER=arm-none-eabi-gcc" "ASSEMBLER=arm-none-eabi-as"
TRACE::2026-09-20.18:22:26::SCWBDomain:: "ARCHIVER=arm-none-eabi-ar" "COMPILER_FLAGS=  -O2 -c" "EXTRA_COMPILER_FLAGS=-mcpu=cortex-a9 -mfpu=vfpv3 -mfloat-abi=hard -nost
TRACE::2026-09-20.18:22:26::SCWBDomain::artfiles -g -Wall -Wextra -fno-tree-loop-distribute-patterns"

TRACE::2026-09-20.18:22:26::SCWBDomain::"Running Make include in ps7_cortexa9_0/libsrc/dmaps_v2_8/src"

TRACE::2026-09-20.18:22:26::SCWBDomain::make -C ps7_cortexa9_0/libsrc/dmaps_v2_8/src -s include  "SHELL=CMD" "COMPILER=arm-none-eabi-gcc" "ASSEMBLER=arm-none-eabi-as" 
TRACE::2026-09-20.18:22:26::SCWBDomain::"ARCHIVER=arm-none-eabi-ar" "COMPILER_FLAGS=  -O2 -c" "EXTRA_COMPILER_FLAGS=-mcpu=cortex-a9 -mfpu=vfpv3 -mfloat-abi=hard -nosta
TRACE::2026-09-20.18:22:26::SCWBDomain::rtfiles -g -Wall -Wextra -fno-tree-loop-distribute-patterns"

TRACE::2026-09-20.18:22:26::SCWBDomain::"Running Make include in ps7_cortexa9_0/libsrc/emacps_v3_18/src"

TRACE::2026-09-20.18:22:26::SCWBDomain::make -C ps7_cortexa9_0/libsrc/emacps_v3_18/src -s include  "SHELL=CMD" "COMPILER=arm-none-eabi-gcc" "ASSEMBLER=arm-none-eabi-as
TRACE::2026-09-20.18:22:26::SCWBDomain::" "ARCHIVER=arm-none-eabi-ar" "COMPILER_FLAGS=  -O2 -c" "EXTRA_COMPILER_FLAGS=-mcpu=cortex-a9 -mfpu=vfpv3 -mfloat-abi=hard -nos
TRACE::2026-09-20.18:22:26::SCWBDomain::tartfiles -g -Wall -Wextra -fno-tree-loop-distribute-patterns"

TRACE::2026-09-20.18:22:26::SCWBDomain::"Running Make include in ps7_cortexa9_0/libsrc/gpiops_v3_11/src"

TRACE::2026-09-20.18:22:26::SCWBDomain::"Running Make include in ps7_cortexa9_0/libsrc/gpio_v4_9/src"

TRACE::2026-09-20.18:22:26::SCWBDomain::"Running Make include in ps7_cortexa9_0/libsrc/qspips_v3_10/src"

TRACE::2026-09-20.18:22:26::SCWBDomain::make -C ps7_cortexa9_0/libsrc/gpiops_v3_11/src -s include  "SHELL=CMD" "COMPILER=arm-none-eabi-gcc" "ASSEMBLER=arm-none-eabi-as
TRACE::2026-09-20.18:22:26::SCWBDomain::" "ARCHIVER=arm-none-eabi-ar" "COMPILER_FLAGS=  -O2 -c" "EXTRA_COMPILER_FLAGS=-mcpu=cortex-a9 -mfpu=vfpv3 -mfloat-abi=hard -nos
TRACE::2026-09-20.18:22:26::SCWBDomain::tartfiles -g -Wall -Wextra -fno-tree-loop-distribute-patterns"

TRACE::2026-09-20.18:22:26::SCWBDomain::"Running Make include in ps7_cortexa9_0/libsrc/scugic_v5_1/src"

TRACE::2026-09-20.18:22:26::SCWBDomain::make -C ps7_cortexa9_0/libsrc/gpio_v4_9/src -s include  "SHELL=CMD" "COMPILER=arm-none-eabi-gcc" "ASSEMBLER=arm-none-eabi-as" "
TRACE::2026-09-20.18:22:26::SCWBDomain::ARCHIVER=arm-none-eabi-ar" "COMPILER_FLAGS=  -O2 -c" "EXTRA_COMPILER_FLAGS=-mcpu=cortex-a9 -mfpu=vfpv3 -mfloat-abi=hard -nostar
TRACE::2026-09-20.18:22:26::SCWBDomain::tfiles -g -Wall -Wextra -fno-tree-loop-distribute-patterns"

TRACE::2026-09-20.18:22:26::SCWBDomain::make -C ps7_cortexa9_0/libsrc/qspips_v3_10/src -s include  "SHELL=CMD" "COMPILER=arm-none-eabi-gcc" "ASSEMBLER=arm-none-eabi-as
TRACE::2026-09-20.18:22:26::SCWBDomain::" "ARCHIVER=arm-none-eabi-ar" "COMPILER_FLAGS=  -O2 -c" "EXTRA_COMPILER_FLAGS=-mcpu=cortex-a9 -mfpu=vfpv3 -mfloat-abi=hard -nos
TRACE::2026-09-20.18:22:26::SCWBDomain::tartfiles -g -Wall -Wextra -fno-tree-loop-distribute-patterns"

TRACE::2026-09-20.18:22:26::SCWBDomain::make -C ps7_cortexa9_0/libsrc/scugic_v5_1/src -s include  "SHELL=CMD" "COMPILER=arm-none-eabi-gcc" "ASSEMBLER=arm-none-eabi-as"
TRACE::2026-09-20.18:22:26::SCWBDomain:: "ARCHIVER=arm-none-eabi-ar" "COMPILER_FLAGS=  -O2 -c" "EXTRA_COMPILER_FLAGS=-mcpu=cortex-a9 -mfpu=vfpv3 -mfloat-abi=hard -nost
TRACE::2026-09-20.18:22:26::SCWBDomain::artfiles -g -Wall -Wextra -fno-tree-loop-distribute-patterns"

TRACE::2026-09-20.18:22:26::SCWBDomain::"Running Make include in ps7_cortexa9_0/libsrc/scutimer_v2_4/src"

TRACE::2026-09-20.18:22:26::SCWBDomain::make -C ps7_cortexa9_0/libsrc/scutimer_v2_4/src -s include  "SHELL=CMD" "COMPILER=arm-none-eabi-gcc" "ASSEMBLER=arm-none-eabi-a
TRACE::2026-09-20.18:22:26::SCWBDomain::s" "ARCHIVER=arm-none-eabi-ar" "COMPILER_FLAGS=  -O2 -c" "EXTRA_COMPILER_FLAGS=-mcpu=cortex-a9 -mfpu=vfpv3 -mfloat-abi=hard -no
TRACE::2026-09-20.18:22:26::SCWBDomain::startfiles -g -Wall -Wextra -fno-tree-loop-distribute-patterns"

TRACE::2026-09-20.18:22:26::SCWBDomain::"Running Make include in ps7_cortexa9_0/libsrc/scuwdt_v2_4/src"

TRACE::2026-09-20.18:22:26::SCWBDomain::make -C ps7_cortexa9_0/libsrc/scuwdt_v2_4/src -s include  "SHELL=CMD" "COMPILER=arm-none-eabi-gcc" "ASSEMBLER=arm-none-eabi-as"
TRACE::2026-09-20.18:22:26::SCWBDomain:: "ARCHIVER=arm-none-eabi-ar" "COMPILER_FLAGS=  -O2 -c" "EXTRA_COMPILER_FLAGS=-mcpu=cortex-a9 -mfpu=vfpv3 -mfloat-abi=hard -nost
TRACE::2026-09-20.18:22:26::SCWBDomain::artfiles -g -Wall -Wextra -fno-tree-loop-distribute-patterns"

TRACE::2026-09-20.18:22:26::SCWBDomain::"Running Make include in ps7_cortexa9_0/libsrc/sdps_v4_1/src"

TRACE::2026-09-20.18:22:26::SCWBDomain::make -C ps7_cortexa9_0/libsrc/sdps_v4_1/src -s include  "SHELL=CMD" "COMPILER=arm-none-eabi-gcc" "ASSEMBLER=arm-none-eabi-as" "
TRACE::2026-09-20.18:22:26::SCWBDomain::ARCHIVER=arm-none-eabi-ar" "COMPILER_FLAGS=  -O2 -c" "EXTRA_COMPILER_FLAGS=-mcpu=cortex-a9 -mfpu=vfpv3 -mfloat-abi=hard -nostar
TRACE::2026-09-20.18:22:26::SCWBDomain::tfiles -g -Wall -Wextra -fno-tree-loop-distribute-patterns"

TRACE::2026-09-20.18:22:26::SCWBDomain::"Running Make include in ps7_cortexa9_0/libsrc/standalone_v8_1/src"

TRACE::2026-09-20.18:22:26::SCWBDomain::"Running Make include in ps7_cortexa9_0/libsrc/uartps_v3_12/src"

TRACE::2026-09-20.18:22:26::SCWBDomain::make -C ps7_cortexa9_0/libsrc/standalone_v8_1/src -s include  "SHELL=CMD" "COMPILER=arm-none-eabi-gcc" "ASSEMBLER=arm-none-eabi
TRACE::2026-09-20.18:22:26::SCWBDomain::-as" "ARCHIVER=arm-none-eabi-ar" "COMPILER_FLAGS=  -O2 -c" "EXTRA_COMPILER_FLAGS=-mcpu=cortex-a9 -mfpu=vfpv3 -mfloat-abi=hard -
TRACE::2026-09-20.18:22:26::SCWBDomain::nostartfiles -g -Wall -Wextra -fno-tree-loop-distribute-patterns"

TRACE::2026-09-20.18:22:26::SCWBDomain::make -C ps7_cortexa9_0/libsrc/uartps_v3_12/src -s include  "SHELL=CMD" "COMPILER=arm-none-eabi-gcc" "ASSEMBLER=arm-none-eabi-as
TRACE::2026-09-20.18:22:26::SCWBDomain::" "ARCHIVER=arm-none-eabi-ar" "COMPILER_FLAGS=  -O2 -c" "EXTRA_COMPILER_FLAGS=-mcpu=cortex-a9 -mfpu=vfpv3 -mfloat-abi=hard -nos
TRACE::2026-09-20.18:22:26::SCWBDomain::tartfiles -g -Wall -Wextra -fno-tree-loop-distribute-patterns"

TRACE::2026-09-20.18:22:26::SCWBDomain::"Running Make include in ps7_cortexa9_0/libsrc/usbps_v2_7/src"

TRACE::2026-09-20.18:22:26::SCWBDomain::make -C ps7_cortexa9_0/libsrc/usbps_v2_7/src -s include  "SHELL=CMD" "COMPILER=arm-none-eabi-gcc" "ASSEMBLER=arm-none-eabi-as" 
TRACE::2026-09-20.18:22:26::SCWBDomain::"ARCHIVER=arm-none-eabi-ar" "COMPILER_FLAGS=  -O2 -c" "EXTRA_COMPILER_FLAGS=-mcpu=cortex-a9 -mfpu=vfpv3 -mfloat-abi=hard -nosta
TRACE::2026-09-20.18:22:26::SCWBDomain::rtfiles -g -Wall -Wextra -fno-tree-loop-distribute-patterns"

TRACE::2026-09-20.18:22:26::SCWBDomain::"Running Make include in ps7_cortexa9_0/libsrc/xadcps_v2_6/src"

TRACE::2026-09-20.18:22:26::SCWBDomain::"Running Make include in ps7_cortexa9_0/libsrc/xilffs_v5_0/src"

TRACE::2026-09-20.18:22:26::SCWBDomain::make -C ps7_cortexa9_0/libsrc/xadcps_v2_6/src -s include  "SHELL=CMD" "COMPILER=arm-none-eabi-gcc" "ASSEMBLER=arm-none-eabi-as"
TRACE::2026-09-20.18:22:26::SCWBDomain:: "ARCHIVER=arm-none-eabi-ar" "COMPILER_FLAGS=  -O2 -c" "EXTRA_COMPILER_FLAGS=-mcpu=cortex-a9 -mfpu=vfpv3 -mfloat-abi=hard -nost
TRACE::2026-09-20.18:22:26::SCWBDomain::artfiles -g -Wall -Wextra -fno-tree-loop-distribute-patterns"

TRACE::2026-09-20.18:22:26::SCWBDomain::"Running Make include in ps7_cortexa9_0/libsrc/xilrsa_v1_6/src"

TRACE::2026-09-20.18:22:26::SCWBDomain::make -C ps7_cortexa9_0/libsrc/xilffs_v5_0/src -s include  "SHELL=CMD" "COMPILER=arm-none-eabi-gcc" "ASSEMBLER=arm-none-eabi-as"
TRACE::2026-09-20.18:22:26::SCWBDomain:: "ARCHIVER=arm-none-eabi-ar" "COMPILER_FLAGS=  -O2 -c" "EXTRA_COMPILER_FLAGS=-mcpu=cortex-a9 -mfpu=vfpv3 -mfloat-abi=hard -nost
TRACE::2026-09-20.18:22:26::SCWBDomain::artfiles -g -Wall -Wextra -fno-tree-loop-distribute-patterns"

TRACE::2026-09-20.18:22:26::SCWBDomain::make -C ps7_cortexa9_0/libsrc/xilrsa_v1_6/src -s include  "SHELL=CMD" "COMPILER=arm-none-eabi-gcc" "ASSEMBLER=arm-none-eabi-as"
TRACE::2026-09-20.18:22:26::SCWBDomain:: "ARCHIVER=arm-none-eabi-ar" "COMPILER_FLAGS=  -O2 -c" "EXTRA_COMPILER_FLAGS=-mcpu=cortex-a9 -mfpu=vfpv3 -mfloat-abi=hard -nost
TRACE::2026-09-20.18:22:26::SCWBDomain::artfiles -g -Wall -Wextra -fno-tree-loop-distribute-patterns"

TRACE::2026-09-20.18:22:26::SCWBDomain::"Running Make libs in ps7_cortexa9_0/libsrc/coresightps_dcc_v1_8/src"

TRACE::2026-09-20.18:22:26::SCWBDomain::"Running Make libs in ps7_cortexa9_0/libsrc/cpu_cortexa9_v2_11/src"

TRACE::2026-09-20.18:22:26::SCWBDomain::make -C ps7_cortexa9_0/libsrc/coresightps_dcc_v1_8/src -s libs  "SHELL=CMD" "COMPILER=arm-none-eabi-gcc" "ASSEMBLER=arm-none-ea
TRACE::2026-09-20.18:22:26::SCWBDomain::bi-as" "ARCHIVER=arm-none-eabi-ar" "COMPILER_FLAGS=  -O2 -c" "EXTRA_COMPILER_FLAGS=-mcpu=cortex-a9 -mfpu=vfpv3 -mfloat-abi=hard
TRACE::2026-09-20.18:22:26::SCWBDomain:: -nostartfiles -g -Wall -Wextra -fno-tree-loop-distribute-patterns"

TRACE::2026-09-20.18:22:26::SCWBDomain::"Running Make libs in ps7_cortexa9_0/libsrc/ddrps_v1_2/src"

TRACE::2026-09-20.18:22:26::SCWBDomain::make -C ps7_cortexa9_0/libsrc/cpu_cortexa9_v2_11/src -s libs  "SHELL=CMD" "COMPILER=arm-none-eabi-gcc" "ASSEMBLER=arm-none-eabi
TRACE::2026-09-20.18:22:26::SCWBDomain::-as" "ARCHIVER=arm-none-eabi-ar" "COMPILER_FLAGS=  -O2 -c" "EXTRA_COMPILER_FLAGS=-mcpu=cortex-a9 -mfpu=vfpv3 -mfloat-abi=hard -
TRACE::2026-09-20.18:22:26::SCWBDomain::nostartfiles -g -Wall -Wextra -fno-tree-loop-distribute-patterns"

TRACE::2026-09-20.18:22:26::SCWBDomain::"Running Make libs in ps7_cortexa9_0/libsrc/devcfg_v3_7/src"

TRACE::2026-09-20.18:22:26::SCWBDomain::make -C ps7_cortexa9_0/libsrc/ddrps_v1_2/src -s libs  "SHELL=CMD" "COMPILER=arm-none-eabi-gcc" "ASSEMBLER=arm-none-eabi-as" "AR
TRACE::2026-09-20.18:22:26::SCWBDomain::CHIVER=arm-none-eabi-ar" "COMPILER_FLAGS=  -O2 -c" "EXTRA_COMPILER_FLAGS=-mcpu=cortex-a9 -mfpu=vfpv3 -mfloat-abi=hard -nostartf
TRACE::2026-09-20.18:22:26::SCWBDomain::iles -g -Wall -Wextra -fno-tree-loop-distribute-patterns"

TRACE::2026-09-20.18:22:26::SCWBDomain::make -C ps7_cortexa9_0/libsrc/devcfg_v3_7/src -s libs  "SHELL=CMD" "COMPILER=arm-none-eabi-gcc" "ASSEMBLER=arm-none-eabi-as" "A
TRACE::2026-09-20.18:22:26::SCWBDomain::RCHIVER=arm-none-eabi-ar" "COMPILER_FLAGS=  -O2 -c" "EXTRA_COMPILER_FLAGS=-mcpu=cortex-a9 -mfpu=vfpv3 -mfloat-abi=hard -nostart
TRACE::2026-09-20.18:22:26::SCWBDomain::files -g -Wall -Wextra -fno-tree-loop-distribute-patterns"

TRACE::2026-09-20.18:22:26::SCWBDomain::"Running Make libs in ps7_cortexa9_0/libsrc/dmaps_v2_8/src"

TRACE::2026-09-20.18:22:26::SCWBDomain::make -C ps7_cortexa9_0/libsrc/dmaps_v2_8/src -s libs  "SHELL=CMD" "COMPILER=arm-none-eabi-gcc" "ASSEMBLER=arm-none-eabi-as" "AR
TRACE::2026-09-20.18:22:26::SCWBDomain::CHIVER=arm-none-eabi-ar" "COMPILER_FLAGS=  -O2 -c" "EXTRA_COMPILER_FLAGS=-mcpu=cortex-a9 -mfpu=vfpv3 -mfloat-abi=hard -nostartf
TRACE::2026-09-20.18:22:26::SCWBDomain::iles -g -Wall -Wextra -fno-tree-loop-distribute-patterns"

TRACE::2026-09-20.18:22:26::SCWBDomain::"Running Make libs in ps7_cortexa9_0/libsrc/emacps_v3_18/src"

TRACE::2026-09-20.18:22:26::SCWBDomain::make -C ps7_cortexa9_0/libsrc/emacps_v3_18/src -s libs  "SHELL=CMD" "COMPILER=arm-none-eabi-gcc" "ASSEMBLER=arm-none-eabi-as" "
TRACE::2026-09-20.18:22:26::SCWBDomain::ARCHIVER=arm-none-eabi-ar" "COMPILER_FLAGS=  -O2 -c" "EXTRA_COMPILER_FLAGS=-mcpu=cortex-a9 -mfpu=vfpv3 -mfloat-abi=hard -nostar
TRACE::2026-09-20.18:22:26::SCWBDomain::tfiles -g -Wall -Wextra -fno-tree-loop-distribute-patterns"

TRACE::2026-09-20.18:22:26::SCWBDomain::"Running Make libs in ps7_cortexa9_0/libsrc/gpiops_v3_11/src"

TRACE::2026-09-20.18:22:26::SCWBDomain::make -C ps7_cortexa9_0/libsrc/gpiops_v3_11/src -s libs  "SHELL=CMD" "COMPILER=arm-none-eabi-gcc" "ASSEMBLER=arm-none-eabi-as" "
TRACE::2026-09-20.18:22:26::SCWBDomain::ARCHIVER=arm-none-eabi-ar" "COMPILER_FLAGS=  -O2 -c" "EXTRA_COMPILER_FLAGS=-mcpu=cortex-a9 -mfpu=vfpv3 -mfloat-abi=hard -nostar
TRACE::2026-09-20.18:22:26::SCWBDomain::tfiles -g -Wall -Wextra -fno-tree-loop-distribute-patterns"

TRACE::2026-09-20.18:22:26::SCWBDomain::"Running Make libs in ps7_cortexa9_0/libsrc/gpio_v4_9/src"

TRACE::2026-09-20.18:22:26::SCWBDomain::make -C ps7_cortexa9_0/libsrc/gpio_v4_9/src -s libs  "SHELL=CMD" "COMPILER=arm-none-eabi-gcc" "ASSEMBLER=arm-none-eabi-as" "ARC
TRACE::2026-09-20.18:22:26::SCWBDomain::HIVER=arm-none-eabi-ar" "COMPILER_FLAGS=  -O2 -c" "EXTRA_COMPILER_FLAGS=-mcpu=cortex-a9 -mfpu=vfpv3 -mfloat-abi=hard -nostartfi
TRACE::2026-09-20.18:22:26::SCWBDomain::les -g -Wall -Wextra -fno-tree-loop-distribute-patterns"

TRACE::2026-09-20.18:22:26::SCWBDomain::"Running Make libs in ps7_cortexa9_0/libsrc/qspips_v3_10/src"

TRACE::2026-09-20.18:22:26::SCWBDomain::make -C ps7_cortexa9_0/libsrc/qspips_v3_10/src -s libs  "SHELL=CMD" "COMPILER=arm-none-eabi-gcc" "ASSEMBLER=arm-none-eabi-as" "
TRACE::2026-09-20.18:22:26::SCWBDomain::ARCHIVER=arm-none-eabi-ar" "COMPILER_FLAGS=  -O2 -c" "EXTRA_COMPILER_FLAGS=-mcpu=cortex-a9 -mfpu=vfpv3 -mfloat-abi=hard -nostar
TRACE::2026-09-20.18:22:26::SCWBDomain::tfiles -g -Wall -Wextra -fno-tree-loop-distribute-patterns"

TRACE::2026-09-20.18:22:26::SCWBDomain::"Running Make libs in ps7_cortexa9_0/libsrc/scugic_v5_1/src"

TRACE::2026-09-20.18:22:26::SCWBDomain::make -C ps7_cortexa9_0/libsrc/scugic_v5_1/src -s libs  "SHELL=CMD" "COMPILER=arm-none-eabi-gcc" "ASSEMBLER=arm-none-eabi-as" "A
TRACE::2026-09-20.18:22:26::SCWBDomain::RCHIVER=arm-none-eabi-ar" "COMPILER_FLAGS=  -O2 -c" "EXTRA_COMPILER_FLAGS=-mcpu=cortex-a9 -mfpu=vfpv3 -mfloat-abi=hard -nostart
TRACE::2026-09-20.18:22:26::SCWBDomain::files -g -Wall -Wextra -fno-tree-loop-distribute-patterns"

TRACE::2026-09-20.18:22:26::SCWBDomain::"Running Make libs in ps7_cortexa9_0/libsrc/scutimer_v2_4/src"

TRACE::2026-09-20.18:22:26::SCWBDomain::make -C ps7_cortexa9_0/libsrc/scutimer_v2_4/src -s libs  "SHELL=CMD" "COMPILER=arm-none-eabi-gcc" "ASSEMBLER=arm-none-eabi-as" 
TRACE::2026-09-20.18:22:26::SCWBDomain::"ARCHIVER=arm-none-eabi-ar" "COMPILER_FLAGS=  -O2 -c" "EXTRA_COMPILER_FLAGS=-mcpu=cortex-a9 -mfpu=vfpv3 -mfloat-abi=hard -nosta
TRACE::2026-09-20.18:22:26::SCWBDomain::rtfiles -g -Wall -Wextra -fno-tree-loop-distribute-patterns"

TRACE::2026-09-20.18:22:26::SCWBDomain::"Running Make libs in ps7_cortexa9_0/libsrc/scuwdt_v2_4/src"

TRACE::2026-09-20.18:22:26::SCWBDomain::make -C ps7_cortexa9_0/libsrc/scuwdt_v2_4/src -s libs  "SHELL=CMD" "COMPILER=arm-none-eabi-gcc" "ASSEMBLER=arm-none-eabi-as" "A
TRACE::2026-09-20.18:22:26::SCWBDomain::RCHIVER=arm-none-eabi-ar" "COMPILER_FLAGS=  -O2 -c" "EXTRA_COMPILER_FLAGS=-mcpu=cortex-a9 -mfpu=vfpv3 -mfloat-abi=hard -nostart
TRACE::2026-09-20.18:22:26::SCWBDomain::files -g -Wall -Wextra -fno-tree-loop-distribute-patterns"

TRACE::2026-09-20.18:22:27::SCWBDomain::"Running Make libs in ps7_cortexa9_0/libsrc/sdps_v4_1/src"

TRACE::2026-09-20.18:22:27::SCWBDomain::make -C ps7_cortexa9_0/libsrc/sdps_v4_1/src -s libs  "SHELL=CMD" "COMPILER=arm-none-eabi-gcc" "ASSEMBLER=arm-none-eabi-as" "ARC
TRACE::2026-09-20.18:22:27::SCWBDomain::HIVER=arm-none-eabi-ar" "COMPILER_FLAGS=  -O2 -c" "EXTRA_COMPILER_FLAGS=-mcpu=cortex-a9 -mfpu=vfpv3 -mfloat-abi=hard -nostartfi
TRACE::2026-09-20.18:22:27::SCWBDomain::les -g -Wall -Wextra -fno-tree-loop-distribute-patterns"

TRACE::2026-09-20.18:22:27::SCWBDomain::"Running Make libs in ps7_cortexa9_0/libsrc/standalone_v8_1/src"

TRACE::2026-09-20.18:22:27::SCWBDomain::make -C ps7_cortexa9_0/libsrc/standalone_v8_1/src -s libs  "SHELL=CMD" "COMPILER=arm-none-eabi-gcc" "ASSEMBLER=arm-none-eabi-as
TRACE::2026-09-20.18:22:27::SCWBDomain::" "ARCHIVER=arm-none-eabi-ar" "COMPILER_FLAGS=  -O2 -c" "EXTRA_COMPILER_FLAGS=-mcpu=cortex-a9 -mfpu=vfpv3 -mfloat-abi=hard -nos
TRACE::2026-09-20.18:22:27::SCWBDomain::tartfiles -g -Wall -Wextra -fno-tree-loop-distribute-patterns"

TRACE::2026-09-20.18:22:27::SCWBDomain::"Running Make libs in ps7_cortexa9_0/libsrc/uartps_v3_12/src"

TRACE::2026-09-20.18:22:27::SCWBDomain::make -C ps7_cortexa9_0/libsrc/uartps_v3_12/src -s libs  "SHELL=CMD" "COMPILER=arm-none-eabi-gcc" "ASSEMBLER=arm-none-eabi-as" "
TRACE::2026-09-20.18:22:27::SCWBDomain::ARCHIVER=arm-none-eabi-ar" "COMPILER_FLAGS=  -O2 -c" "EXTRA_COMPILER_FLAGS=-mcpu=cortex-a9 -mfpu=vfpv3 -mfloat-abi=hard -nostar
TRACE::2026-09-20.18:22:27::SCWBDomain::tfiles -g -Wall -Wextra -fno-tree-loop-distribute-patterns"

TRACE::2026-09-20.18:22:27::SCWBDomain::"Running Make libs in ps7_cortexa9_0/libsrc/usbps_v2_7/src"

TRACE::2026-09-20.18:22:27::SCWBDomain::make -C ps7_cortexa9_0/libsrc/usbps_v2_7/src -s libs  "SHELL=CMD" "COMPILER=arm-none-eabi-gcc" "ASSEMBLER=arm-none-eabi-as" "AR
TRACE::2026-09-20.18:22:27::SCWBDomain::CHIVER=arm-none-eabi-ar" "COMPILER_FLAGS=  -O2 -c" "EXTRA_COMPILER_FLAGS=-mcpu=cortex-a9 -mfpu=vfpv3 -mfloat-abi=hard -nostartf
TRACE::2026-09-20.18:22:27::SCWBDomain::iles -g -Wall -Wextra -fno-tree-loop-distribute-patterns"

TRACE::2026-09-20.18:22:27::SCWBDomain::"Running Make libs in ps7_cortexa9_0/libsrc/xadcps_v2_6/src"

TRACE::2026-09-20.18:22:27::SCWBDomain::make -C ps7_cortexa9_0/libsrc/xadcps_v2_6/src -s libs  "SHELL=CMD" "COMPILER=arm-none-eabi-gcc" "ASSEMBLER=arm-none-eabi-as" "A
TRACE::2026-09-20.18:22:27::SCWBDomain::RCHIVER=arm-none-eabi-ar" "COMPILER_FLAGS=  -O2 -c" "EXTRA_COMPILER_FLAGS=-mcpu=cortex-a9 -mfpu=vfpv3 -mfloat-abi=hard -nostart
TRACE::2026-09-20.18:22:27::SCWBDomain::files -g -Wall -Wextra -fno-tree-loop-distribute-patterns"

TRACE::2026-09-20.18:22:27::SCWBDomain::"Running Make libs in ps7_cortexa9_0/libsrc/xilffs_v5_0/src"

TRACE::2026-09-20.18:22:27::SCWBDomain::make -C ps7_cortexa9_0/libsrc/xilffs_v5_0/src -s libs  "SHELL=CMD" "COMPILER=arm-none-eabi-gcc" "ASSEMBLER=arm-none-eabi-as" "A
TRACE::2026-09-20.18:22:27::SCWBDomain::RCHIVER=arm-none-eabi-ar" "COMPILER_FLAGS=  -O2 -c" "EXTRA_COMPILER_FLAGS=-mcpu=cortex-a9 -mfpu=vfpv3 -mfloat-abi=hard -nostart
TRACE::2026-09-20.18:22:27::SCWBDomain::files -g -Wall -Wextra -fno-tree-loop-distribute-patterns"

TRACE::2026-09-20.18:22:28::SCWBDomain::'Finished building libraries parallelly.'

TRACE::2026-09-20.18:22:28::SCWBDomain::make --no-print-directory archive

TRACE::2026-09-20.18:22:28::SCWBDomain::arm-none-eabi-ar -r  ps7_cortexa9_0/lib/libxil.a ps7_cortexa9_0/lib/_exit.o ps7_cortexa9_0/lib/_open.o ps7_cortexa9_0/lib/_sbrk
TRACE::2026-09-20.18:22:28::SCWBDomain::.o ps7_cortexa9_0/lib/abort.o ps7_cortexa9_0/lib/asm_vectors.o ps7_cortexa9_0/lib/boot.o ps7_cortexa9_0/lib/close.o ps7_cortexa
TRACE::2026-09-20.18:22:28::SCWBDomain::9_0/lib/cpputest_time.o ps7_cortexa9_0/lib/cpu_init.o ps7_cortexa9_0/lib/errno.o ps7_cortexa9_0/lib/fcntl.o ps7_cortexa9_0/lib/
TRACE::2026-09-20.18:22:28::SCWBDomain::fstat.o ps7_cortexa9_0/lib/getentropy.o ps7_cortexa9_0/lib/getpid.o ps7_cortexa9_0/lib/inbyte.o ps7_cortexa9_0/lib/isatty.o ps7
TRACE::2026-09-20.18:22:28::SCWBDomain::_cortexa9_0/lib/kill.o ps7_cortexa9_0/lib/lseek.o ps7_cortexa9_0/lib/open.o ps7_cortexa9_0/lib/outbyte.o ps7_cortexa9_0/lib/pri
TRACE::2026-09-20.18:22:28::SCWBDomain::nt.o ps7_cortexa9_0/lib/putnum.o ps7_cortexa9_0/lib/read.o ps7_cortexa9_0/lib/sbrk.o ps7_cortexa9_0/lib/sleep.o ps7_cortexa9_0/
TRACE::2026-09-20.18:22:28::SCWBDomain::lib/time.o ps7_cortexa9_0/lib/translation_table.o ps7_cortexa9_0/lib/unlink.o ps7_cortexa9_0/lib/usleep.o ps7_cortexa9_0/lib/ve
TRACE::2026-09-20.18:22:28::SCWBDomain::ctors.o ps7_cortexa9_0/lib/write.o ps7_cortexa9_0/lib/xadcps.o ps7_cortexa9_0/lib/xadcps_g.o ps7_cortexa9_0/lib/xadcps_intr.o p
TRACE::2026-09-20.18:22:28::SCWBDomain::s7_cortexa9_0/lib/xadcps_selftest.o ps7_cortexa9_0/lib/xadcps_sinit.o ps7_cortexa9_0/lib/xcoresightpsdcc.o ps7_cortexa9_0/lib/x
TRACE::2026-09-20.18:22:28::SCWBDomain::devcfg.o ps7_cortexa9_0/lib/xdevcfg_g.o ps7_cortexa9_0/lib/xdevcfg_hw.o ps7_cortexa9_0/lib/xdevcfg_intr.o ps7_cortexa9_0/lib/xd
TRACE::2026-09-20.18:22:28::SCWBDomain::evcfg_selftest.o ps7_cortexa9_0/lib/xdevcfg_sinit.o ps7_cortexa9_0/lib/xdmaps.o ps7_cortexa9_0/lib/xdmaps_g.o ps7_cortexa9_0/li
TRACE::2026-09-20.18:22:28::SCWBDomain::b/xdmaps_hw.o ps7_cortexa9_0/lib/xdmaps_selftest.o ps7_cortexa9_0/lib/xdmaps_sinit.o ps7_cortexa9_0/lib/xemacps.o ps7_cortexa9_
TRACE::2026-09-20.18:22:28::SCWBDomain::0/lib/xemacps_bdring.o ps7_cortexa9_0/lib/xemacps_control.o ps7_cortexa9_0/lib/xemacps_g.o ps7_cortexa9_0/lib/xemacps_hw.o ps7_
TRACE::2026-09-20.18:22:28::SCWBDomain::cortexa9_0/lib/xemacps_intr.o ps7_cortexa9_0/lib/xemacps_sinit.o ps7_cortexa9_0/lib/xgpio.o ps7_cortexa9_0/lib/xgpio_extra.o ps
TRACE::2026-09-20.18:22:28::SCWBDomain::7_cortexa9_0/lib/xgpio_g.o ps7_cortexa9_0/lib/xgpio_intr.o ps7_cortexa9_0/lib/xgpio_selftest.o ps7_cortexa9_0/lib/xgpio_sinit.o
TRACE::2026-09-20.18:22:28::SCWBDomain:: ps7_cortexa9_0/lib/xgpiops.o ps7_cortexa9_0/lib/xgpiops_g.o ps7_cortexa9_0/lib/xgpiops_hw.o ps7_cortexa9_0/lib/xgpiops_intr.o 
TRACE::2026-09-20.18:22:28::SCWBDomain::ps7_cortexa9_0/lib/xgpiops_selftest.o ps7_cortexa9_0/lib/xgpiops_sinit.o ps7_cortexa9_0/lib/xil-crt0.o ps7_cortexa9_0/lib/xil_a
TRACE::2026-09-20.18:22:28::SCWBDomain::ssert.o ps7_cortexa9_0/lib/xil_cache.o ps7_cortexa9_0/lib/xil_clocking.o ps7_cortexa9_0/lib/xil_exception.o ps7_cortexa9_0/lib/
TRACE::2026-09-20.18:22:28::SCWBDomain::xil_mem.o ps7_cortexa9_0/lib/xil_misc_psreset_api.o ps7_cortexa9_0/lib/xil_mmu.o ps7_cortexa9_0/lib/xil_printf.o ps7_cortexa9_0
TRACE::2026-09-20.18:22:28::SCWBDomain::/lib/xil_sleepcommon.o ps7_cortexa9_0/lib/xil_sleeptimer.o ps7_cortexa9_0/lib/xil_spinlock.o ps7_cortexa9_0/lib/xil_testcache.o
TRACE::2026-09-20.18:22:28::SCWBDomain:: ps7_cortexa9_0/lib/xil_testio.o ps7_cortexa9_0/lib/xil_testmem.o ps7_cortexa9_0/lib/xil_util.o ps7_cortexa9_0/lib/xinterrupt_w
TRACE::2026-09-20.18:22:28::SCWBDomain::rap.o ps7_cortexa9_0/lib/xl2cc_counter.o ps7_cortexa9_0/lib/xplatform_info.o ps7_cortexa9_0/lib/xpm_counter.o ps7_cortexa9_0/li
TRACE::2026-09-20.18:22:28::SCWBDomain::b/xqspips.o ps7_cortexa9_0/lib/xqspips_g.o ps7_cortexa9_0/lib/xqspips_hw.o ps7_cortexa9_0/lib/xqspips_options.o ps7_cortexa9_0/
TRACE::2026-09-20.18:22:28::SCWBDomain::lib/xqspips_selftest.o ps7_cortexa9_0/lib/xqspips_sinit.o ps7_cortexa9_0/lib/xscugic.o ps7_cortexa9_0/lib/xscugic_g.o ps7_corte
TRACE::2026-09-20.18:22:28::SCWBDomain::xa9_0/lib/xscugic_hw.o ps7_cortexa9_0/lib/xscugic_intr.o ps7_cortexa9_0/lib/xscugic_selftest.o ps7_cortexa9_0/lib/xscugic_sinit
TRACE::2026-09-20.18:22:28::SCWBDomain::.o ps7_cortexa9_0/lib/xscutimer.o ps7_cortexa9_0/lib/xscutimer_g.o ps7_cortexa9_0/lib/xscutimer_selftest.o ps7_cortexa9_0/lib/x
TRACE::2026-09-20.18:22:28::SCWBDomain::scutimer_sinit.o ps7_cortexa9_0/lib/xscuwdt.o ps7_cortexa9_0/lib/xscuwdt_g.o ps7_cortexa9_0/lib/xscuwdt_selftest.o ps7_cortexa9
TRACE::2026-09-20.18:22:28::SCWBDomain::_0/lib/xscuwdt_sinit.o ps7_cortexa9_0/lib/xsdps.o ps7_cortexa9_0/lib/xsdps_card.o ps7_cortexa9_0/lib/xsdps_g.o ps7_cortexa9_0/l
TRACE::2026-09-20.18:22:28::SCWBDomain::ib/xsdps_host.o ps7_cortexa9_0/lib/xsdps_options.o ps7_cortexa9_0/lib/xsdps_sinit.o ps7_cortexa9_0/lib/xtime_l.o ps7_cortexa9_0
TRACE::2026-09-20.18:22:28::SCWBDomain::/lib/xuartps.o ps7_cortexa9_0/lib/xuartps_g.o ps7_cortexa9_0/lib/xuartps_hw.o ps7_cortexa9_0/lib/xuartps_intr.o ps7_cortexa9_0/
TRACE::2026-09-20.18:22:28::SCWBDomain::lib/xuartps_options.o ps7_cortexa9_0/lib/xuartps_selftest.o ps7_cortexa9_0/lib/xuartps_sinit.o ps7_cortexa9_0/lib/xusbps.o ps7_
TRACE::2026-09-20.18:22:28::SCWBDomain::cortexa9_0/lib/xusbps_endpoint.o ps7_cortexa9_0/lib/xusbps_g.o ps7_cortexa9_0/lib/xusbps_hw.o ps7_cortexa9_0/lib/xusbps_intr.o 
TRACE::2026-09-20.18:22:28::SCWBDomain::ps7_cortexa9_0/lib/xusbps_sinit.o

TRACE::2026-09-20.18:22:28::SCWBDomain::'Finished building libraries'

TRACE::2026-09-20.18:22:28::SCWBDomain::make: Leaving directory 'C:/Xilinx/ECE520/02-AXI_GPIO/axi_gpio_ext_jp/axi_gpio_ext_vitis/axi_gpio_ext_platform/zynq_fsbl/zynq_f
TRACE::2026-09-20.18:22:28::SCWBDomain::sbl_bsp'

TRACE::2026-09-20.18:22:29::SCWBDomain::arm-none-eabi-gcc  -O2 -c -MMD -MP       -mcpu=cortex-a9 -mfpu=vfpv3 -mfloat-abi=hard  -c sd.c -o sd.o -Izynq_fsbl_bsp/ps7_cort
TRACE::2026-09-20.18:22:29::SCWBDomain::exa9_0/include -I.

TRACE::2026-09-20.18:22:29::SCWBDomain::arm-none-eabi-gcc  -O2 -c -MMD -MP       -mcpu=cortex-a9 -mfpu=vfpv3 -mfloat-abi=hard  -c nand.c -o nand.o -Izynq_fsbl_bsp/ps7_
TRACE::2026-09-20.18:22:29::SCWBDomain::cortexa9_0/include -I.

TRACE::2026-09-20.18:22:29::SCWBDomain::arm-none-eabi-gcc  -O2 -c -MMD -MP       -mcpu=cortex-a9 -mfpu=vfpv3 -mfloat-abi=hard  -c nor.c -o nor.o -Izynq_fsbl_bsp/ps7_co
TRACE::2026-09-20.18:22:29::SCWBDomain::rtexa9_0/include -I.

TRACE::2026-09-20.18:22:29::SCWBDomain::arm-none-eabi-gcc  -O2 -c -MMD -MP       -mcpu=cortex-a9 -mfpu=vfpv3 -mfloat-abi=hard  -c image_mover.c -o image_mover.o -Izynq
TRACE::2026-09-20.18:22:29::SCWBDomain::_fsbl_bsp/ps7_cortexa9_0/include -I.

TRACE::2026-09-20.18:22:29::SCWBDomain::arm-none-eabi-gcc  -O2 -c -MMD -MP       -mcpu=cortex-a9 -mfpu=vfpv3 -mfloat-abi=hard  -c md5.c -o md5.o -Izynq_fsbl_bsp/ps7_co
TRACE::2026-09-20.18:22:29::SCWBDomain::rtexa9_0/include -I.

TRACE::2026-09-20.18:22:30::SCWBDomain::arm-none-eabi-gcc  -O2 -c -MMD -MP       -mcpu=cortex-a9 -mfpu=vfpv3 -mfloat-abi=hard  -c fsbl_hooks.c -o fsbl_hooks.o -Izynq_f
TRACE::2026-09-20.18:22:30::SCWBDomain::sbl_bsp/ps7_cortexa9_0/include -I.

TRACE::2026-09-20.18:22:30::SCWBDomain::arm-none-eabi-gcc  -O2 -c -MMD -MP       -mcpu=cortex-a9 -mfpu=vfpv3 -mfloat-abi=hard  -c main.c -o main.o -Izynq_fsbl_bsp/ps7_
TRACE::2026-09-20.18:22:30::SCWBDomain::cortexa9_0/include -I.

TRACE::2026-09-20.18:22:30::SCWBDomain::arm-none-eabi-gcc  -O2 -c -MMD -MP       -mcpu=cortex-a9 -mfpu=vfpv3 -mfloat-abi=hard  -c rsa.c -o rsa.o -Izynq_fsbl_bsp/ps7_co
TRACE::2026-09-20.18:22:30::SCWBDomain::rtexa9_0/include -I.

TRACE::2026-09-20.18:22:30::SCWBDomain::arm-none-eabi-gcc  -O2 -c -MMD -MP       -mcpu=cortex-a9 -mfpu=vfpv3 -mfloat-abi=hard  -c qspi.c -o qspi.o -Izynq_fsbl_bsp/ps7_
TRACE::2026-09-20.18:22:30::SCWBDomain::cortexa9_0/include -I.

TRACE::2026-09-20.18:22:30::SCWBDomain::arm-none-eabi-gcc  -O2 -c -MMD -MP       -mcpu=cortex-a9 -mfpu=vfpv3 -mfloat-abi=hard  -c ps7_init.c -o ps7_init.o -Izynq_fsbl_
TRACE::2026-09-20.18:22:30::SCWBDomain::bsp/ps7_cortexa9_0/include -I.

TRACE::2026-09-20.18:22:30::SCWBDomain::arm-none-eabi-gcc  -O2 -c -MMD -MP       -mcpu=cortex-a9 -mfpu=vfpv3 -mfloat-abi=hard  -c pcap.c -o pcap.o -Izynq_fsbl_bsp/ps7_
TRACE::2026-09-20.18:22:30::SCWBDomain::cortexa9_0/include -I.

TRACE::2026-09-20.18:22:31::SCWBDomain::arm-none-eabi-gcc  -O2 -c -MMD -MP       -mcpu=cortex-a9 -mfpu=vfpv3 -mfloat-abi=hard  -c fsbl_handoff.S -o fsbl_handoff.o -Izy
TRACE::2026-09-20.18:22:31::SCWBDomain::nq_fsbl_bsp/ps7_cortexa9_0/include -I.

TRACE::2026-09-20.18:22:31::SCWBDomain::arm-none-eabi-gcc -o fsbl.elf fsbl_handoff.o fsbl_hooks.o image_mover.o main.o md5.o nand.o nor.o pcap.o ps7_init.o qspi.o rsa.
TRACE::2026-09-20.18:22:31::SCWBDomain::o sd.o -MMD -MP       -mcpu=cortex-a9 -mfpu=vfpv3 -mfloat-abi=hard   -mcpu=cortex-a9 -mfpu=vfpv3 -mfloat-abi=hard -Wl,-build-id
TRACE::2026-09-20.18:22:31::SCWBDomain::=none -specs=Xilinx.spec  -lrsa -Wl,--start-group,-lxil,-lgcc,-lc,--end-group -Wl,--start-group,-lxilffs,-lxil,-lgcc,-lc,--end-
TRACE::2026-09-20.18:22:31::SCWBDomain::group -Wl,--start-group,-lrsa,-lxil,-lgcc,-lc,--end-group                                      -Wl,--gc-sections -Lzynq_fsbl_bs
TRACE::2026-09-20.18:22:31::SCWBDomain::p/ps7_cortexa9_0/lib -L./ -Tlscript.ld

LOG::2026-09-20.18:22:31::SCWSystem::Checking the domain standalone_domain
LOG::2026-09-20.18:22:31::SCWSystem::Not a boot domain 
LOG::2026-09-20.18:22:31::SCWSystem::Started Processing the domain standalone_domain
TRACE::2026-09-20.18:22:31::SCWDomain::Generating domain artifcats
TRACE::2026-09-20.18:22:31::SCWMssOS::Generating standalone artifcats
TRACE::2026-09-20.18:22:31::SCWMssOS::Copying the qemu file from  C:/Xilinx/ECE520/02-AXI_GPIO/axi_gpio_ext_jp/axi_gpio_ext_vitis/axi_gpio_ext_platform/resources/axi_gpio_ext_platform/standalone_domain/qemu_args.txt To C:/Xilinx/ECE520/02-AXI_GPIO/axi_gpio_ext_jp/axi_gpio_ext_vitis/axi_gpio_ext_platform/export/axi_gpio_ext_platform/sw/axi_gpio_ext_platform/qemu/
TRACE::2026-09-20.18:22:31::SCWMssOS::Copying the qemu file from  C:/Xilinx/ECE520/02-AXI_GPIO/axi_gpio_ext_jp/axi_gpio_ext_vitis/axi_gpio_ext_platform/resources/axi_gpio_ext_platform/standalone_domain/qemu_args.txt To C:/Xilinx/ECE520/02-AXI_GPIO/axi_gpio_ext_jp/axi_gpio_ext_vitis/axi_gpio_ext_platform/export/axi_gpio_ext_platform/sw/axi_gpio_ext_platform/standalone_domain/qemu/
TRACE::2026-09-20.18:22:31::SCWMssOS:: Copying the user libraries. 
TRACE::2026-09-20.18:22:31::SCWPlatform::Trying to open the hw design at C:/Xilinx/ECE520/02-AXI_GPIO/axi_gpio_ext_jp/axi_gpio_ext_vitis/axi_gpio_ext_platform/hw/axi_gpio_ext_jp_wrapper.xsa
TRACE::2026-09-20.18:22:31::SCWPlatform::DSA given C:/Xilinx/ECE520/02-AXI_GPIO/axi_gpio_ext_jp/axi_gpio_ext_vitis/axi_gpio_ext_platform/hw/axi_gpio_ext_jp_wrapper.xsa
TRACE::2026-09-20.18:22:31::SCWPlatform::DSA absoulate path C:/Xilinx/ECE520/02-AXI_GPIO/axi_gpio_ext_jp/axi_gpio_ext_vitis/axi_gpio_ext_platform/hw/axi_gpio_ext_jp_wrapper.xsa
TRACE::2026-09-20.18:22:31::SCWPlatform::DSA directory C:/Xilinx/ECE520/02-AXI_GPIO/axi_gpio_ext_jp/axi_gpio_ext_vitis/axi_gpio_ext_platform/hw
TRACE::2026-09-20.18:22:31::SCWPlatform:: Platform Path C:/Xilinx/ECE520/02-AXI_GPIO/axi_gpio_ext_jp/axi_gpio_ext_vitis/axi_gpio_ext_platform/hw/axi_gpio_ext_jp_wrapper.xsa
TRACE::2026-09-20.18:22:31::SCWPlatform:: Unique name xilinx:zybo-z7-10::0.0
TRACE::2026-09-20.18:22:31::SCWPlatform::Trying to set the existing hwdb with name axi_gpio_ext_jp_wrapper_1
TRACE::2026-09-20.18:22:31::SCWPlatform::Opened existing hwdb axi_gpio_ext_jp_wrapper_1
TRACE::2026-09-20.18:22:31::SCWPlatform::Found the Hw Db part of the input DSA
TRACE::2026-09-20.18:22:31::SCWMssOS::Checking the sw design at  C:/Xilinx/ECE520/02-AXI_GPIO/axi_gpio_ext_jp/axi_gpio_ext_vitis/axi_gpio_ext_platform/ps7_cortexa9_0/standalone_domain/bsp/system.mss
TRACE::2026-09-20.18:22:31::SCWMssOS::DEBUG:  swdes dump  C:/Xilinx/ECE520/02-AXI_GPIO/axi_gpio_ext_jp/axi_gpio_ext_vitis/axi_gpio_ext_platform/ps7_cortexa9_0/standalone_domain/bsp/system.mss|system_0||
C:/Xilinx/ECE520/02-AXI_GPIO/axi_gpio_ext_jp/axi_gpio_ext_vitis/axi_gpio_ext_platform/zynq_fsbl/zynq_fsbl_bsp/system.mss|system||

TRACE::2026-09-20.18:22:31::SCWMssOS::Sw design exists and opened at  C:/Xilinx/ECE520/02-AXI_GPIO/axi_gpio_ext_jp/axi_gpio_ext_vitis/axi_gpio_ext_platform/ps7_cortexa9_0/standalone_domain/bsp/system.mss
TRACE::2026-09-20.18:22:31::SCWMssOS::Completed writing the mss file at C:/Xilinx/ECE520/02-AXI_GPIO/axi_gpio_ext_jp/axi_gpio_ext_vitis/axi_gpio_ext_platform/ps7_cortexa9_0/standalone_domain/bsp
TRACE::2026-09-20.18:22:31::SCWMssOS::Mss edits present, copying mssfile into export location C:/Xilinx/ECE520/02-AXI_GPIO/axi_gpio_ext_jp/axi_gpio_ext_vitis/axi_gpio_ext_platform/ps7_cortexa9_0/standalone_domain/bsp/system.mss
TRACE::2026-09-20.18:22:31::SCWMssOS::bsp generated is upto date with the mss file. Skipping bsp generation.
TRACE::2026-09-20.18:22:31::SCWMssOS::BSP is already built. skipping the bsp build ... 
TRACE::2026-09-20.18:22:31::SCWDomain::Building the domain as part of full build :  standalone_domain
TRACE::2026-09-20.18:22:31::SCWMssOS::doing bsp build ... 
TRACE::2026-09-20.18:22:31::SCWMssOS::System Command Ran  C: & cd  C:/Xilinx/ECE520/02-AXI_GPIO/axi_gpio_ext_jp/axi_gpio_ext_vitis/axi_gpio_ext_platform/ps7_cortexa9_0/standalone_domain/bsp & make 
TRACE::2026-09-20.18:22:31::SCWMssOS::make --no-print-directory seq_libs

TRACE::2026-09-20.18:22:31::SCWMssOS::'Finished building libraries sequentially.'

TRACE::2026-09-20.18:22:31::SCWMssOS::make -j 14 --no-print-directory par_libs

TRACE::2026-09-20.18:22:31::SCWMssOS::"Running Make include in ps7_cortexa9_0/libsrc/coresightps_dcc_v1_8/src"

TRACE::2026-09-20.18:22:31::SCWMssOS::"Running Make include in ps7_cortexa9_0/libsrc/cpu_cortexa9_v2_11/src"

TRACE::2026-09-20.18:22:31::SCWMssOS::make -C ps7_cortexa9_0/libsrc/coresightps_dcc_v1_8/src -s include  "SHELL=CMD" "COMPILER=arm-none-eabi-gcc" "ASSEMBLER=arm-none
TRACE::2026-09-20.18:22:31::SCWMssOS::-eabi-as" "ARCHIVER=arm-none-eabi-ar" "COMPILER_FLAGS=  -O2 -c" "EXTRA_COMPILER_FLAGS=-mcpu=cortex-a9 -mfpu=vfpv3 -mfloat-abi=h
TRACE::2026-09-20.18:22:31::SCWMssOS::ard -nostartfiles -g -Wall -Wextra -fno-tree-loop-distribute-patterns"

TRACE::2026-09-20.18:22:31::SCWMssOS::make -C ps7_cortexa9_0/libsrc/cpu_cortexa9_v2_11/src -s include  "SHELL=CMD" "COMPILER=arm-none-eabi-gcc" "ASSEMBLER=arm-none-e
TRACE::2026-09-20.18:22:31::SCWMssOS::abi-as" "ARCHIVER=arm-none-eabi-ar" "COMPILER_FLAGS=  -O2 -c" "EXTRA_COMPILER_FLAGS=-mcpu=cortex-a9 -mfpu=vfpv3 -mfloat-abi=har
TRACE::2026-09-20.18:22:31::SCWMssOS::d -nostartfiles -g -Wall -Wextra -fno-tree-loop-distribute-patterns"

TRACE::2026-09-20.18:22:31::SCWMssOS::"Running Make include in ps7_cortexa9_0/libsrc/ddrps_v1_2/src"

TRACE::2026-09-20.18:22:31::SCWMssOS::make -C ps7_cortexa9_0/libsrc/ddrps_v1_2/src -s include  "SHELL=CMD" "COMPILER=arm-none-eabi-gcc" "ASSEMBLER=arm-none-eabi-as" 
TRACE::2026-09-20.18:22:31::SCWMssOS::"ARCHIVER=arm-none-eabi-ar" "COMPILER_FLAGS=  -O2 -c" "EXTRA_COMPILER_FLAGS=-mcpu=cortex-a9 -mfpu=vfpv3 -mfloat-abi=hard -nosta
TRACE::2026-09-20.18:22:31::SCWMssOS::rtfiles -g -Wall -Wextra -fno-tree-loop-distribute-patterns"

TRACE::2026-09-20.18:22:31::SCWMssOS::"Running Make include in ps7_cortexa9_0/libsrc/devcfg_v3_7/src"

TRACE::2026-09-20.18:22:31::SCWMssOS::"Running Make include in ps7_cortexa9_0/libsrc/dmaps_v2_8/src"

TRACE::2026-09-20.18:22:31::SCWMssOS::make -C ps7_cortexa9_0/libsrc/devcfg_v3_7/src -s include  "SHELL=CMD" "COMPILER=arm-none-eabi-gcc" "ASSEMBLER=arm-none-eabi-as"
TRACE::2026-09-20.18:22:31::SCWMssOS:: "ARCHIVER=arm-none-eabi-ar" "COMPILER_FLAGS=  -O2 -c" "EXTRA_COMPILER_FLAGS=-mcpu=cortex-a9 -mfpu=vfpv3 -mfloat-abi=hard -nost
TRACE::2026-09-20.18:22:31::SCWMssOS::artfiles -g -Wall -Wextra -fno-tree-loop-distribute-patterns"

TRACE::2026-09-20.18:22:31::SCWMssOS::make -C ps7_cortexa9_0/libsrc/dmaps_v2_8/src -s include  "SHELL=CMD" "COMPILER=arm-none-eabi-gcc" "ASSEMBLER=arm-none-eabi-as" 
TRACE::2026-09-20.18:22:31::SCWMssOS::"ARCHIVER=arm-none-eabi-ar" "COMPILER_FLAGS=  -O2 -c" "EXTRA_COMPILER_FLAGS=-mcpu=cortex-a9 -mfpu=vfpv3 -mfloat-abi=hard -nosta
TRACE::2026-09-20.18:22:31::SCWMssOS::rtfiles -g -Wall -Wextra -fno-tree-loop-distribute-patterns"

TRACE::2026-09-20.18:22:31::SCWMssOS::"Running Make include in ps7_cortexa9_0/libsrc/emacps_v3_18/src"

TRACE::2026-09-20.18:22:31::SCWMssOS::make -C ps7_cortexa9_0/libsrc/emacps_v3_18/src -s include  "SHELL=CMD" "COMPILER=arm-none-eabi-gcc" "ASSEMBLER=arm-none-eabi-as
TRACE::2026-09-20.18:22:31::SCWMssOS::" "ARCHIVER=arm-none-eabi-ar" "COMPILER_FLAGS=  -O2 -c" "EXTRA_COMPILER_FLAGS=-mcpu=cortex-a9 -mfpu=vfpv3 -mfloat-abi=hard -nos
TRACE::2026-09-20.18:22:31::SCWMssOS::tartfiles -g -Wall -Wextra -fno-tree-loop-distribute-patterns"

TRACE::2026-09-20.18:22:31::SCWMssOS::"Running Make include in ps7_cortexa9_0/libsrc/gpiops_v3_11/src"

TRACE::2026-09-20.18:22:32::SCWMssOS::make -C ps7_cortexa9_0/libsrc/gpiops_v3_11/src -s include  "SHELL=CMD" "COMPILER=arm-none-eabi-gcc" "ASSEMBLER=arm-none-eabi-as
TRACE::2026-09-20.18:22:32::SCWMssOS::" "ARCHIVER=arm-none-eabi-ar" "COMPILER_FLAGS=  -O2 -c" "EXTRA_COMPILER_FLAGS=-mcpu=cortex-a9 -mfpu=vfpv3 -mfloat-abi=hard -nos
TRACE::2026-09-20.18:22:32::SCWMssOS::tartfiles -g -Wall -Wextra -fno-tree-loop-distribute-patterns"

TRACE::2026-09-20.18:22:32::SCWMssOS::"Running Make include in ps7_cortexa9_0/libsrc/gpio_v4_9/src"

TRACE::2026-09-20.18:22:32::SCWMssOS::make -C ps7_cortexa9_0/libsrc/gpio_v4_9/src -s include  "SHELL=CMD" "COMPILER=arm-none-eabi-gcc" "ASSEMBLER=arm-none-eabi-as" "
TRACE::2026-09-20.18:22:32::SCWMssOS::ARCHIVER=arm-none-eabi-ar" "COMPILER_FLAGS=  -O2 -c" "EXTRA_COMPILER_FLAGS=-mcpu=cortex-a9 -mfpu=vfpv3 -mfloat-abi=hard -nostar
TRACE::2026-09-20.18:22:32::SCWMssOS::tfiles -g -Wall -Wextra -fno-tree-loop-distribute-patterns"

TRACE::2026-09-20.18:22:32::SCWMssOS::"Running Make include in ps7_cortexa9_0/libsrc/qspips_v3_10/src"

TRACE::2026-09-20.18:22:32::SCWMssOS::make -C ps7_cortexa9_0/libsrc/qspips_v3_10/src -s include  "SHELL=CMD" "COMPILER=arm-none-eabi-gcc" "ASSEMBLER=arm-none-eabi-as
TRACE::2026-09-20.18:22:32::SCWMssOS::" "ARCHIVER=arm-none-eabi-ar" "COMPILER_FLAGS=  -O2 -c" "EXTRA_COMPILER_FLAGS=-mcpu=cortex-a9 -mfpu=vfpv3 -mfloat-abi=hard -nos
TRACE::2026-09-20.18:22:32::SCWMssOS::tartfiles -g -Wall -Wextra -fno-tree-loop-distribute-patterns"

TRACE::2026-09-20.18:22:32::SCWMssOS::"Running Make include in ps7_cortexa9_0/libsrc/scugic_v5_1/src"

TRACE::2026-09-20.18:22:32::SCWMssOS::make -C ps7_cortexa9_0/libsrc/scugic_v5_1/src -s include  "SHELL=CMD" "COMPILER=arm-none-eabi-gcc" "ASSEMBLER=arm-none-eabi-as"
TRACE::2026-09-20.18:22:32::SCWMssOS:: "ARCHIVER=arm-none-eabi-ar" "COMPILER_FLAGS=  -O2 -c" "EXTRA_COMPILER_FLAGS=-mcpu=cortex-a9 -mfpu=vfpv3 -mfloat-abi=hard -nost
TRACE::2026-09-20.18:22:32::SCWMssOS::artfiles -g -Wall -Wextra -fno-tree-loop-distribute-patterns"

TRACE::2026-09-20.18:22:32::SCWMssOS::"Running Make include in ps7_cortexa9_0/libsrc/scutimer_v2_4/src"

TRACE::2026-09-20.18:22:32::SCWMssOS::"Running Make include in ps7_cortexa9_0/libsrc/scuwdt_v2_4/src"

TRACE::2026-09-20.18:22:32::SCWMssOS::make -C ps7_cortexa9_0/libsrc/scutimer_v2_4/src -s include  "SHELL=CMD" "COMPILER=arm-none-eabi-gcc" "ASSEMBLER=arm-none-eabi-a
TRACE::2026-09-20.18:22:32::SCWMssOS::s" "ARCHIVER=arm-none-eabi-ar" "COMPILER_FLAGS=  -O2 -c" "EXTRA_COMPILER_FLAGS=-mcpu=cortex-a9 -mfpu=vfpv3 -mfloat-abi=hard -no
TRACE::2026-09-20.18:22:32::SCWMssOS::startfiles -g -Wall -Wextra -fno-tree-loop-distribute-patterns"

TRACE::2026-09-20.18:22:32::SCWMssOS::make -C ps7_cortexa9_0/libsrc/scuwdt_v2_4/src -s include  "SHELL=CMD" "COMPILER=arm-none-eabi-gcc" "ASSEMBLER=arm-none-eabi-as"
TRACE::2026-09-20.18:22:32::SCWMssOS:: "ARCHIVER=arm-none-eabi-ar" "COMPILER_FLAGS=  -O2 -c" "EXTRA_COMPILER_FLAGS=-mcpu=cortex-a9 -mfpu=vfpv3 -mfloat-abi=hard -nost
TRACE::2026-09-20.18:22:32::SCWMssOS::artfiles -g -Wall -Wextra -fno-tree-loop-distribute-patterns"

TRACE::2026-09-20.18:22:32::SCWMssOS::"Running Make include in ps7_cortexa9_0/libsrc/sdps_v4_1/src"

TRACE::2026-09-20.18:22:32::SCWMssOS::"Running Make include in ps7_cortexa9_0/libsrc/standalone_v8_1/src"

TRACE::2026-09-20.18:22:32::SCWMssOS::make -C ps7_cortexa9_0/libsrc/sdps_v4_1/src -s include  "SHELL=CMD" "COMPILER=arm-none-eabi-gcc" "ASSEMBLER=arm-none-eabi-as" "
TRACE::2026-09-20.18:22:32::SCWMssOS::ARCHIVER=arm-none-eabi-ar" "COMPILER_FLAGS=  -O2 -c" "EXTRA_COMPILER_FLAGS=-mcpu=cortex-a9 -mfpu=vfpv3 -mfloat-abi=hard -nostar
TRACE::2026-09-20.18:22:32::SCWMssOS::tfiles -g -Wall -Wextra -fno-tree-loop-distribute-patterns"

TRACE::2026-09-20.18:22:32::SCWMssOS::make -C ps7_cortexa9_0/libsrc/standalone_v8_1/src -s include  "SHELL=CMD" "COMPILER=arm-none-eabi-gcc" "ASSEMBLER=arm-none-eabi
TRACE::2026-09-20.18:22:32::SCWMssOS::-as" "ARCHIVER=arm-none-eabi-ar" "COMPILER_FLAGS=  -O2 -c" "EXTRA_COMPILER_FLAGS=-mcpu=cortex-a9 -mfpu=vfpv3 -mfloat-abi=hard -
TRACE::2026-09-20.18:22:32::SCWMssOS::nostartfiles -g -Wall -Wextra -fno-tree-loop-distribute-patterns"

TRACE::2026-09-20.18:22:32::SCWMssOS::"Running Make include in ps7_cortexa9_0/libsrc/uartps_v3_12/src"

TRACE::2026-09-20.18:22:32::SCWMssOS::make -C ps7_cortexa9_0/libsrc/uartps_v3_12/src -s include  "SHELL=CMD" "COMPILER=arm-none-eabi-gcc" "ASSEMBLER=arm-none-eabi-as
TRACE::2026-09-20.18:22:32::SCWMssOS::" "ARCHIVER=arm-none-eabi-ar" "COMPILER_FLAGS=  -O2 -c" "EXTRA_COMPILER_FLAGS=-mcpu=cortex-a9 -mfpu=vfpv3 -mfloat-abi=hard -nos
TRACE::2026-09-20.18:22:32::SCWMssOS::tartfiles -g -Wall -Wextra -fno-tree-loop-distribute-patterns"

TRACE::2026-09-20.18:22:32::SCWMssOS::"Running Make include in ps7_cortexa9_0/libsrc/usbps_v2_7/src"

TRACE::2026-09-20.18:22:32::SCWMssOS::make -C ps7_cortexa9_0/libsrc/usbps_v2_7/src -s include  "SHELL=CMD" "COMPILER=arm-none-eabi-gcc" "ASSEMBLER=arm-none-eabi-as" 
TRACE::2026-09-20.18:22:32::SCWMssOS::"ARCHIVER=arm-none-eabi-ar" "COMPILER_FLAGS=  -O2 -c" "EXTRA_COMPILER_FLAGS=-mcpu=cortex-a9 -mfpu=vfpv3 -mfloat-abi=hard -nosta
TRACE::2026-09-20.18:22:32::SCWMssOS::rtfiles -g -Wall -Wextra -fno-tree-loop-distribute-patterns"

TRACE::2026-09-20.18:22:32::SCWMssOS::"Running Make include in ps7_cortexa9_0/libsrc/xadcps_v2_6/src"

TRACE::2026-09-20.18:22:32::SCWMssOS::make -C ps7_cortexa9_0/libsrc/xadcps_v2_6/src -s include  "SHELL=CMD" "COMPILER=arm-none-eabi-gcc" "ASSEMBLER=arm-none-eabi-as"
TRACE::2026-09-20.18:22:32::SCWMssOS:: "ARCHIVER=arm-none-eabi-ar" "COMPILER_FLAGS=  -O2 -c" "EXTRA_COMPILER_FLAGS=-mcpu=cortex-a9 -mfpu=vfpv3 -mfloat-abi=hard -nost
TRACE::2026-09-20.18:22:32::SCWMssOS::artfiles -g -Wall -Wextra -fno-tree-loop-distribute-patterns"

TRACE::2026-09-20.18:22:32::SCWMssOS::"Running Make libs in ps7_cortexa9_0/libsrc/coresightps_dcc_v1_8/src"

TRACE::2026-09-20.18:22:32::SCWMssOS::make -C ps7_cortexa9_0/libsrc/coresightps_dcc_v1_8/src -s libs  "SHELL=CMD" "COMPILER=arm-none-eabi-gcc" "ASSEMBLER=arm-none-ea
TRACE::2026-09-20.18:22:32::SCWMssOS::bi-as" "ARCHIVER=arm-none-eabi-ar" "COMPILER_FLAGS=  -O2 -c" "EXTRA_COMPILER_FLAGS=-mcpu=cortex-a9 -mfpu=vfpv3 -mfloat-abi=hard
TRACE::2026-09-20.18:22:32::SCWMssOS:: -nostartfiles -g -Wall -Wextra -fno-tree-loop-distribute-patterns"

TRACE::2026-09-20.18:22:32::SCWMssOS::"Running Make libs in ps7_cortexa9_0/libsrc/cpu_cortexa9_v2_11/src"

TRACE::2026-09-20.18:22:32::SCWMssOS::make -C ps7_cortexa9_0/libsrc/cpu_cortexa9_v2_11/src -s libs  "SHELL=CMD" "COMPILER=arm-none-eabi-gcc" "ASSEMBLER=arm-none-eabi
TRACE::2026-09-20.18:22:32::SCWMssOS::-as" "ARCHIVER=arm-none-eabi-ar" "COMPILER_FLAGS=  -O2 -c" "EXTRA_COMPILER_FLAGS=-mcpu=cortex-a9 -mfpu=vfpv3 -mfloat-abi=hard -
TRACE::2026-09-20.18:22:32::SCWMssOS::nostartfiles -g -Wall -Wextra -fno-tree-loop-distribute-patterns"

TRACE::2026-09-20.18:22:32::SCWMssOS::"Running Make libs in ps7_cortexa9_0/libsrc/ddrps_v1_2/src"

TRACE::2026-09-20.18:22:32::SCWMssOS::make -C ps7_cortexa9_0/libsrc/ddrps_v1_2/src -s libs  "SHELL=CMD" "COMPILER=arm-none-eabi-gcc" "ASSEMBLER=arm-none-eabi-as" "AR
TRACE::2026-09-20.18:22:32::SCWMssOS::CHIVER=arm-none-eabi-ar" "COMPILER_FLAGS=  -O2 -c" "EXTRA_COMPILER_FLAGS=-mcpu=cortex-a9 -mfpu=vfpv3 -mfloat-abi=hard -nostartf
TRACE::2026-09-20.18:22:32::SCWMssOS::iles -g -Wall -Wextra -fno-tree-loop-distribute-patterns"

TRACE::2026-09-20.18:22:32::SCWMssOS::"Running Make libs in ps7_cortexa9_0/libsrc/devcfg_v3_7/src"

TRACE::2026-09-20.18:22:32::SCWMssOS::make -C ps7_cortexa9_0/libsrc/devcfg_v3_7/src -s libs  "SHELL=CMD" "COMPILER=arm-none-eabi-gcc" "ASSEMBLER=arm-none-eabi-as" "A
TRACE::2026-09-20.18:22:32::SCWMssOS::RCHIVER=arm-none-eabi-ar" "COMPILER_FLAGS=  -O2 -c" "EXTRA_COMPILER_FLAGS=-mcpu=cortex-a9 -mfpu=vfpv3 -mfloat-abi=hard -nostart
TRACE::2026-09-20.18:22:32::SCWMssOS::files -g -Wall -Wextra -fno-tree-loop-distribute-patterns"

TRACE::2026-09-20.18:22:32::SCWMssOS::"Running Make libs in ps7_cortexa9_0/libsrc/dmaps_v2_8/src"

TRACE::2026-09-20.18:22:32::SCWMssOS::make -C ps7_cortexa9_0/libsrc/dmaps_v2_8/src -s libs  "SHELL=CMD" "COMPILER=arm-none-eabi-gcc" "ASSEMBLER=arm-none-eabi-as" "AR
TRACE::2026-09-20.18:22:32::SCWMssOS::CHIVER=arm-none-eabi-ar" "COMPILER_FLAGS=  -O2 -c" "EXTRA_COMPILER_FLAGS=-mcpu=cortex-a9 -mfpu=vfpv3 -mfloat-abi=hard -nostartf
TRACE::2026-09-20.18:22:32::SCWMssOS::iles -g -Wall -Wextra -fno-tree-loop-distribute-patterns"

TRACE::2026-09-20.18:22:32::SCWMssOS::"Running Make libs in ps7_cortexa9_0/libsrc/emacps_v3_18/src"

TRACE::2026-09-20.18:22:32::SCWMssOS::make -C ps7_cortexa9_0/libsrc/emacps_v3_18/src -s libs  "SHELL=CMD" "COMPILER=arm-none-eabi-gcc" "ASSEMBLER=arm-none-eabi-as" "
TRACE::2026-09-20.18:22:32::SCWMssOS::ARCHIVER=arm-none-eabi-ar" "COMPILER_FLAGS=  -O2 -c" "EXTRA_COMPILER_FLAGS=-mcpu=cortex-a9 -mfpu=vfpv3 -mfloat-abi=hard -nostar
TRACE::2026-09-20.18:22:32::SCWMssOS::tfiles -g -Wall -Wextra -fno-tree-loop-distribute-patterns"

TRACE::2026-09-20.18:22:32::SCWMssOS::"Running Make libs in ps7_cortexa9_0/libsrc/gpiops_v3_11/src"

TRACE::2026-09-20.18:22:32::SCWMssOS::make -C ps7_cortexa9_0/libsrc/gpiops_v3_11/src -s libs  "SHELL=CMD" "COMPILER=arm-none-eabi-gcc" "ASSEMBLER=arm-none-eabi-as" "
TRACE::2026-09-20.18:22:32::SCWMssOS::ARCHIVER=arm-none-eabi-ar" "COMPILER_FLAGS=  -O2 -c" "EXTRA_COMPILER_FLAGS=-mcpu=cortex-a9 -mfpu=vfpv3 -mfloat-abi=hard -nostar
TRACE::2026-09-20.18:22:32::SCWMssOS::tfiles -g -Wall -Wextra -fno-tree-loop-distribute-patterns"

TRACE::2026-09-20.18:22:33::SCWMssOS::"Running Make libs in ps7_cortexa9_0/libsrc/gpio_v4_9/src"

TRACE::2026-09-20.18:22:33::SCWMssOS::make -C ps7_cortexa9_0/libsrc/gpio_v4_9/src -s libs  "SHELL=CMD" "COMPILER=arm-none-eabi-gcc" "ASSEMBLER=arm-none-eabi-as" "ARC
TRACE::2026-09-20.18:22:33::SCWMssOS::HIVER=arm-none-eabi-ar" "COMPILER_FLAGS=  -O2 -c" "EXTRA_COMPILER_FLAGS=-mcpu=cortex-a9 -mfpu=vfpv3 -mfloat-abi=hard -nostartfi
TRACE::2026-09-20.18:22:33::SCWMssOS::les -g -Wall -Wextra -fno-tree-loop-distribute-patterns"

TRACE::2026-09-20.18:22:33::SCWMssOS::"Running Make libs in ps7_cortexa9_0/libsrc/qspips_v3_10/src"

TRACE::2026-09-20.18:22:33::SCWMssOS::make -C ps7_cortexa9_0/libsrc/qspips_v3_10/src -s libs  "SHELL=CMD" "COMPILER=arm-none-eabi-gcc" "ASSEMBLER=arm-none-eabi-as" "
TRACE::2026-09-20.18:22:33::SCWMssOS::ARCHIVER=arm-none-eabi-ar" "COMPILER_FLAGS=  -O2 -c" "EXTRA_COMPILER_FLAGS=-mcpu=cortex-a9 -mfpu=vfpv3 -mfloat-abi=hard -nostar
TRACE::2026-09-20.18:22:33::SCWMssOS::tfiles -g -Wall -Wextra -fno-tree-loop-distribute-patterns"

TRACE::2026-09-20.18:22:33::SCWMssOS::"Running Make libs in ps7_cortexa9_0/libsrc/scugic_v5_1/src"

TRACE::2026-09-20.18:22:33::SCWMssOS::make -C ps7_cortexa9_0/libsrc/scugic_v5_1/src -s libs  "SHELL=CMD" "COMPILER=arm-none-eabi-gcc" "ASSEMBLER=arm-none-eabi-as" "A
TRACE::2026-09-20.18:22:33::SCWMssOS::RCHIVER=arm-none-eabi-ar" "COMPILER_FLAGS=  -O2 -c" "EXTRA_COMPILER_FLAGS=-mcpu=cortex-a9 -mfpu=vfpv3 -mfloat-abi=hard -nostart
TRACE::2026-09-20.18:22:33::SCWMssOS::files -g -Wall -Wextra -fno-tree-loop-distribute-patterns"

TRACE::2026-09-20.18:22:33::SCWMssOS::"Running Make libs in ps7_cortexa9_0/libsrc/scutimer_v2_4/src"

TRACE::2026-09-20.18:22:33::SCWMssOS::make -C ps7_cortexa9_0/libsrc/scutimer_v2_4/src -s libs  "SHELL=CMD" "COMPILER=arm-none-eabi-gcc" "ASSEMBLER=arm-none-eabi-as" 
TRACE::2026-09-20.18:22:33::SCWMssOS::"ARCHIVER=arm-none-eabi-ar" "COMPILER_FLAGS=  -O2 -c" "EXTRA_COMPILER_FLAGS=-mcpu=cortex-a9 -mfpu=vfpv3 -mfloat-abi=hard -nosta
TRACE::2026-09-20.18:22:33::SCWMssOS::rtfiles -g -Wall -Wextra -fno-tree-loop-distribute-patterns"

TRACE::2026-09-20.18:22:33::SCWMssOS::"Running Make libs in ps7_cortexa9_0/libsrc/scuwdt_v2_4/src"

TRACE::2026-09-20.18:22:33::SCWMssOS::make -C ps7_cortexa9_0/libsrc/scuwdt_v2_4/src -s libs  "SHELL=CMD" "COMPILER=arm-none-eabi-gcc" "ASSEMBLER=arm-none-eabi-as" "A
TRACE::2026-09-20.18:22:33::SCWMssOS::RCHIVER=arm-none-eabi-ar" "COMPILER_FLAGS=  -O2 -c" "EXTRA_COMPILER_FLAGS=-mcpu=cortex-a9 -mfpu=vfpv3 -mfloat-abi=hard -nostart
TRACE::2026-09-20.18:22:33::SCWMssOS::files -g -Wall -Wextra -fno-tree-loop-distribute-patterns"

TRACE::2026-09-20.18:22:33::SCWMssOS::"Running Make libs in ps7_cortexa9_0/libsrc/sdps_v4_1/src"

TRACE::2026-09-20.18:22:33::SCWMssOS::make -C ps7_cortexa9_0/libsrc/sdps_v4_1/src -s libs  "SHELL=CMD" "COMPILER=arm-none-eabi-gcc" "ASSEMBLER=arm-none-eabi-as" "ARC
TRACE::2026-09-20.18:22:33::SCWMssOS::HIVER=arm-none-eabi-ar" "COMPILER_FLAGS=  -O2 -c" "EXTRA_COMPILER_FLAGS=-mcpu=cortex-a9 -mfpu=vfpv3 -mfloat-abi=hard -nostartfi
TRACE::2026-09-20.18:22:33::SCWMssOS::les -g -Wall -Wextra -fno-tree-loop-distribute-patterns"

TRACE::2026-09-20.18:22:33::SCWMssOS::"Running Make libs in ps7_cortexa9_0/libsrc/standalone_v8_1/src"

TRACE::2026-09-20.18:22:33::SCWMssOS::make -C ps7_cortexa9_0/libsrc/standalone_v8_1/src -s libs  "SHELL=CMD" "COMPILER=arm-none-eabi-gcc" "ASSEMBLER=arm-none-eabi-as
TRACE::2026-09-20.18:22:33::SCWMssOS::" "ARCHIVER=arm-none-eabi-ar" "COMPILER_FLAGS=  -O2 -c" "EXTRA_COMPILER_FLAGS=-mcpu=cortex-a9 -mfpu=vfpv3 -mfloat-abi=hard -nos
TRACE::2026-09-20.18:22:33::SCWMssOS::tartfiles -g -Wall -Wextra -fno-tree-loop-distribute-patterns"

TRACE::2026-09-20.18:22:33::SCWMssOS::"Running Make libs in ps7_cortexa9_0/libsrc/uartps_v3_12/src"

TRACE::2026-09-20.18:22:33::SCWMssOS::make -C ps7_cortexa9_0/libsrc/uartps_v3_12/src -s libs  "SHELL=CMD" "COMPILER=arm-none-eabi-gcc" "ASSEMBLER=arm-none-eabi-as" "
TRACE::2026-09-20.18:22:33::SCWMssOS::ARCHIVER=arm-none-eabi-ar" "COMPILER_FLAGS=  -O2 -c" "EXTRA_COMPILER_FLAGS=-mcpu=cortex-a9 -mfpu=vfpv3 -mfloat-abi=hard -nostar
TRACE::2026-09-20.18:22:33::SCWMssOS::tfiles -g -Wall -Wextra -fno-tree-loop-distribute-patterns"

TRACE::2026-09-20.18:22:33::SCWMssOS::"Running Make libs in ps7_cortexa9_0/libsrc/usbps_v2_7/src"

TRACE::2026-09-20.18:22:33::SCWMssOS::make -C ps7_cortexa9_0/libsrc/usbps_v2_7/src -s libs  "SHELL=CMD" "COMPILER=arm-none-eabi-gcc" "ASSEMBLER=arm-none-eabi-as" "AR
TRACE::2026-09-20.18:22:33::SCWMssOS::CHIVER=arm-none-eabi-ar" "COMPILER_FLAGS=  -O2 -c" "EXTRA_COMPILER_FLAGS=-mcpu=cortex-a9 -mfpu=vfpv3 -mfloat-abi=hard -nostartf
TRACE::2026-09-20.18:22:33::SCWMssOS::iles -g -Wall -Wextra -fno-tree-loop-distribute-patterns"

TRACE::2026-09-20.18:22:33::SCWMssOS::"Running Make libs in ps7_cortexa9_0/libsrc/xadcps_v2_6/src"

TRACE::2026-09-20.18:22:33::SCWMssOS::make -C ps7_cortexa9_0/libsrc/xadcps_v2_6/src -s libs  "SHELL=CMD" "COMPILER=arm-none-eabi-gcc" "ASSEMBLER=arm-none-eabi-as" "A
TRACE::2026-09-20.18:22:33::SCWMssOS::RCHIVER=arm-none-eabi-ar" "COMPILER_FLAGS=  -O2 -c" "EXTRA_COMPILER_FLAGS=-mcpu=cortex-a9 -mfpu=vfpv3 -mfloat-abi=hard -nostart
TRACE::2026-09-20.18:22:33::SCWMssOS::files -g -Wall -Wextra -fno-tree-loop-distribute-patterns"

TRACE::2026-09-20.18:22:34::SCWMssOS::'Finished building libraries parallelly.'

TRACE::2026-09-20.18:22:34::SCWMssOS::make --no-print-directory archive

TRACE::2026-09-20.18:22:35::SCWMssOS::arm-none-eabi-ar -r  ps7_cortexa9_0/lib/libxil.a ps7_cortexa9_0/lib/_exit.o ps7_cortexa9_0/lib/_open.o ps7_cortexa9_0/lib/_sbrk
TRACE::2026-09-20.18:22:35::SCWMssOS::.o ps7_cortexa9_0/lib/abort.o ps7_cortexa9_0/lib/asm_vectors.o ps7_cortexa9_0/lib/boot.o ps7_cortexa9_0/lib/close.o ps7_cortexa
TRACE::2026-09-20.18:22:35::SCWMssOS::9_0/lib/cpputest_time.o ps7_cortexa9_0/lib/cpu_init.o ps7_cortexa9_0/lib/errno.o ps7_cortexa9_0/lib/fcntl.o ps7_cortexa9_0/lib/
TRACE::2026-09-20.18:22:35::SCWMssOS::fstat.o ps7_cortexa9_0/lib/getentropy.o ps7_cortexa9_0/lib/getpid.o ps7_cortexa9_0/lib/inbyte.o ps7_cortexa9_0/lib/isatty.o ps7
TRACE::2026-09-20.18:22:35::SCWMssOS::_cortexa9_0/lib/kill.o ps7_cortexa9_0/lib/lseek.o ps7_cortexa9_0/lib/open.o ps7_cortexa9_0/lib/outbyte.o ps7_cortexa9_0/lib/pri
TRACE::2026-09-20.18:22:35::SCWMssOS::nt.o ps7_cortexa9_0/lib/putnum.o ps7_cortexa9_0/lib/read.o ps7_cortexa9_0/lib/sbrk.o ps7_cortexa9_0/lib/sleep.o ps7_cortexa9_0/
TRACE::2026-09-20.18:22:35::SCWMssOS::lib/time.o ps7_cortexa9_0/lib/translation_table.o ps7_cortexa9_0/lib/unlink.o ps7_cortexa9_0/lib/usleep.o ps7_cortexa9_0/lib/ve
TRACE::2026-09-20.18:22:35::SCWMssOS::ctors.o ps7_cortexa9_0/lib/write.o ps7_cortexa9_0/lib/xadcps.o ps7_cortexa9_0/lib/xadcps_g.o ps7_cortexa9_0/lib/xadcps_intr.o p
TRACE::2026-09-20.18:22:35::SCWMssOS::s7_cortexa9_0/lib/xadcps_selftest.o ps7_cortexa9_0/lib/xadcps_sinit.o ps7_cortexa9_0/lib/xcoresightpsdcc.o ps7_cortexa9_0/lib/x
TRACE::2026-09-20.18:22:35::SCWMssOS::devcfg.o ps7_cortexa9_0/lib/xdevcfg_g.o ps7_cortexa9_0/lib/xdevcfg_hw.o ps7_cortexa9_0/lib/xdevcfg_intr.o ps7_cortexa9_0/lib/xd
TRACE::2026-09-20.18:22:35::SCWMssOS::evcfg_selftest.o ps7_cortexa9_0/lib/xdevcfg_sinit.o ps7_cortexa9_0/lib/xdmaps.o ps7_cortexa9_0/lib/xdmaps_g.o ps7_cortexa9_0/li
TRACE::2026-09-20.18:22:35::SCWMssOS::b/xdmaps_hw.o ps7_cortexa9_0/lib/xdmaps_selftest.o ps7_cortexa9_0/lib/xdmaps_sinit.o ps7_cortexa9_0/lib/xemacps.o ps7_cortexa9_
TRACE::2026-09-20.18:22:35::SCWMssOS::0/lib/xemacps_bdring.o ps7_cortexa9_0/lib/xemacps_control.o ps7_cortexa9_0/lib/xemacps_g.o ps7_cortexa9_0/lib/xemacps_hw.o ps7_
TRACE::2026-09-20.18:22:35::SCWMssOS::cortexa9_0/lib/xemacps_intr.o ps7_cortexa9_0/lib/xemacps_sinit.o ps7_cortexa9_0/lib/xgpio.o ps7_cortexa9_0/lib/xgpio_extra.o ps
TRACE::2026-09-20.18:22:35::SCWMssOS::7_cortexa9_0/lib/xgpio_g.o ps7_cortexa9_0/lib/xgpio_intr.o ps7_cortexa9_0/lib/xgpio_selftest.o ps7_cortexa9_0/lib/xgpio_sinit.o
TRACE::2026-09-20.18:22:35::SCWMssOS:: ps7_cortexa9_0/lib/xgpiops.o ps7_cortexa9_0/lib/xgpiops_g.o ps7_cortexa9_0/lib/xgpiops_hw.o ps7_cortexa9_0/lib/xgpiops_intr.o 
TRACE::2026-09-20.18:22:35::SCWMssOS::ps7_cortexa9_0/lib/xgpiops_selftest.o ps7_cortexa9_0/lib/xgpiops_sinit.o ps7_cortexa9_0/lib/xil-crt0.o ps7_cortexa9_0/lib/xil_a
TRACE::2026-09-20.18:22:35::SCWMssOS::ssert.o ps7_cortexa9_0/lib/xil_cache.o ps7_cortexa9_0/lib/xil_clocking.o ps7_cortexa9_0/lib/xil_exception.o ps7_cortexa9_0/lib/
TRACE::2026-09-20.18:22:35::SCWMssOS::xil_mem.o ps7_cortexa9_0/lib/xil_misc_psreset_api.o ps7_cortexa9_0/lib/xil_mmu.o ps7_cortexa9_0/lib/xil_printf.o ps7_cortexa9_0
TRACE::2026-09-20.18:22:35::SCWMssOS::/lib/xil_sleepcommon.o ps7_cortexa9_0/lib/xil_sleeptimer.o ps7_cortexa9_0/lib/xil_spinlock.o ps7_cortexa9_0/lib/xil_testcache.o
TRACE::2026-09-20.18:22:35::SCWMssOS:: ps7_cortexa9_0/lib/xil_testio.o ps7_cortexa9_0/lib/xil_testmem.o ps7_cortexa9_0/lib/xil_util.o ps7_cortexa9_0/lib/xinterrupt_w
TRACE::2026-09-20.18:22:35::SCWMssOS::rap.o ps7_cortexa9_0/lib/xl2cc_counter.o ps7_cortexa9_0/lib/xplatform_info.o ps7_cortexa9_0/lib/xpm_counter.o ps7_cortexa9_0/li
TRACE::2026-09-20.18:22:35::SCWMssOS::b/xqspips.o ps7_cortexa9_0/lib/xqspips_g.o ps7_cortexa9_0/lib/xqspips_hw.o ps7_cortexa9_0/lib/xqspips_options.o ps7_cortexa9_0/
TRACE::2026-09-20.18:22:35::SCWMssOS::lib/xqspips_selftest.o ps7_cortexa9_0/lib/xqspips_sinit.o ps7_cortexa9_0/lib/xscugic.o ps7_cortexa9_0/lib/xscugic_g.o ps7_corte
TRACE::2026-09-20.18:22:35::SCWMssOS::xa9_0/lib/xscugic_hw.o ps7_cortexa9_0/lib/xscugic_intr.o ps7_cortexa9_0/lib/xscugic_selftest.o ps7_cortexa9_0/lib/xscugic_sinit
TRACE::2026-09-20.18:22:35::SCWMssOS::.o ps7_cortexa9_0/lib/xscutimer.o ps7_cortexa9_0/lib/xscutimer_g.o ps7_cortexa9_0/lib/xscutimer_selftest.o ps7_cortexa9_0/lib/x
TRACE::2026-09-20.18:22:35::SCWMssOS::scutimer_sinit.o ps7_cortexa9_0/lib/xscuwdt.o ps7_cortexa9_0/lib/xscuwdt_g.o ps7_cortexa9_0/lib/xscuwdt_selftest.o ps7_cortexa9
TRACE::2026-09-20.18:22:35::SCWMssOS::_0/lib/xscuwdt_sinit.o ps7_cortexa9_0/lib/xsdps.o ps7_cortexa9_0/lib/xsdps_card.o ps7_cortexa9_0/lib/xsdps_g.o ps7_cortexa9_0/l
TRACE::2026-09-20.18:22:35::SCWMssOS::ib/xsdps_host.o ps7_cortexa9_0/lib/xsdps_options.o ps7_cortexa9_0/lib/xsdps_sinit.o ps7_cortexa9_0/lib/xtime_l.o ps7_cortexa9_0
TRACE::2026-09-20.18:22:35::SCWMssOS::/lib/xuartps.o ps7_cortexa9_0/lib/xuartps_g.o ps7_cortexa9_0/lib/xuartps_hw.o ps7_cortexa9_0/lib/xuartps_intr.o ps7_cortexa9_0/
TRACE::2026-09-20.18:22:35::SCWMssOS::lib/xuartps_options.o ps7_cortexa9_0/lib/xuartps_selftest.o ps7_cortexa9_0/lib/xuartps_sinit.o ps7_cortexa9_0/lib/xusbps.o ps7_
TRACE::2026-09-20.18:22:35::SCWMssOS::cortexa9_0/lib/xusbps_endpoint.o ps7_cortexa9_0/lib/xusbps_g.o ps7_cortexa9_0/lib/xusbps_hw.o ps7_cortexa9_0/lib/xusbps_intr.o 
TRACE::2026-09-20.18:22:35::SCWMssOS::ps7_cortexa9_0/lib/xusbps_sinit.o

TRACE::2026-09-20.18:22:35::SCWMssOS::'Finished building libraries'

TRACE::2026-09-20.18:22:35::SCWMssOS::Copying to export directory.
TRACE::2026-09-20.18:22:35::SCWMssOS:: Checking if to create the Supporting Applications
TRACE::2026-09-20.18:22:35::SCWMssOS:: No Linux domain exists, trying to generate FSBL 
LOG::2026-09-20.18:22:35::SCWSystem::Completed Processing the domain standalone_domain
LOG::2026-09-20.18:22:35::SCWSystem::Completed Processing the sysconfig axi_gpio_ext_platform
LOG::2026-09-20.18:22:35::SCWPlatform::Completed generating the artifacts for system configuration axi_gpio_ext_platform
TRACE::2026-09-20.18:22:35::SCWPlatform::Started preparing the platform 
TRACE::2026-09-20.18:22:35::SCWSystem::Writing the bif file for system config axi_gpio_ext_platform
TRACE::2026-09-20.18:22:35::SCWSystem::dir created 
TRACE::2026-09-20.18:22:35::SCWSystem::Writing the bif 
TRACE::2026-09-20.18:22:35::SCWPlatform::Started writing the spfm file 
TRACE::2026-09-20.18:22:35::SCWPlatform::Started writing the xpfm file 
TRACE::2026-09-20.18:22:35::SCWPlatform::Completed generating the platform
TRACE::2026-09-20.18:22:35::SCWMssOS::Saving the mss changes C:/Xilinx/ECE520/02-AXI_GPIO/axi_gpio_ext_jp/axi_gpio_ext_vitis/axi_gpio_ext_platform/zynq_fsbl/zynq_fsbl_bsp/system.mss
TRACE::2026-09-20.18:22:35::SCWMssOS::Found a swdesign opened with the mssfile.
TRACE::2026-09-20.18:22:35::SCWMssOS::Completed writemss as part of save.
TRACE::2026-09-20.18:22:35::SCWMssOS::Commit changes completed.
TRACE::2026-09-20.18:22:35::SCWMssOS::Saving the mss changes C:/Xilinx/ECE520/02-AXI_GPIO/axi_gpio_ext_jp/axi_gpio_ext_vitis/axi_gpio_ext_platform/ps7_cortexa9_0/standalone_domain/bsp/system.mss
TRACE::2026-09-20.18:22:35::SCWMssOS::Found a swdesign opened with the mssfile.
TRACE::2026-09-20.18:22:35::SCWMssOS::Completed writemss as part of save.
TRACE::2026-09-20.18:22:35::SCWMssOS::Commit changes completed.
TRACE::2026-09-20.18:22:35::SCWPlatform::Trying to open the hw design at C:/Xilinx/ECE520/02-AXI_GPIO/axi_gpio_ext_jp/axi_gpio_ext_vitis/axi_gpio_ext_platform/hw/axi_gpio_ext_jp_wrapper.xsa
TRACE::2026-09-20.18:22:35::SCWPlatform::DSA given C:/Xilinx/ECE520/02-AXI_GPIO/axi_gpio_ext_jp/axi_gpio_ext_vitis/axi_gpio_ext_platform/hw/axi_gpio_ext_jp_wrapper.xsa
TRACE::2026-09-20.18:22:35::SCWPlatform::DSA absoulate path C:/Xilinx/ECE520/02-AXI_GPIO/axi_gpio_ext_jp/axi_gpio_ext_vitis/axi_gpio_ext_platform/hw/axi_gpio_ext_jp_wrapper.xsa
TRACE::2026-09-20.18:22:35::SCWPlatform::DSA directory C:/Xilinx/ECE520/02-AXI_GPIO/axi_gpio_ext_jp/axi_gpio_ext_vitis/axi_gpio_ext_platform/hw
TRACE::2026-09-20.18:22:35::SCWPlatform:: Platform Path C:/Xilinx/ECE520/02-AXI_GPIO/axi_gpio_ext_jp/axi_gpio_ext_vitis/axi_gpio_ext_platform/hw/axi_gpio_ext_jp_wrapper.xsa
TRACE::2026-09-20.18:22:35::SCWPlatform:: Unique name xilinx:zybo-z7-10::0.0
TRACE::2026-09-20.18:22:35::SCWPlatform::Trying to set the existing hwdb with name axi_gpio_ext_jp_wrapper_1
TRACE::2026-09-20.18:22:35::SCWPlatform::Opened existing hwdb axi_gpio_ext_jp_wrapper_1
TRACE::2026-09-20.18:22:35::SCWPlatform::Found the Hw Db part of the input DSA
TRACE::2026-09-20.18:22:35::SCWMssOS::Checking the sw design at  C:/Xilinx/ECE520/02-AXI_GPIO/axi_gpio_ext_jp/axi_gpio_ext_vitis/axi_gpio_ext_platform/zynq_fsbl/zynq_fsbl_bsp/system.mss
TRACE::2026-09-20.18:22:35::SCWMssOS::DEBUG:  swdes dump  C:/Xilinx/ECE520/02-AXI_GPIO/axi_gpio_ext_jp/axi_gpio_ext_vitis/axi_gpio_ext_platform/ps7_cortexa9_0/standalone_domain/bsp/system.mss|system_0||
C:/Xilinx/ECE520/02-AXI_GPIO/axi_gpio_ext_jp/axi_gpio_ext_vitis/axi_gpio_ext_platform/zynq_fsbl/zynq_fsbl_bsp/system.mss|system||

TRACE::2026-09-20.18:22:35::SCWMssOS::Sw design exists and opened at  C:/Xilinx/ECE520/02-AXI_GPIO/axi_gpio_ext_jp/axi_gpio_ext_vitis/axi_gpio_ext_platform/zynq_fsbl/zynq_fsbl_bsp/system.mss
TRACE::2026-09-20.18:22:35::SCWPlatform::Trying to open the hw design at C:/Xilinx/ECE520/02-AXI_GPIO/axi_gpio_ext_jp/axi_gpio_ext_vitis/axi_gpio_ext_platform/hw/axi_gpio_ext_jp_wrapper.xsa
TRACE::2026-09-20.18:22:35::SCWPlatform::DSA given C:/Xilinx/ECE520/02-AXI_GPIO/axi_gpio_ext_jp/axi_gpio_ext_vitis/axi_gpio_ext_platform/hw/axi_gpio_ext_jp_wrapper.xsa
TRACE::2026-09-20.18:22:35::SCWPlatform::DSA absoulate path C:/Xilinx/ECE520/02-AXI_GPIO/axi_gpio_ext_jp/axi_gpio_ext_vitis/axi_gpio_ext_platform/hw/axi_gpio_ext_jp_wrapper.xsa
TRACE::2026-09-20.18:22:35::SCWPlatform::DSA directory C:/Xilinx/ECE520/02-AXI_GPIO/axi_gpio_ext_jp/axi_gpio_ext_vitis/axi_gpio_ext_platform/hw
TRACE::2026-09-20.18:22:35::SCWPlatform:: Platform Path C:/Xilinx/ECE520/02-AXI_GPIO/axi_gpio_ext_jp/axi_gpio_ext_vitis/axi_gpio_ext_platform/hw/axi_gpio_ext_jp_wrapper.xsa
TRACE::2026-09-20.18:22:35::SCWPlatform:: Unique name xilinx:zybo-z7-10::0.0
TRACE::2026-09-20.18:22:35::SCWPlatform::Trying to set the existing hwdb with name axi_gpio_ext_jp_wrapper_1
TRACE::2026-09-20.18:22:35::SCWPlatform::Opened existing hwdb axi_gpio_ext_jp_wrapper_1
TRACE::2026-09-20.18:22:35::SCWPlatform::Found the Hw Db part of the input DSA
TRACE::2026-09-20.18:22:35::SCWMssOS::Checking the sw design at  C:/Xilinx/ECE520/02-AXI_GPIO/axi_gpio_ext_jp/axi_gpio_ext_vitis/axi_gpio_ext_platform/ps7_cortexa9_0/standalone_domain/bsp/system.mss
TRACE::2026-09-20.18:22:35::SCWMssOS::DEBUG:  swdes dump  C:/Xilinx/ECE520/02-AXI_GPIO/axi_gpio_ext_jp/axi_gpio_ext_vitis/axi_gpio_ext_platform/ps7_cortexa9_0/standalone_domain/bsp/system.mss|system_0||
C:/Xilinx/ECE520/02-AXI_GPIO/axi_gpio_ext_jp/axi_gpio_ext_vitis/axi_gpio_ext_platform/zynq_fsbl/zynq_fsbl_bsp/system.mss|system||

TRACE::2026-09-20.18:22:35::SCWMssOS::Sw design exists and opened at  C:/Xilinx/ECE520/02-AXI_GPIO/axi_gpio_ext_jp/axi_gpio_ext_vitis/axi_gpio_ext_platform/ps7_cortexa9_0/standalone_domain/bsp/system.mss
TRACE::2026-09-20.18:22:35::SCWWriter::formatted JSON is {
	"platformName":	"axi_gpio_ext_platform",
	"sprVersion":	"2.0",
	"mode":	"gui",
	"dsaType":	"Fixed",
	"platformDesc":	"axi_gpio_ext_platform",
	"platHandOff":	"C:/Xilinx/ECE520/02-AXI_GPIO/axi_gpio_ext_jp/axi_gpio_ext_jp_wrapper.xsa",
	"platIntHandOff":	"<platformDir>/hw/axi_gpio_ext_jp_wrapper.xsa",
	"deviceType":	"zynq",
	"platIsPrebuiltAutogen":	"false",
	"platIsNoBootBsp":	"false",
	"hasFsblMakeHasChanges":	"false",
	"hasPmufwMakeHasChanges":	"false",
	"fsblExtraCompilerFlags":	"-MMD -MP       -mcpu=cortex-a9 -mfpu=vfpv3 -mfloat-abi=hard ",
	"platPreBuiltFlag":	false,
	"platformSamplesDir":	"",
	"platActiveSys":	"axi_gpio_ext_platform",
	"systems":	[{
			"systemName":	"axi_gpio_ext_platform",
			"systemDesc":	"axi_gpio_ext_platform",
			"sysIsBootAutoGen":	"true",
			"systemDispName":	"axi_gpio_ext_platform",
			"sysActiveDom":	"standalone_domain",
			"sysDefaultDom":	"standalone_domain",
			"domains":	[{
					"domainName":	"zynq_fsbl",
					"domainDispName":	"zynq_fsbl",
					"domainDesc":	"FSBL Application BSP - Auto Generated.",
					"processors":	"ps7_cortexa9_0",
					"os":	"standalone",
					"sdxOs":	"standalone",
					"debugEnable":	"",
					"domRuntimes":	["cpp"],
					"swRepo":	"",
					"mssOsVer":	"8.1",
					"mssFile":	"",
					"md5Digest":	"65693ccea2e90031f2dc4733d5bd991b",
					"compatibleApp":	"zynq_fsbl",
					"domType":	"bootDomain",
					"arch":	"32-bit",
					"appSettings":	{
						"appCompilerFlags":	"",
						"appLinkerFlags":	""
					},
					"addedLibs":	["xilffs:5.0", "xilrsa:1.6"],
					"libOptions":	{
						"libsContainingOptions":	[]
					},
					"prebuiltLibs":	{
						"prebuiltIncPath":	[],
						"prebuiltLibPath":	[]
					},
					"isolation":	{
					}
				}, {
					"domainName":	"standalone_domain",
					"domainDispName":	"standalone on ps7_cortexa9_0",
					"domainDesc":	"standalone_domain",
					"processors":	"ps7_cortexa9_0",
					"os":	"standalone",
					"sdxOs":	"standalone",
					"qemuArgs":	"<platformDir>/resources/axi_gpio_ext_platform/standalone_domain/qemu_args.txt",
					"qemuData":	"<platformDir>/resources/axi_gpio_ext_platform/standalone_domain/qemu",
					"debugEnable":	"False",
					"domRuntimes":	["cpp"],
					"swRepo":	"",
					"mssOsVer":	"8.1",
					"mssFile":	"",
					"md5Digest":	"a82e1019665bce3dce07707172bb4370",
					"compatibleApp":	"",
					"domType":	"mssDomain",
					"appSettings":	{
						"appCompilerFlags":	"",
						"appLinkerFlags":	""
					},
					"addedLibs":	[],
					"libOptions":	{
						"libsContainingOptions":	[]
					},
					"prebuiltLibs":	{
						"prebuiltIncPath":	[],
						"prebuiltLibPath":	[]
					},
					"isolation":	{
					}
				}]
		}]
}
KEYINFO::2026-09-20.18:22:35::SCWPlatform::updated the xpfm file.
TRACE::2026-09-20.18:22:36::SCWPlatform::Trying to open the hw design at C:/Xilinx/ECE520/02-AXI_GPIO/axi_gpio_ext_jp/axi_gpio_ext_vitis/axi_gpio_ext_platform/hw/axi_gpio_ext_jp_wrapper.xsa
TRACE::2026-09-20.18:22:36::SCWPlatform::DSA given C:/Xilinx/ECE520/02-AXI_GPIO/axi_gpio_ext_jp/axi_gpio_ext_vitis/axi_gpio_ext_platform/hw/axi_gpio_ext_jp_wrapper.xsa
TRACE::2026-09-20.18:22:36::SCWPlatform::DSA absoulate path C:/Xilinx/ECE520/02-AXI_GPIO/axi_gpio_ext_jp/axi_gpio_ext_vitis/axi_gpio_ext_platform/hw/axi_gpio_ext_jp_wrapper.xsa
TRACE::2026-09-20.18:22:36::SCWPlatform::DSA directory C:/Xilinx/ECE520/02-AXI_GPIO/axi_gpio_ext_jp/axi_gpio_ext_vitis/axi_gpio_ext_platform/hw
TRACE::2026-09-20.18:22:36::SCWPlatform:: Platform Path C:/Xilinx/ECE520/02-AXI_GPIO/axi_gpio_ext_jp/axi_gpio_ext_vitis/axi_gpio_ext_platform/hw/axi_gpio_ext_jp_wrapper.xsa
TRACE::2026-09-20.18:22:36::SCWPlatform:: Unique name xilinx:zybo-z7-10::0.0
TRACE::2026-09-20.18:22:36::SCWPlatform::Trying to set the existing hwdb with name axi_gpio_ext_jp_wrapper_1
TRACE::2026-09-20.18:22:36::SCWPlatform::Opened existing hwdb axi_gpio_ext_jp_wrapper_1
TRACE::2026-09-20.18:22:36::SCWPlatform::Found the Hw Db part of the input DSA
TRACE::2026-09-20.18:22:36::SCWMssOS::Checking the sw design at  C:/Xilinx/ECE520/02-AXI_GPIO/axi_gpio_ext_jp/axi_gpio_ext_vitis/axi_gpio_ext_platform/ps7_cortexa9_0/standalone_domain/bsp/system.mss
TRACE::2026-09-20.18:22:36::SCWMssOS::DEBUG:  swdes dump  C:/Xilinx/ECE520/02-AXI_GPIO/axi_gpio_ext_jp/axi_gpio_ext_vitis/axi_gpio_ext_platform/ps7_cortexa9_0/standalone_domain/bsp/system.mss|system_0||
C:/Xilinx/ECE520/02-AXI_GPIO/axi_gpio_ext_jp/axi_gpio_ext_vitis/axi_gpio_ext_platform/zynq_fsbl/zynq_fsbl_bsp/system.mss|system||

TRACE::2026-09-20.18:22:36::SCWMssOS::Sw design exists and opened at  C:/Xilinx/ECE520/02-AXI_GPIO/axi_gpio_ext_jp/axi_gpio_ext_vitis/axi_gpio_ext_platform/ps7_cortexa9_0/standalone_domain/bsp/system.mss
